rssi,request_count,connection_duration,device_type,manufacturer_known,packet_rate,anomaly_score,attack
-44,5,88,5,1,41.28682798964728,0.18340450985343382,0
-38,4,188,3,1,42.122452892327786,0.9832308858067882,1
-93,3,89,4,1,47.89672253964488,0.230893825622149,0
-36,2,206,1,0,49.502098999001824,0.662522284353982,1
-94,3,218,4,1,53.27957474080794,0.9218742350231168,1
-34,5,41,5,1,63.22641558422916,0.07455064367977082,1
-87,2,139,3,1,63.414984951631425,0.07404465173409036,0
-55,6,172,3,1,61.32496695867104,0.38292687475378984,0
-49,7,179,1,1,63.552987359387636,0.24929222914887494,0
-81,3,86,4,1,50.285004965932245,0.808120379564417,0
-39,3,128,2,0,60.86124877288815,0.2721322493846353,1
-69,3,137,5,1,46.16353044561586,0.2694123337985215,0
-72,8,113,5,0,51.535215238245,0.5026790232288615,1
-42,3,53,4,1,43.510860791779805,0.552893089071328,0
-28,3,98,3,1,43.35796482641537,0.5081987767407187,1
-93,2,147,4,1,55.67339922111278,0.17436642900499144,0
-63,8,144,2,1,24.342056322124535,0.9962536997579243,1
-84,7,161,4,0,51.78467737843978,0.16162871409461377,1
-58,7,163,5,0,35.379774946590175,0.3253996981592677,1
-76,7,158,5,1,61.806269056136784,0.906098787718554,1
-69,6,35,1,0,49.82625020327009,0.2795603417967586,1
-90,1,280,5,1,52.85898057671784,0.9666548190436696,1
-36,5,281,2,1,59.451124079015116,0.09717649377076854,1
-64,4,104,1,0,76.44406208454842,0.7089109969101186,1
-57,12,92,2,0,42.71954678256345,0.46559801813246016,1
-33,5,101,1,1,51.22811209079484,0.2715429158197419,1
-91,5,144,5,1,30.381285504959372,0.7440426429991154,0
-34,4,290,1,1,20.141006756339543,0.27993389694594284,1
-80,4,154,3,1,56.657291422193424,0.4741738290873252,0
-48,4,246,5,1,61.61951080144005,0.26089362334171395,0
-86,5,247,2,0,59.70744045180566,0.575474177875879,1
-46,7,285,5,0,51.89142241736044,0.37725908322797586,1
-61,5,196,2,1,63.493998131498756,0.7350710438038858,0
-75,7,96,5,0,54.60949281314914,0.6798447799002458,1
-73,7,233,3,0,54.86249528732663,0.9506071469375561,1
-80,7,42,2,0,48.047854184484734,0.5495288823237355,1
-91,10,283,2,0,26.27519111578182,0.5813054172267823,1
-31,7,167,3,0,51.18513521366085,0.3302525290190985,1
-29,8,191,4,0,44.85198145053248,0.9632225394406113,1
-52,5,164,3,1,56.865146816432585,0.07543454708976927,0
-49,6,12,2,1,48.336020965557346,0.6201325978015367,0
-88,4,41,4,1,64.64463689721654,0.6981617140197451,0
-79,4,35,5,1,75.27027446908431,0.9191765518355596,1
-86,3,289,1,1,24.04527034363733,0.9852860506655043,1
-85,8,6,4,1,72.74349984400844,0.944765729882428,1
-79,3,260,1,1,54.68687721646921,0.6181282404578958,0
-57,9,207,5,1,35.52614809129843,0.13637147558676976,0
-58,6,30,2,1,60.29077189997659,0.9495206236576421,1
-92,4,262,5,1,55.63382101987468,0.34156321045654503,0
-73,2,8,4,0,29.42615930415314,0.3456672833238632,1
-29,7,22,5,1,17.812148602250872,0.8942172628959257,1
-47,5,107,5,0,57.69411876187243,0.8683011070355868,1
-88,4,28,2,1,58.648354445836496,0.5116774421156661,0
-78,4,202,1,1,54.66875231815304,0.08920432871205619,0
-52,5,228,2,1,72.19150891743237,0.37877262595128935,0
-90,6,277,4,1,79.79204609340324,0.08788762454014387,0
-72,5,220,3,1,41.34843004147501,0.17088758739006582,0
-45,8,20,1,1,61.33086838738634,0.7072300956444445,0
-82,4,161,2,1,79.95512235264418,0.20173046233023584,0
-56,7,69,4,1,79.75988191527401,0.12429722348554473,0
-87,4,267,1,1,57.741870928665364,0.1864049867881441,0
-70,9,153,1,1,57.132404621737614,0.3838912213732114,0
-43,6,15,5,1,57.1937138664963,0.9976926159238433,1
-39,3,86,2,1,73.74546190934802,0.8767656367617495,1
-58,7,173,2,0,69.95657844903624,0.7161790747329522,1
-69,5,218,5,0,79.98975809374707,0.1007946030158865,1
-36,4,127,2,1,40.551925315688266,0.07732106548878726,1
-56,4,182,1,1,47.247962696053044,0.3114442640456412,0
-56,6,244,1,1,49.0178396936381,0.48083697808907355,0
-79,3,25,4,1,62.11126041624202,0.9148459010681,1
-47,4,84,1,0,38.01334143762102,0.9968742518459474,1
-47,5,158,5,1,47.53196512925456,0.3777259474401693,0
-80,5,114,3,0,54.34763396252702,0.9461154621336327,1
-64,9,255,5,1,46.17768097441453,0.33927124589619095,0
-29,11,7,2,0,54.89199533363177,0.42142455059249795,1
-94,5,20,5,1,31.233296354220457,0.7738345232013403,0
-87,6,215,1,1,75.52143865289257,0.6988458531609044,0
-71,5,215,5,0,51.31549224292604,0.914298806560499,1
-54,6,27,1,0,36.40131990471439,0.6330980633574476,1
-43,5,193,3,0,62.66663526544053,0.7709859255354785,1
-67,5,98,5,1,54.46640376377596,0.1620138778915846,0
-34,5,129,1,1,24.206884899316695,0.5982860582681546,1
-71,6,44,3,1,30.209781662938916,0.5419009473783581,0
-88,8,26,2,1,46.60632171486986,0.9993534995658349,1
-70,4,176,2,1,59.85325049336514,0.054882614646474925,0
-78,8,39,1,1,61.874737218841865,0.6616551750805415,0
-83,4,170,2,0,51.23425983913136,0.9390676985128962,1
-57,1,245,4,1,65.98220562598027,0.8736771141863388,1
-86,4,142,2,0,20.994825483386595,0.6796472826930698,1
-84,10,72,4,1,31.889062525304382,0.230569195805019,0
-39,4,47,1,1,59.47169440300907,0.2602333679515273,1
-61,5,89,1,1,86.80763261218564,0.8601268164179238,1
-85,8,226,4,1,63.26151254838769,0.4958757350787708,0
-26,4,224,5,1,35.7397431289201,0.5713189419195741,1
-56,12,188,5,1,47.493228795247184,0.3351188542591419,1
-66,1,258,5,1,52.20070529649984,0.00638587171683358,0
-83,7,74,1,1,68.134729161597,0.9320281055100175,1
-74,5,193,2,0,28.377586279045772,0.8524146591986477,1
-82,5,33,3,0,60.17449116788062,0.10219361969371898,1
-57,6,195,1,1,49.27955703928735,0.03130231374751624,0
-75,9,281,4,1,87.73319311811338,0.15924573827926447,1
-79,2,50,4,0,25.153794417872653,0.7967978278640275,1
-52,5,273,4,0,27.698438259494957,0.16082546907819006,1
-94,3,274,2,1,54.74639109573626,0.6000205481193037,0
-64,7,46,4,1,46.68553739255504,0.3264613082439919,0
-94,5,166,2,1,50.40328758491796,0.8005866991090829,0
-52,3,262,1,0,77.17970186202308,0.8709691237460856,1
-46,9,188,2,1,55.36888593037653,0.7248265598740583,0
-84,5,221,5,1,94.47515527581083,0.7192017782722638,1
-74,4,93,1,1,48.55056640065169,0.17419333657825364,0
-65,9,228,2,1,58.99675783947094,0.9921333163406724,1
-38,6,240,2,0,67.00320161754058,0.9713950940416396,1
-59,7,145,3,1,65.70513761964972,0.009030404129550251,0
-31,5,270,2,1,45.57106650938466,0.6693904014593614,1
-95,6,175,5,1,60.608175245185734,0.44636864651258557,0
-90,2,130,1,1,64.55448330890091,0.9366056922949615,1
-67,3,161,1,1,36.78339275710308,0.4798970815920732,0
-53,1,285,1,1,74.23937755008116,0.25422457989749325,0
-53,3,234,4,1,40.64346558956292,0.8681422543775054,1
-49,8,289,1,0,78.71047030800179,0.6588854702326572,1
-43,5,161,1,1,44.9823874046488,0.2886855955306381,0
-28,9,89,5,1,53.0928647304399,0.3664615348713979,1
-81,5,267,3,0,69.03765773814693,0.5004453091307415,1
-70,6,228,3,1,60.466056922241805,0.8129857387160935,0
-53,1,117,4,1,32.199543234681,0.19715412657287734,0
-83,3,52,3,1,72.96098588806993,0.5322602133390402,0
-88,5,263,4,0,77.6993975124571,0.10687692309474384,1
-54,3,172,5,1,53.33424076187426,0.951403342206657,1
-74,7,208,1,0,39.22389101646204,0.8226143185136784,1
-36,5,49,3,1,63.42386565416662,0.47289196563318214,1
-75,1,143,3,1,26.945780599605193,0.39090599590551467,0
-39,6,241,3,1,54.016268365466935,0.12839428945412523,1
-77,7,70,1,1,68.57824932367899,0.6696026161339619,0
-52,6,130,4,1,46.77601241021912,0.5577834173700249,0
-66,6,106,1,1,49.69971650983357,0.38252628024400825,0
-73,8,231,1,1,55.75417956181898,0.5068384318204826,0
-82,3,258,3,0,69.65109641656778,0.2797035384714792,1
-70,8,82,5,1,50.58745856542788,0.8779743204450695,1
-66,4,163,2,0,60.684072342588166,0.5751633504966249,1
-42,5,25,5,1,51.80338450151319,0.06817230938549357,0
-28,6,146,5,0,31.854578857383387,0.6195879548978296,1
-36,4,267,2,0,58.998930949943066,0.6950352288585532,1
-87,2,263,4,1,30.88446880430932,0.232645538562681,0
-44,7,155,4,1,59.39114638261726,0.1768871451438544,0
-91,1,219,5,0,62.946503392559464,0.13710970572899905,1
-57,5,160,4,1,38.05339728410631,0.2658511366543135,0
-85,4,52,4,1,56.64209571531373,0.8595652316469458,1
-54,9,232,5,1,68.08890211424881,0.4954521034609818,0
-88,5,87,5,0,66.39602879919816,0.10536753395280596,1
-79,7,261,5,1,58.63054440788563,0.7643726622217359,0
-32,5,49,4,1,59.62531155731975,0.5303021332491583,1
-34,4,269,5,1,68.36940630839499,0.5207681418342127,1
-64,4,153,3,1,33.28286259692982,0.2737913075141065,0
-52,8,149,4,0,44.46530832335117,0.32005983252098347,1
-74,3,29,5,1,42.07074977375365,0.505852692951829,0
-52,9,111,2,1,58.7954602813264,0.8117522168657099,0
-91,6,231,3,0,67.94947229968477,0.5542265141320166,1
-38,2,20,3,1,40.85325643520927,0.8419703714967087,1
-26,9,202,4,0,28.33163834712804,0.8742624706102378,1
-82,4,24,2,1,25.080807600833484,0.602145644052481,0
-36,3,109,4,1,64.21738704255824,0.5172690564416094,1
-48,4,113,3,1,60.23051675065889,0.7665885239716433,0
-39,6,78,4,1,78.26879458901914,0.18447625313363936,1
-35,8,35,2,1,73.14865292408284,0.8419335667918086,1
-59,5,295,2,1,45.88657464418203,0.9226230580877897,1
-60,1,106,4,0,35.01030863524794,0.2756123386789454,1
-82,5,228,3,0,13.636396095905873,0.3473433262588427,1
-81,5,142,1,1,63.26068094541574,0.9795508403817569,1
-27,7,178,5,0,59.494426272647395,0.5612227882825249,1
-72,3,86,1,1,43.25635942662078,0.08172534574677826,0
-26,5,144,3,1,39.33859844676232,0.5125026487703317,1
-36,9,232,5,1,51.10655161830329,0.16161981128587144,1
-82,4,248,3,1,47.29280129614062,0.10547369995663058,0
-44,4,268,2,0,97.8966135176729,0.35667097414176474,1
-55,7,268,2,1,44.97837001840189,0.18422483923802613,0
-64,4,32,1,1,43.94527305137005,0.5052067735766382,0
-80,8,25,3,1,58.69449759820363,0.07940658464302952,0
-91,7,213,2,1,54.886944748732496,0.8798219139516953,1
-66,4,180,2,1,74.23063534204162,0.6511475848816741,0
-48,5,272,2,1,45.1651929618299,0.6863271966860974,0
-68,4,128,3,1,20.958270294820675,0.21264437637109612,0
-39,10,91,2,1,51.88770454429036,0.4603582712019263,1
-34,4,270,2,1,55.823639716780164,0.9727763228920858,1
-93,5,121,4,1,39.553703106160945,0.44984220797255925,0
-58,2,265,1,1,61.99912852913075,0.2972378077086172,0
-37,6,120,5,1,25.755340873451182,0.28529033835731643,1
-84,7,201,5,0,42.23131024919315,0.9106765794351396,1
-50,9,28,4,1,53.61572715662248,0.4876670686212644,0
-30,6,61,4,1,47.07053456626859,0.469641774680709,1
-39,4,177,5,1,54.569927430471225,0.8541359976505043,1
-34,6,233,1,1,62.74575134606917,0.5315994646044309,1
-37,6,1,4,1,41.37065435145845,0.8822585560948476,1
-35,6,174,5,1,62.27945992669848,0.8003548790234066,1
-60,4,243,1,1,31.924947183514586,0.668572646722914,0
-30,4,39,4,0,69.97218211096693,0.5299915229264187,1
-93,2,268,3,1,61.42705667130175,0.08439238054454234,0
-34,8,122,4,0,36.06530068516062,0.5792663538205268,1
-55,7,156,5,1,17.658484529377752,0.04477845050466822,0
-31,2,126,3,1,64.47277449646187,0.36459372819754,1
-40,5,67,3,0,74.23374235322348,0.09930220275369295,1
-50,2,262,3,0,33.558154628928975,0.8354802363823276,1
-59,9,278,4,1,49.46006882034137,0.47787844802224244,0
-83,6,21,4,1,31.375756703059587,0.5829844261646024,0
-83,8,8,4,1,52.493984688511,0.7108847166823191,0
-77,5,246,3,1,52.42036886963762,0.4667820772311879,0
-84,6,228,3,0,44.07803655613854,0.7617981913776972,1
-81,10,116,5,1,58.90335083421293,0.6265925110932102,0
-65,6,277,4,1,5.894170480035797,0.278759872414553,0
-40,6,67,1,1,40.79304684735685,0.00566581452956727,0
-88,7,260,3,1,52.839318413533334,0.11099809879131484,0
-36,2,83,3,1,39.261247238622005,0.8420744373985792,1
-80,5,215,3,0,55.04240069414062,0.5832574924561156,1
-57,6,183,2,1,40.26629178091252,0.6826172212234024,0
-82,4,260,5,1,52.83638740758578,0.7206551452831133,0
-84,4,204,1,1,50.00310597377295,0.046851908527603126,0
-58,5,156,3,1,49.860495182920786,0.1299299245357013,0
-87,8,186,2,1,37.36399276194805,0.2542313837486956,0
-83,2,281,1,0,56.15713765841684,0.7818238633449356,1
-84,6,256,3,1,68.52682732922793,0.8503480011198954,1
-80,6,216,4,1,45.198620285834146,0.31562734376335,0
-52,5,49,2,1,54.475661789017686,0.24188888355414595,0
-72,5,268,4,0,40.47639620386377,0.4640951594535039,1
-36,5,283,5,0,27.129418250182912,0.18173919070946298,1
-89,1,33,2,0,29.6966021579841,0.6418599588553554,1
-84,0,43,5,1,60.05329845916008,0.4579957590035715,0
-37,2,98,2,1,60.15449581009307,0.747444406596694,1
-52,7,233,1,0,44.37205429514094,0.6224136415659967,1
-86,5,49,4,1,45.23427354865649,0.7249811699240525,0
-39,3,5,4,1,33.66379825778293,0.9579341210567704,1
-69,9,3,5,1,47.66267788506346,0.8976746726779566,1
-63,5,68,3,1,58.20042985648813,0.5225397167320532,0
-85,4,260,4,1,48.31064256105821,0.9078987937796194,1
-79,7,39,1,0,72.26174042803947,0.4988956645359419,1
-87,5,170,4,0,55.3342002317849,0.514683617121439,1
-48,2,141,5,0,38.63011666221989,0.9195310246560497,1
-95,3,117,3,0,26.50475400553861,0.4443653492415144,1
-79,5,58,2,1,50.21409601754651,0.22085278296300892,0
-91,1,237,1,1,35.690908709050326,0.5816222929891935,0
-85,5,154,5,1,48.08676319433699,0.4975398521461022,0
-88,4,271,3,1,72.66732395371021,0.40941207181701833,0
-72,5,290,1,1,47.49205785391472,0.5467005205567683,0
-55,0,249,4,1,59.992490982074926,0.054634420000972295,0
-86,2,212,3,1,66.60485619467754,0.6406355928025865,0
-55,6,47,4,1,36.391099298583164,0.7542482596820808,0
-42,5,255,1,0,45.128397900812374,0.36171025485958064,1
-48,5,292,1,1,84.50593464027756,0.8275063198732212,1
-81,8,141,4,1,56.59251845930339,0.7270567616153901,0
-49,6,43,4,0,61.68404755268171,0.7975473605371994,1
-63,7,193,5,1,46.43084678979388,0.8000034817636814,0
-77,4,151,2,1,54.035361022063,0.672702994208898,0
-89,6,113,4,0,34.559427377268925,0.6212924490496101,1
-91,4,19,5,0,29.709945712346983,0.20540140847802935,1
-57,7,29,2,1,56.07371148438694,0.10312136240807579,0
-38,5,204,3,1,49.364965127026444,0.5167899391281582,1
-61,5,157,4,0,52.959908938928166,0.6236487782902661,1
-30,1,134,3,1,37.80908064622352,0.7066298698787096,1
-48,3,65,3,0,58.27214412859285,0.20263263413534316,1
-74,4,7,1,1,55.10883824600745,0.9396515112935082,1
-86,5,283,2,0,54.74810489912948,0.43402097270875883,1
-81,8,39,1,1,52.84491315595131,0.050018576821112215,0
-44,1,69,3,0,48.99232564925967,0.7327334747861651,1
-38,7,174,3,1,39.26360016333872,0.742881493667939,1
-88,5,284,1,1,66.60447149453962,0.45434542306765513,0
-35,7,63,3,1,59.61779993616605,0.20109872744266744,1
-89,3,3,2,1,72.31590553487399,0.9425313075201167,1
-29,4,283,2,1,51.279219769486076,0.3568859751711102,1
-33,6,177,2,0,38.92196861748221,0.9035584434325303,1
-90,9,285,5,1,33.61931300823561,0.7219292275156795,0
-73,7,126,3,1,66.78322430447598,0.11841503917593188,0
-68,3,118,4,1,77.50883978290675,0.9862466719514015,1
-87,6,141,1,1,34.791560715611936,0.6056378893234114,0
-32,10,171,1,1,51.28530742105038,0.4081190568259231,1
-67,3,156,1,1,55.581582089102945,0.8433261677878832,0
-45,6,30,1,1,55.83738793501893,0.9017740285462287,1
-48,2,239,1,1,52.319126442811665,0.9817073425211416,1
-30,4,3,3,1,67.70068053216755,0.37448039996801696,1
-36,3,235,2,1,46.97762699078723,0.8044946424318223,1
-35,1,136,1,1,49.90218027155813,0.7819599771579592,1
-51,3,211,4,1,43.354339683072766,0.8904095172193285,1
-67,6,62,2,1,42.80760548901135,0.4149712154000782,0
-85,3,94,4,1,55.689213077339744,0.5846680901658248,0
-46,8,129,5,1,74.13611258709923,0.46311471383751146,0
-83,8,204,1,1,55.244750709495406,0.03897932066113041,0
-46,7,264,3,1,26.52795842956917,0.7068378557805411,0
-58,7,143,5,1,45.56122368474673,0.013698550408914545,0
-48,1,114,1,1,66.49066082273677,0.03893801668766561,0
-38,10,211,3,1,55.51473939487133,0.2116358985698612,1
-45,10,75,5,1,18.49960238522564,0.05439074852231118,0
-37,6,214,2,1,44.97293328242822,0.01914486799683668,1
-63,8,293,1,0,55.135067517344325,0.9213075122129755,1
-70,4,209,4,1,54.979138350002955,0.211231831472931,0
-51,6,293,2,1,61.98768229858099,0.6030395550532833,0
-39,4,119,4,1,46.9121085367949,0.07103488904400213,1
-38,3,52,5,1,38.80132480189641,0.9853038322872855,1
-56,1,110,5,0,44.27713791212641,0.3553197484738877,1
-83,3,166,2,1,41.29784522745836,0.7066755336776999,0
-50,4,112,4,1,48.791003760548584,0.3064634680428203,0
-39,4,18,3,1,37.50415914498862,0.6642017130717857,1
-81,1,13,1,1,11.847527255667899,0.656055021975704,0
-52,4,295,4,1,79.80696456005158,0.5138507345765979,0
-83,11,120,4,0,49.541314707447995,0.4065567838081042,1
-74,8,287,5,1,67.5954880073856,0.17512314013035324,0
-55,7,205,1,0,18.69459472096897,0.09377652625701649,1
-38,7,156,1,1,41.23073404014201,0.615253653282414,1
-79,7,116,1,1,43.50648771822279,0.6263223516561951,0
-66,4,98,1,1,54.71673376027943,0.4656825417622795,0
-39,5,103,3,1,54.179287880988774,0.8564934027625736,1
-56,3,192,3,1,28.589996157268022,0.7752440518349493,0
-85,3,156,3,1,32.4160932066275,0.8481092350156301,0
-59,5,288,1,1,67.2031879887785,0.6226895409497974,0
-38,4,296,1,1,42.9734922757945,0.9286305621153941,1
-69,3,142,5,1,32.67957886050701,0.5015179603501664,0
-72,8,271,3,0,35.766252187627444,0.40240625929931173,1
-46,6,149,1,1,76.21044796873338,0.8224946492902271,0
-34,4,25,5,1,25.959857827121088,0.04524918901888786,1
-49,2,227,3,1,31.766030060686276,0.5605798090010486,0
-44,3,237,5,1,72.74591082880359,0.03244344604718696,0
-66,7,94,1,0,59.03177480588725,0.7820507692637583,1
-40,2,76,1,1,58.34829686800637,0.2528581182501112,0
-33,6,273,1,1,29.96777646350163,0.1560358113399769,1
-58,7,241,5,0,47.8698858045571,0.6016821640182961,1
-49,7,44,3,1,38.61721803443543,0.04404037938846439,0
-61,3,44,5,1,73.94072737093333,0.531661023764483,0
-82,4,190,4,1,44.64892155111458,0.1682036557665182,0
-30,9,286,2,1,32.50643159211041,0.8935945864501316,1
-73,8,96,1,1,18.262376521501594,0.5730422006190157,0
-33,1,96,4,1,39.16455890766501,0.8571916570595887,1
-26,4,3,1,1,40.02695686064029,0.6595059816513271,1
-78,4,47,4,1,32.57324234131454,0.1709364024208483,0
-71,5,116,2,0,45.752916548843494,0.2349942775346916,1
-75,4,121,2,1,44.17853139350599,0.00968688274096774,0
-37,1,239,2,1,29.165222957413132,0.3976844144330547,1
-94,4,63,4,1,56.483944259512334,0.22431855885352625,0
-60,6,270,2,1,57.05066281052303,0.8706338814834905,1
-59,5,165,3,1,75.28498137338026,0.3465587598165476,0
-94,3,45,3,1,55.12550575446406,0.19343534295648257,0
-34,4,38,4,1,57.747759265968654,0.8243504472493495,1
-91,5,298,1,0,64.59494817999501,0.988420993963481,1
-77,7,138,2,1,50.13566312298447,0.6448612228149799,0
-57,5,95,1,1,81.55597876724464,0.9919627472386433,1
-31,6,171,3,1,67.75240500334891,0.5942418273085972,1
-30,1,182,4,0,32.32938698935429,0.768581330913202,1
-86,5,208,5,1,37.29723550811953,0.4785283699195225,0
-30,2,10,1,0,68.74428357945,0.027852240821074403,1
-36,9,280,5,0,52.94456625386533,0.3409585714355583,1
-38,4,217,1,1,38.03279377493996,0.6144857775116312,1
-58,1,123,3,1,37.966965736456984,0.4423665331024188,0
-26,6,44,2,1,44.36934566610368,0.894265118256414,1
-53,0,287,3,1,67.55298063794905,0.9576316462725879,1
-61,8,96,3,1,52.014447458716894,0.9767943728275862,1
-67,1,20,3,1,31.894675282141765,0.4027037209945602,0
-67,7,276,1,1,33.87031410426143,0.42593770846693946,0
-77,3,86,4,1,65.67876522309616,0.19624571670616564,0
-54,5,240,3,1,55.246542809090876,0.5443448876343211,0
-85,5,230,1,1,73.84758467271025,0.3648224702077987,0
-85,15,122,3,1,58.611068313410016,0.5504717771029405,1
-51,4,164,3,1,32.700013951913824,0.11514617839520114,0
-45,0,47,5,1,24.689834793339344,0.648233468807846,0
-58,4,138,1,1,23.0489298053292,0.3380844093662614,0
-95,2,132,3,1,72.35569205289472,0.21491653138671918,0
-46,5,283,1,1,38.438944104487064,0.15144552193535732,0
-37,6,278,3,1,43.395548193386624,0.9157882394541271,1
-60,6,70,4,0,56.539630842500685,0.5806452259096341,1
-66,4,246,5,0,12.016308721704718,0.22669065207492367,1
-34,2,172,2,1,46.484976334369044,0.21633277763082703,1
-63,4,98,5,0,62.11167077012527,0.2181743295932732,1
-90,2,251,4,1,49.77594834018852,0.021021106726217154,0
-74,4,295,2,0,44.977272745928296,0.4418337048019546,1
-93,3,111,5,1,44.84176707781006,0.19416286904608226,0
-49,2,16,5,1,58.62549552663528,0.2018418353637581,0
-81,8,12,1,0,50.783877357462245,0.2458474424934003,1
-73,6,92,3,1,34.09092400405099,0.7659715748551791,0
-87,2,249,2,0,50.78477821733725,0.9631590270650665,1
-51,2,66,2,1,57.362427509271434,0.47508987286676807,0
-33,10,214,3,1,41.689170598808246,0.57835976311654,1
-77,2,37,2,1,73.98735026792922,0.6522751108990502,0
-56,6,46,4,1,24.049493908470627,0.12757017457137088,0
-31,7,103,3,1,78.24913651116593,0.2101071929123518,1
-49,3,134,3,1,70.64744675029307,0.7350251861898234,0
-51,4,25,2,0,54.69698210019733,0.49623922190081393,1
-58,2,259,5,1,53.49180114410245,0.5505316805962256,0
-61,2,126,3,1,38.6485403447611,0.31607768384326407,0
-77,5,236,2,1,81.87157104525443,0.4264997472418611,1
-48,5,15,4,1,69.97008592982604,0.6688765310406853,0
-87,6,111,2,1,44.03731041635207,0.6384887847991355,0
-33,4,164,5,1,45.263264353397446,0.23906638407502967,1
-44,6,179,5,1,35.2129428699826,0.6717088592440608,0
-83,5,192,5,0,45.73767353106804,0.40532536064695335,1
-34,9,144,3,0,64.85357680557775,0.8754886503958965,1
-33,7,174,3,1,41.195514693615166,0.11995294173096982,1
-68,9,59,1,1,38.5974041732717,0.646837228926381,0
-61,3,219,4,0,52.66875210514809,0.8205521392557188,1
-54,8,99,4,1,56.7539995195923,0.14199425935208465,0
-72,4,27,2,1,53.289644533702614,0.2705592564879914,0
-93,8,79,4,1,44.4545441604337,0.4625935471051531,0
-65,2,209,5,1,44.52352665889005,0.5953663701568727,0
-35,6,130,4,1,63.44882981354028,0.995734452051323,1
-27,1,105,5,0,24.916253381490222,0.4186951433276842,1
-39,5,251,1,1,48.200880895602914,0.11914067199604816,1
-92,4,228,4,1,61.10610683565856,0.23272834891555183,0
-40,7,182,3,0,41.77829077661413,0.8080678171160226,1
-78,7,9,3,1,50.621856817011334,0.9540422650780858,1
-40,3,65,1,0,29.912573966952774,0.42815517303011985,1
-39,6,98,1,1,52.39615050576117,0.06022694490029745,1
-79,7,114,5,0,48.614879555122215,0.7378804151687424,1
-80,2,65,4,1,30.63816700774111,0.909202136206487,1
-37,4,206,3,1,46.47310501176332,0.829821264717285,1
-74,4,45,1,0,29.57791495800906,0.2739880994699718,1
-89,7,97,5,1,32.35739995167829,0.14602101929696254,0
-55,13,97,2,1,57.31340445630078,0.6577653832726,1
-45,7,130,4,1,30.272483863577136,0.41236648727468106,0
-33,5,120,1,0,44.29852154734516,0.9108262646863152,1
-94,4,94,2,1,65.0507414632991,0.5539932555031309,0
-79,4,157,4,1,51.82722058662287,0.7379277689988003,0
-49,3,247,3,0,79.29954883618987,0.26175110013448244,1
-47,8,55,2,1,48.068969907081154,0.7939351334518513,0
-89,3,129,1,0,47.618874098459415,0.5834215190184351,1
-90,5,26,1,1,40.742972373464156,0.2160314403930722,0
-44,9,149,4,1,29.255975745248282,0.38769515483900674,0
-48,8,238,5,1,32.28644822643792,0.11938101133819679,0
-84,6,53,3,0,70.62198371844748,0.2741203638192007,1
-93,5,149,1,1,33.548212438259796,0.8579349139973288,1
-61,4,34,1,1,51.93705429717759,0.8115720043515481,0
-95,8,262,5,1,47.35466995371976,0.6233795659599071,0
-84,6,253,2,0,20.36768343174294,0.9328676901266331,1
-89,6,145,3,1,61.26649181760965,0.48501798752404124,0
-86,4,289,3,1,45.79843213730043,0.8456673490987714,0
-54,3,282,1,0,74.33956307053126,0.03646105082561846,1
-44,6,229,2,1,44.20317153866112,0.6537867511244616,0
-66,8,210,5,0,63.59848641025552,0.20146392105353295,1
-42,3,18,1,1,34.04531184905084,0.5153051879943767,0
-38,2,156,2,1,39.58275686206673,0.6032130620995043,1
-94,1,88,4,0,71.93293908076456,0.40641653657401866,1
-83,5,127,4,1,56.72953646771791,0.3009663196316217,0
-26,3,221,5,1,44.17479592548263,0.2035348738868964,1
-35,4,90,5,1,45.415713333975305,0.03739699040879729,1
-87,9,42,4,1,58.41339084022709,0.9236648375496527,1
-45,4,10,4,1,31.19913243163768,0.9185216027705179,1
-60,7,226,1,1,33.31054158142792,0.24254427658297073,0
-68,2,234,1,0,49.509645244981954,0.3547972896563887,1
-61,2,294,4,1,52.04206610196931,0.00735304455442698,0
-65,7,27,4,1,10.689935604784203,0.29494582404234204,0
-66,5,196,4,0,53.346368375898415,0.05461030321346905,1
-68,6,19,5,0,68.93734842315425,0.009543353067226645,1
-28,2,42,1,0,48.51662851404612,0.7096713435045244,1
-36,6,145,5,0,64.6351751815723,0.18879402777344445,1
-44,3,161,5,1,47.6012596574684,0.5355424730977982,0
-86,7,182,1,1,64.04756175095733,0.14281430447286736,0
-78,9,55,4,1,46.15488982441262,0.9665584393805441,1
-26,3,275,3,1,41.92928362264792,0.5701816317546939,1
-54,3,63,4,1,56.27865023990124,0.9558431471751637,1
-57,6,152,5,1,45.09479471009767,0.9902851705849413,1
-84,3,129,4,0,49.06445990845019,0.5138665257132716,1
-69,5,96,4,1,47.33505115962407,0.8447975811881461,0
-64,7,38,3,1,44.28505391099914,0.9667342275351081,1
-61,7,159,4,0,58.19410414336499,0.1064117629028446,1
-95,4,146,2,1,54.344805473146366,0.241601276435763,0
-34,0,252,3,0,50.688071673268475,0.6768722758275765,1
-26,7,3,2,0,49.560482851725965,0.22009006604727244,1
-83,3,134,3,1,38.48256102189204,0.7040314525916569,0
-75,5,291,4,1,53.351354633701845,0.012596401271786961,0
-90,4,180,2,1,44.44828707659129,0.6933775385188524,0
-74,7,181,5,1,56.331628902348584,0.2746658697879054,0
-93,5,67,3,1,73.35322754820038,0.2964448877441531,0
-26,4,199,1,1,42.44953860124238,0.621106324910203,1
-58,7,239,5,0,37.0309678832301,0.6389630219732846,1
-59,4,82,1,0,44.681644569544844,0.5241962710633074,1
-83,6,128,2,1,89.47160608139777,0.13353423316074942,1
-27,7,179,4,1,57.02862604930942,0.654220462029013,1
-38,3,66,3,0,69.74819258277034,0.6809532914035762,1
-31,6,210,4,1,54.03445271184971,0.4636220743434498,1
-35,11,26,5,0,53.65958207413522,0.6555099718461126,1
-95,1,47,5,1,37.96007914649428,0.6707650254430357,0
-58,5,199,5,0,48.84173834798076,0.6310493932702206,1
-32,10,37,1,1,69.01477266781961,0.3267388905686336,1
-67,7,25,1,1,54.33092004514754,0.962732583861139,1
-54,4,66,2,1,59.56579245772874,0.28613504245831434,0
-31,2,237,1,0,56.74850344114089,0.7122202051771587,1
-32,5,16,3,1,41.16001652858957,0.6834294151572705,1
-85,5,103,1,1,43.120420458483736,0.5645940812903215,0
-37,5,132,4,1,52.26307806913205,0.30158686987355154,1
-40,4,83,1,0,55.70460263602317,0.42348200924933277,1
-43,3,169,2,1,67.7019226061229,0.6287340150599929,0
-57,3,243,1,1,67.16439602839908,0.3417488423259273,0
-94,7,211,3,1,72.85287968343559,0.4301427320968263,0
-84,7,100,2,0,29.503285596589052,0.9122082367815256,1
-71,2,260,2,1,47.486639908981616,0.046196483201628835,0
-38,8,236,5,0,52.84108851169342,0.9774381842040123,1
-87,3,29,3,0,43.85473716172958,0.39943227903085443,1
-93,6,297,4,0,46.390429184448934,0.5807685836144216,1
-94,3,256,3,1,50.003322745954996,0.12781184436038273,0
-41,2,53,3,1,74.77174745412866,0.8910216829672115,1
-30,4,44,5,0,60.295303325218,0.32001611308739175,1
-88,6,211,3,0,37.41660988961395,0.5866017374045605,1
-34,6,16,2,0,38.01567841823505,0.06930777303829483,1
-47,6,286,2,1,20.293486556509695,0.9956451766743493,1
-70,5,146,3,1,39.21664377245565,0.21772489879890222,0
-38,7,89,5,1,53.06103053412473,0.18163142187882186,1
-41,5,230,3,0,59.784592274153454,0.10948236606899397,1
-91,4,29,2,0,25.5299733437439,0.5091579655626026,1
-59,6,143,4,0,46.9426531231914,0.10363672648079558,1
-64,2,166,3,1,59.706475899587105,0.9802612078164991,1
-71,1,294,5,1,58.66045287659992,0.40646271795207223,0
-52,7,214,5,0,48.07010830471916,0.9522600783623237,1
-30,3,220,4,0,60.84240342478268,0.6659471660804642,1
-75,8,169,1,1,51.67698737305082,0.5365256083934482,0
-91,5,278,5,0,54.342803139745286,0.9344202168425138,1
-27,5,205,5,0,36.48717640350225,0.9630941308978025,1
-49,2,178,5,1,54.3473647482571,0.09664058416487142,0
-27,6,16,3,0,58.901506394361654,0.7003478888665695,1
-73,4,186,5,1,49.63650749195462,0.47190251056452304,0
-73,3,189,1,1,68.03676871974608,0.9083472102430096,1
-62,4,218,5,1,57.29277187342908,0.5517123720199669,0
-84,4,134,3,1,20.759423670163653,0.2059881841884732,0
-43,3,257,5,0,44.67317516764252,0.8743980317083307,1
-50,4,232,4,0,56.22236723053811,0.19598018470176193,1
-33,8,86,3,0,46.10036016997648,0.8371619641950256,1
-47,4,101,5,1,36.9604318818869,0.5396617889031524,0
-70,6,194,3,1,54.82064478622185,0.09524893397286949,0
-82,5,78,4,1,42.82192549365569,0.2028731759142346,0
-86,4,151,5,1,48.7984634753927,0.2047194539499989,0
-61,2,243,1,0,39.45318418001571,0.8364397373761233,1
-90,4,135,4,1,39.26298855887842,0.2568300377251852,0
-72,2,214,1,1,46.337901255360045,0.09363289333362923,0
-68,1,162,3,1,37.66885982258109,0.40226041368354204,0
-72,6,103,2,0,31.710733002167093,0.7984535050511905,1
-56,3,242,4,0,50.73108731043152,0.49328082733856005,1
-27,9,58,1,1,16.639702664580717,0.6067162019700039,1
-48,1,78,4,1,45.156703931320905,0.32774722589612815,0
-33,6,22,3,0,58.917497101243356,0.4620393428395556,1
-48,5,201,2,1,58.663702704978824,0.6067928958213368,0
-90,6,197,1,1,69.54478248075381,0.9665907702233167,1
-87,6,152,2,1,45.58316363617949,0.48526674234262157,0
-47,3,34,4,1,71.79133317689275,0.8886421138365173,1
-44,5,197,2,1,36.06291813536272,0.0767233994560228,0
-50,7,164,5,0,70.68083340050102,0.7447507316299222,1
-95,3,180,3,1,52.98160475517843,0.41413151457909836,0
-40,2,7,3,1,52.63377205378834,0.9207708496360754,1
-41,8,33,4,1,31.78373489333653,0.6063861169830528,0
-82,2,31,5,1,56.84358196050971,0.8898363940883107,1
-91,8,86,1,1,35.52350493895131,0.44295101074793275,0
-69,7,19,5,0,55.38617446014733,0.7481056678874892,1
-65,5,103,2,1,58.29136617477051,0.1373033751416044,0
-42,5,184,1,1,45.06547499003835,0.7746526197930176,0
-76,3,46,3,1,43.99280760789743,0.9994678942025802,1
-63,5,46,1,1,44.907445377951696,0.2303950715145644,0
-62,11,267,3,1,68.77535550139389,0.6220091888089806,1
-42,6,240,2,1,61.09439216007313,0.8367296861437858,0
-47,3,49,4,1,46.8899184120017,0.14522501991524905,0
-72,1,228,4,1,63.72529887379934,0.8545154359107495,1
-57,2,159,5,0,57.19261322002413,0.9807611743888516,1
-62,4,81,5,0,60.93411791855675,0.8352440601588657,1
-88,4,71,1,0,61.19917046903235,0.45994195129396276,1
-77,8,10,4,1,54.88366725180605,0.3172889837759053,0
-31,1,206,3,1,53.51514858275449,0.6078628240809805,1
-94,5,89,2,1,64.31643614878928,0.005864727887161303,0
-82,4,220,3,1,53.81639686140081,0.41030372187266206,0
-83,3,152,3,1,40.67345970750198,0.8543995133256802,1
-48,5,203,1,1,60.86531766898519,0.30835212167619874,0
-73,2,22,1,0,50.91734689903568,0.3712709205053938,1
-45,7,268,2,1,69.41278024493431,0.549326365186015,0
-83,5,188,2,1,46.21941895120568,0.7941345617322724,0
-65,4,57,2,1,45.806025698827774,0.40874376280852787,0
-94,4,65,2,1,29.564307202557362,0.8083578224980739,0
-76,4,129,1,1,53.955342306042404,0.6074717539085692,0
-72,4,163,3,1,68.33341562532259,0.5295726807126748,0
-42,3,187,2,0,65.40341927386872,0.5618769562415131,1
-64,5,91,1,1,58.99366311868034,0.8512611673620603,1
-95,6,204,2,1,37.67772715064487,0.4377814772996199,0
-89,5,192,2,1,47.45270471715262,0.01728804476336321,0
-63,2,202,4,1,37.05813446389538,0.8885332885244849,1
-30,11,41,4,1,58.388955341429536,0.8368634222265923,1
-62,4,287,2,1,56.52617507278789,0.32825508927733704,0
-48,5,101,5,1,45.41794956128197,0.5881437067295981,0
-57,9,266,4,1,44.76795267690538,0.28557961623863637,0
-73,3,139,4,0,20.627368566754814,0.4643502498821417,1
-32,6,20,1,1,50.79982502643209,0.9357492615245504,1
-93,7,106,4,1,39.959261980196715,0.2899247626330286,0
-46,4,166,3,1,59.99189702145849,0.5913517040532095,0
-46,3,42,4,1,25.352896023856605,0.40125258320372803,0
-28,4,153,3,1,21.60856733614922,0.39283907648140237,1
-30,3,287,5,1,54.67236288196685,0.3286043394798427,1
-37,4,105,1,0,44.26321403496065,0.9431958496934507,1
-82,3,253,1,1,20.360550501625706,0.9300053777910726,1
-82,3,128,2,1,39.7092536444723,0.03778450659567967,0
-93,2,142,3,1,40.741816300280576,0.9033360065227052,1
-59,6,47,4,1,54.434861012700765,0.8778473110165642,1
-85,4,102,2,0,45.852102794073325,0.4271124464193341,1
-77,2,28,5,1,38.017215484061296,0.5929827009674321,0
-82,4,141,3,1,65.85705153201394,0.7905675526911552,0
-53,1,268,4,1,79.39755882117012,0.7026295764379158,0
-47,5,206,1,1,56.759195741470826,0.41432701402020766,0
-81,3,246,4,1,60.54713813330006,0.771243074033178,0
-39,7,8,5,1,57.99810976848969,0.24071258566350673,1
-74,7,57,3,1,71.6903382508471,0.38718327415593434,0
-81,1,76,4,0,35.01320541259354,0.015498241826190307,1
-55,4,52,1,1,56.92137249437778,0.4933415880523805,0
-53,2,243,1,0,69.51412269547548,0.5857782709310476,1
-84,7,190,1,1,59.59259768919594,0.1354945189288448,0
-37,7,257,2,1,59.25861300163059,0.9433101118741497,1
-49,4,283,2,0,35.30111637826633,0.6231724245321872,1
-33,5,103,4,1,20.639921162990152,0.4841844983225968,1
-77,3,297,3,0,53.36625811916174,0.1271026137707404,1
-52,6,54,4,1,57.526867516664616,0.4860441984846542,0
-86,5,213,4,1,33.43256959837205,0.010798392389511968,0
-73,6,57,2,1,31.91499118471815,0.28266736054115904,0
-26,2,235,1,0,60.07096057011927,0.4716631827851603,1
-44,5,288,4,1,67.6819449167828,0.2392588627514639,0
-32,6,210,4,1,80.72947296196674,0.6241920728962704,1
-37,5,219,2,0,32.98002005177838,0.4760567021510618,1
-68,5,123,5,1,11.435207858672513,0.17578381583038183,0
-47,7,165,3,1,20.368885746340872,0.26508916875203614,0
-40,5,223,3,1,46.83396995172209,0.1707682600033369,0
-48,3,273,4,0,71.35631112960918,0.5486343051945836,1
-83,5,46,2,1,59.09028708282473,0.36785069460745845,0
-93,5,114,3,1,44.95044375706918,0.056002308939000156,0
-57,8,164,2,1,25.643921268241556,0.1904134960249102,0
-26,0,56,5,0,44.45134295814279,0.3862363952990896,1
-49,3,48,2,1,41.38876134369096,0.7583847715899178,0
-63,2,297,1,1,45.783117726678704,0.2835071902709394,0
-49,4,257,2,1,49.32118547053495,0.3641210568415054,0
-94,5,131,3,0,31.503480424777173,0.7892906546771047,1
-46,4,280,5,1,35.96330426200256,0.32073309234467307,0
-79,6,12,1,0,53.94522022654622,0.056246694315172485,1
-35,2,247,1,1,47.92876498007777,0.6938633423283945,1
-79,6,113,3,1,58.86704176885899,0.5444613321491686,0
-70,3,58,4,1,67.65777444776509,0.48013493963837317,0
-58,4,106,4,0,52.05119971098846,0.42253938022385484,1
-39,3,7,1,1,72.98749663198956,0.8413397190060482,1
-94,4,287,5,0,50.152197886156614,0.5892857278628512,1
-43,3,50,1,1,21.429879598018044,0.36361144919006383,0
-37,6,21,3,1,71.66618292582632,0.5434058521982641,1
-44,2,232,5,0,35.82937686091388,0.5543007058479525,1
-79,4,186,3,0,56.17336875880464,0.8967465499077446,1
-59,1,100,5,1,45.970592421701156,0.7536101314779872,0
-63,5,213,2,1,72.50630656532223,0.2678735828174408,0
-85,6,142,4,1,66.50995917382417,0.6507883208469019,0
-57,4,46,1,1,44.28780451781421,0.6674155305338311,0
-55,5,225,2,1,51.51550231974194,0.807477935651909,0
-72,4,263,1,1,57.04368345347588,0.21285008603835742,0
-44,6,161,1,0,49.48360260273906,0.9616020255748788,1
-34,11,141,2,0,26.85911735776807,0.08464875358462898,1
-77,4,72,2,1,60.30750917811449,0.7717829390683478,0
-76,3,196,4,1,44.29261346673834,0.9456735370508046,1
-70,6,128,2,1,51.182777060257614,0.34958519578439207,0
-65,5,19,4,1,45.73870020576125,0.14810079862712744,0
-86,6,275,5,1,67.85555720106814,0.4892299002046129,0
-51,4,5,3,1,65.2798509486995,0.9975825929459724,1
-31,2,25,2,0,35.02539837063418,0.5802285321991417,1
-63,11,29,4,1,57.781895261775816,0.9712199118854944,1
-83,8,39,3,1,25.46631459775628,0.9835972997387742,1
-82,4,138,1,1,64.51918269711409,0.04626191733999996,0
-41,4,201,4,1,62.30348597458976,0.716325343476028,0
-55,4,73,1,0,62.25959305607489,0.7264967463374227,1
-86,10,131,3,1,44.52078712694173,0.09365745260747449,0
-53,3,147,3,1,85.81951558287099,0.9359941790017777,1
-55,5,78,3,1,64.71105847801121,0.34021623845533466,0
-42,4,112,5,0,59.68981908426161,0.6952584007554335,1
-30,4,22,5,1,48.34748111252331,0.7075354377454437,1
-45,3,95,5,1,40.62125359827672,0.208651913158431,0
-68,6,281,4,1,65.61431260696685,0.15828305069937365,0
-87,8,176,5,1,31.021123863721776,0.7133217295012723,0
-39,10,202,3,1,44.047534491957315,0.9326410625539846,1
-26,2,40,3,1,73.71387864420146,0.500297874393992,1
-75,6,70,1,0,39.23911754510853,0.10699126117462332,1
-66,6,31,5,1,44.8312019639805,0.6243726979236103,0
-57,9,121,4,0,44.27765877763861,0.20620271590177885,1
-58,7,13,3,0,30.192598348924527,0.680237753843783,1
-45,3,298,1,0,50.6888073867165,0.13524119124650136,1
-41,2,223,2,0,68.84658301068545,0.6272584006359783,1
-90,5,64,3,1,65.4383874386884,0.8712646852701572,1
-44,4,216,4,1,26.155088420503844,0.4941576035518044,0
-61,4,247,3,1,67.98949359382378,0.7060581146380308,0
-87,6,193,3,1,49.51584658846073,0.2923030465548375,0
-49,10,51,1,0,40.926398541077376,0.8218014592542003,1
-27,3,19,5,1,57.46682464126666,0.3593389905157872,1
-72,5,158,4,1,47.6324373523961,0.9502112058654302,1
-89,8,221,4,1,54.624380954582314,0.8978981047742521,1
-52,2,211,2,0,46.98664690589857,0.01892764051146345,1
-53,3,77,5,0,44.79873082129521,0.688292998427255,1
-88,6,149,4,1,58.016015019408286,0.6273965553158464,0
-45,5,154,1,1,51.04051749545139,0.062447531197507455,0
-76,3,260,1,1,60.35945854635139,0.7722402758932766,0
-30,5,29,1,0,33.691394918830014,0.406082132559771,1
-35,6,21,3,0,43.97043541914556,0.9730453495141611,1
-79,6,193,4,0,63.94610337216736,0.127311878746725,1
-71,7,295,4,0,18.84320219339189,0.4491234139302508,1
-62,3,186,2,1,46.47089135041342,0.5328764346967474,0
-54,3,292,1,1,55.936031936975716,0.7296784136472413,0
-28,4,259,4,1,52.11733122036792,0.7482337164935092,1
-33,6,115,1,1,62.637708446825066,0.499618411998762,1
-80,3,66,1,0,61.32438149212947,0.17170998897368817,1
-71,5,123,2,1,50.33204728071809,0.567128707532373,0
-91,5,138,2,1,42.30583746276584,0.40277613434833315,0
-86,3,187,1,0,34.34054056172101,0.8956529195831768,1
-64,7,95,1,1,58.89248923888983,0.3763118169549976,0
-42,3,68,4,1,21.50494578711678,0.6380927257964524,0
-90,3,175,1,0,48.076047792742536,0.22381808605642883,1
-86,4,10,4,0,39.3985281552139,0.23073427660611878,1
-67,3,289,2,0,55.44930914515983,0.40624909597690484,1
-32,10,239,4,1,42.51910549889265,0.34186560176235037,1
-71,4,149,1,1,39.95119033342274,0.11103492302385953,0
-64,3,227,1,1,68.7061019932084,0.4532616833817231,0
-81,7,244,4,1,63.020978636171996,0.8598544903351217,1
-56,3,126,3,1,69.58103639397748,0.6960314069891137,0
-42,5,184,1,1,26.307418743690906,0.026446902597667465,0
-51,1,19,2,1,60.419478321213056,0.4471605045306636,0
-76,4,168,2,0,54.5155378200853,0.02028031489458082,1
-87,6,115,3,1,47.30064947295079,0.07866205831425865,0
-38,5,94,5,1,59.784898037423474,0.12594064104750058,1
-75,10,57,2,1,30.57533917047615,0.4677582309575795,0
-63,4,272,3,1,53.30551323257006,0.48970403185785505,0
-84,8,213,4,1,71.46728176642611,0.6183463070454575,0
-45,5,42,3,0,46.09945624729333,0.575501018469059,1
-78,4,22,4,1,46.07574243401412,0.9562459558696672,1
-90,4,168,3,0,22.382273330051184,0.8072109964254175,1
-27,6,53,2,1,36.29309972624718,0.9806482195640496,1
-49,8,252,2,0,18.060094232461662,0.1303407235690719,1
-56,3,255,3,0,49.68696105406681,0.4199386853482382,1
-93,5,281,2,0,23.843904455750554,0.689109081486824,1
-50,9,88,1,0,62.7765824538946,0.7588888501404466,1
-42,6,18,4,0,66.72071902719075,0.9078158577774044,1
-37,5,77,4,1,52.366028114175215,0.76576332104754,1
-60,7,259,4,1,54.635103991615225,0.6087229421782163,0
-37,8,236,5,1,48.79056787325285,0.8461938661543734,1
-45,6,21,5,1,61.99417439084366,0.9095554284372025,1
-61,6,76,1,1,65.511649857554,0.6591555446001344,0
-89,8,271,2,1,58.88055238729971,0.06709373262987872,0
-33,7,260,5,1,30.947768860937146,0.19865065268113913,1
-29,5,82,3,1,46.719404629871654,0.10591568962877351,1
-47,6,102,4,1,31.36534583185698,0.0013555244979488457,0
-43,6,148,1,1,24.48793962728252,0.91101569997922,1
-95,7,60,3,1,56.57982218830627,0.34546115146826883,0
-70,4,128,5,0,57.33378267241026,0.8089777496137086,1
-29,8,120,5,1,24.73307650020231,0.6511769607436182,1
-52,5,144,2,1,74.26055852199823,0.43372370283142103,0
-90,3,166,5,0,61.239238353191766,0.947170616843394,1
-86,3,31,2,1,41.03781712963395,0.14840169648621537,0
-77,1,43,3,1,74.0484679493384,0.4165922277841987,0
-74,2,170,1,0,36.42222639276341,0.012069935300617951,1
-29,4,86,1,1,55.696411470766286,0.8635465316714287,1
-56,7,165,1,1,53.482713297532904,0.6827272977953116,0
-94,5,152,2,0,58.26525590339449,0.2520698868501715,1
-32,5,111,4,0,38.99776899982581,0.2821555840361393,1
-81,3,67,1,0,31.332703251667013,0.25143015218746345,1
-68,5,47,5,1,56.74740820589765,0.2532074816423574,0
-70,2,85,1,0,37.10579729182319,0.5562363940257727,1
-84,4,270,4,1,36.641467841134784,0.8119814906857101,0
-70,3,106,3,0,45.170825852422716,0.964622855617018,1
-64,4,111,2,0,38.22485060446056,0.4766204563105404,1
-52,7,208,5,1,27.705774035978344,0.08644575317339853,0
-60,4,216,2,1,63.03675855474995,0.3854210997298786,0
-35,5,103,5,1,66.75021912601284,0.24192772811923657,1
-71,2,170,2,1,53.48141956892806,0.6526134017473535,0
-86,4,46,5,0,78.68008203579046,0.5057422983554444,1
-70,3,3,4,1,67.46090228878907,0.35023661432707676,0
-61,5,239,2,1,56.14130729312496,0.9332250613191283,1
-63,3,108,1,1,43.60670339292989,0.09966392207677588,0
-28,5,200,1,0,47.59304672274433,0.912584217924823,1
-92,10,104,1,1,57.909645400993455,0.8291817799499177,0
-83,4,166,3,1,32.64587904155793,0.12346357373073602,0
-36,3,294,2,1,54.83756990434857,0.08800602751145226,1
-35,5,40,5,1,56.91195865423951,0.27454458474044463,1
-72,5,252,3,1,27.164985225773837,0.011644899503096218,0
-71,7,20,1,1,68.08727631074065,0.6437706081012446,0
-68,8,273,3,0,35.94807147560926,0.20371739327766658,1
-92,5,58,5,0,62.42832843046834,0.8521477478000117,1
-26,5,206,1,0,33.673519648844035,0.05227637227220572,1
-83,5,51,4,1,52.62867791048841,0.3819580190452688,0
-28,3,26,2,1,21.025640342346875,0.8332743050287577,1
-76,7,274,2,1,48.037401874896844,0.5174325598129631,0
-70,4,119,1,1,81.60365027676903,0.9416331814852029,1
-73,6,194,5,1,64.5277449497751,0.26623349451780143,0
-67,7,96,5,1,44.50183553109825,0.754940200158329,0
-38,5,124,2,0,64.63007271656554,0.11982475870926723,1
-36,6,151,2,1,53.96885936872124,0.7996784136536014,1
-26,6,62,4,1,48.771584306412606,0.6574443271774648,1
-51,10,97,3,1,64.8678666939,0.322901068577901,0
-67,4,21,3,1,39.002303624639175,0.8341352384103843,0
-54,3,125,2,0,50.20543939349809,0.31825499727942086,1
-59,4,93,2,1,41.87852532388609,0.28562659968357706,0
-89,3,20,3,1,38.37625199409101,0.5903131723250685,0
-48,1,193,1,1,55.04416833871344,0.7020971883794911,0
-34,8,134,3,1,38.944559582709545,0.5377724912756434,1
-48,7,67,3,1,54.97677201803424,0.7961859484338702,0
-45,2,168,5,1,26.560145748275012,0.5327116220389853,0
-28,8,3,4,1,75.29894204033282,0.36717381443129216,1
-90,4,35,4,1,45.04745498088588,0.914886150121504,1
-36,5,111,4,0,59.06198915861051,0.356937297948135,1
-69,7,11,5,1,60.81486608679448,0.31816327042265424,0
-46,6,248,1,0,47.735950747340105,0.9429127113917565,1
-34,6,237,5,1,38.40213547270057,0.5383263720099121,1
-75,3,67,4,0,49.451299401847315,0.8465344931234052,1
-34,3,107,4,0,23.932930762302508,0.3498616942224785,1
-85,8,272,2,1,38.15721741334531,0.9773690607776359,1
-89,6,229,5,1,48.952844147334694,0.17418418806801672,0
-26,6,171,3,1,55.61661836677747,0.8562851280467623,1
-41,4,264,2,1,63.518101707384616,0.5200826832165839,0
-71,4,53,2,1,40.547857547864794,0.05006452709329434,0
-88,5,115,3,1,58.61062896326045,0.7150763673777757,0
-89,8,249,3,1,51.16375581701856,0.39573686336671865,0
-93,4,126,1,1,33.720980903216756,0.19882853028647995,0
-42,4,3,2,0,76.47370708326157,0.9243543461938004,1
-64,8,57,1,0,91.88313301864942,0.2974926699926682,1
-51,4,6,2,1,50.53665682995392,0.5626325958673883,0
-43,5,253,4,1,47.4272133285654,0.8251929348056901,0
-63,2,132,4,1,63.18404242202686,0.7215765260850269,0
-27,10,175,3,0,35.24073110941928,0.6141837239845392,1
-48,2,199,4,0,50.337694615965916,0.04339717857856085,1
-27,5,118,5,1,15.836560897263738,0.0950464586616856,1
-42,5,102,3,0,76.17292109935241,0.07587164122404755,1
-35,5,47,3,0,86.0725631338096,0.36337320849809773,1
-52,4,157,3,0,50.89401483461954,0.6707030741458938,1
-87,2,220,4,0,45.88636314190564,0.044092216397532136,1
-91,1,106,4,1,61.92384670813338,0.6452777553235629,0
-54,8,289,2,1,70.23702657670144,0.49617592610111527,0
-37,4,150,2,1,39.126439522628104,0.5476119841428094,1
-55,1,60,3,1,36.566811729240406,0.35562199925756555,0
-56,5,286,2,0,50.65214451552348,0.7879409206729001,1
-62,3,52,2,0,63.352633140807114,0.8591890387215694,1
-51,8,277,3,1,39.89117933505438,0.3302941754681341,0
-82,8,259,5,1,71.50751733740235,0.8030562178911789,0
-61,4,149,3,1,30.305472050790907,0.28733033322764945,0
-88,11,216,1,1,55.90962838796604,0.04751775720711038,1
-63,6,130,4,0,18.974364268534515,0.5083116942766945,1
-92,5,90,1,0,51.3409291839742,0.6598208426933947,1
-49,8,52,3,1,57.98001164433087,0.9416348520733687,1
-86,4,186,5,1,50.0370361421008,0.017430545502045924,0
-45,6,110,5,1,42.501913543837226,0.18616503574607024,0
-36,7,255,3,1,58.145484189344785,0.0093449534862442,1
-28,10,122,4,1,58.140967468165734,0.001931914291505188,1
-87,9,117,3,1,52.595233442714566,0.5333948915068045,0
-56,2,209,5,1,55.58972279720083,0.5423589504923214,0
-76,3,137,4,1,52.49739690672687,0.014961198256300712,0
-51,6,201,4,1,40.3720571592046,0.30481314464513243,0
-89,6,106,5,1,23.533914188524225,0.5960301609498011,0
-29,10,240,2,1,62.31384318664564,0.8110153749320693,1
-45,7,185,2,0,36.32735046984692,0.9039800090558409,1
-70,4,127,5,0,24.79992881705228,0.5595748419558734,1
-90,2,142,5,0,31.185131614280067,0.9107979110488678,1
-56,5,215,1,1,60.879947479763494,0.5745745034730171,0
-62,6,48,5,0,62.9296075290421,0.9905319050838179,1
-69,6,164,1,1,52.86686350754588,0.9173489015067489,1
-29,1,144,4,1,32.75438790653891,0.01833838901064988,1
-58,5,15,2,1,44.19311142410673,0.5218751103735769,0
-39,7,128,2,0,50.523383270166555,0.30351012487811146,1
-66,4,288,4,0,47.735705723800926,0.13479782841947707,1
-62,6,212,3,1,37.253433251140265,0.7567049101114696,0
-59,5,28,4,1,32.03153006408594,0.30373308908854535,0
-53,8,280,4,1,55.557203678956334,0.4389087402062388,0
-79,4,174,1,1,49.6692229811471,0.9061090806470379,1
-79,7,14,3,1,59.923969449259225,0.8657009923240037,1
-52,5,287,3,1,20.367680641942382,0.966056132765199,1
-86,1,8,4,0,75.24304082797714,0.7360821443370854,1
-80,4,241,3,1,54.488546928776614,0.34478692865453653,0
-27,4,67,2,1,61.13666357970435,0.46928991093748285,1
-50,1,220,3,1,47.38028081477558,0.9037672613991066,1
-76,6,252,5,1,70.4025219624202,0.702791021377846,0
-51,10,228,2,1,70.2805904896149,0.6557962798997199,0
-81,2,81,2,0,81.49111280753763,0.1078557761535145,1
-56,6,49,4,0,51.19872895610056,0.9814157218336639,1
-39,6,147,3,1,54.813950928884864,0.25256855913768694,1
-78,5,239,5,0,36.9348100532943,0.20076672905933513,1
-40,3,84,2,0,79.24993370625977,0.9150324234710843,1
-27,8,294,4,1,25.01059300603606,0.36624118113361503,1
-61,7,52,1,1,53.99806896241846,0.8736727271797647,1
-71,4,15,2,1,12.183700248054606,0.4462866684743513,0
-57,4,47,4,0,30.77564825226424,0.42285607856686147,1
-83,2,8,4,0,52.65328759145012,0.7626534899114843,1
-77,7,231,5,1,55.238383438167,0.97598311939245,1
-58,8,106,3,0,43.03924750915977,0.672114460098799,1
-46,5,83,5,1,83.74115332850411,0.8314166219303112,1
-69,5,265,4,1,46.99467497450401,0.9261426332629309,1
-52,2,278,3,0,57.30233468766652,0.2710629901403637,1
-83,6,250,4,1,32.6387631467685,0.9792618656086425,1
-91,3,1,4,1,20.287452936160488,0.9970218045616971,1
-41,4,23,4,1,51.09114993045849,0.007219947003717753,0
-84,5,271,3,1,32.622746572201464,0.12794994091976486,0
-26,2,13,2,1,57.809341477528385,0.19280279467660666,1
-43,5,54,5,0,46.1690753494075,0.9556213797813561,1
-47,5,146,4,1,53.95633377233864,0.16641428431093985,0
-71,4,94,1,0,41.61800641906489,0.7047958361321867,1
-32,3,287,2,1,40.299588101261016,0.7651531608485469,1
-71,4,263,3,1,36.54133827995041,0.867705459766688,1
-63,5,255,1,1,46.21579963923979,0.5915095321349826,0
-82,3,291,2,0,46.74639507889045,0.8620840858402314,1
-75,2,213,4,1,49.72209557452241,0.8093428287387023,0
-75,5,224,1,1,25.314255729895052,0.6086842206035009,0
-37,4,40,1,1,39.75150435833468,0.28866630267546045,1
-72,3,91,3,0,61.12713112216653,0.4797713577823778,1
-43,6,173,1,1,39.51534588125982,0.4329675469990535,0
-60,9,25,2,1,71.98367434618072,0.28406046207971525,0
-57,5,137,5,1,78.79429443196284,0.9421424822804046,1
-63,1,50,1,0,52.968913236484504,0.7139145840836343,1
-68,6,186,2,1,32.90958560589949,0.02557898319516816,0
-80,4,279,3,1,51.6005316025483,0.21522064526637885,0
-42,7,281,2,0,65.00510408350733,0.33011179785524114,1
-27,10,12,3,1,60.62665806103229,0.030783102237640136,1
-36,5,146,1,1,56.497766171099954,0.06641042037273281,1
-95,5,87,3,1,56.38224024595147,0.07305177681066055,0
-69,3,227,2,1,52.04547962109709,0.5248167503647412,0
-33,11,84,1,1,50.08700178674141,0.8943830763718558,1
-94,4,231,4,1,27.391612694240923,0.8597287835022325,1
-37,3,193,5,1,41.64923153214256,0.9233846679907237,1
-53,8,185,4,1,47.23566497250932,0.35764054958891134,0
-57,2,263,2,1,46.91240210117984,0.7143482754022047,0
-32,9,47,3,1,49.08602547279074,0.9451175073425461,1
-68,6,74,1,1,64.53022837446832,0.38236459791671085,0
-44,7,112,5,1,30.935809721001466,0.06975701231201015,0
-73,3,199,3,1,61.98542737819454,0.4371242737400124,0
-33,5,241,1,0,29.90367120055776,0.8467219903967333,1
-36,5,268,4,1,41.76094495819595,0.13335200675361347,1
-92,4,69,3,1,80.61785754791129,0.11618077501189095,1
-49,5,281,4,1,57.18875143845088,0.36577151896302196,0
-31,4,40,1,0,29.03773080754335,0.8523653492620437,1
-73,5,165,5,0,70.67735333229095,0.777161196205595,1
-88,2,169,5,0,78.69032201535194,0.5577647590980618,1
-67,2,238,3,1,30.1273132860089,0.7098954333814536,0
-43,5,154,2,1,78.42722918163454,0.43369693310695956,0
-48,0,143,5,1,46.0525809191026,0.7941627088376095,0
-54,5,174,1,0,36.089404914560994,0.7866525160763468,1
-35,5,261,1,1,69.32650433755083,0.41080926237434146,1
-64,3,12,3,1,57.20095426856156,0.6443657004925674,0
-71,6,276,2,1,70.74791772994016,0.055217626750405646,0
-28,5,38,5,1,50.861510904464524,0.7966567349911429,1
-87,8,80,2,1,58.12496036773907,0.9791033942522733,1
-65,7,79,3,1,47.826998672808585,0.10814594233719865,0
-79,6,18,1,1,56.08736130010721,0.7443368428217001,0
-27,5,93,3,1,55.12016389017985,0.694541974037274,1
-77,4,98,3,1,87.57897868210196,0.6122090632572158,1
-63,6,180,4,1,37.39252719876492,0.6475855888018073,0
-35,1,142,4,0,42.57469905524785,0.8901151363098093,1
-52,2,142,2,1,38.14974354777188,0.8344737434626284,0
-35,2,128,5,0,60.39222815451384,0.9044253423171502,1
-60,3,177,2,1,57.639429854630116,0.22341254492962503,0
-71,9,62,2,1,40.75893176995514,0.09255544586102826,0
-68,6,137,5,1,29.450213412996455,0.2138388894952643,0
-92,4,8,1,0,35.30385865985531,0.5963854184032292,1
-89,6,127,3,1,63.07333949432213,0.6760560050132531,0
-71,4,149,4,0,54.90755829316685,0.8920301154097809,1
-83,5,130,4,0,69.0749784994475,0.015482459137515336,1
-33,1,282,4,0,48.223773429258074,0.0941696982472372,1
-82,10,160,1,0,55.57191032476265,0.8022888163636875,1
-60,3,71,1,0,36.78859713327918,0.7206678674601394,1
-81,1,153,5,1,97.36656924566446,0.26766675976944265,1
-28,4,265,5,1,63.60180909398598,0.9961452421241919,1
-83,6,23,1,1,44.61300466554383,0.31451757220910526,0
-88,1,68,4,0,19.331656205935776,0.3530242693586554,1
-65,5,289,4,1,31.609289058655285,0.8157092700020729,0
-39,6,21,3,1,45.70072942252679,0.8355355012681668,1
-31,9,90,2,1,34.59240562472146,0.15996291746765423,1
-74,6,242,5,1,55.2443295880398,0.07187525370862446,0
-81,2,102,1,0,36.996731226748,0.8433323548919375,1
-41,7,246,2,1,49.55466814571032,0.9901917892516717,1
-48,5,198,4,1,39.5749889625942,0.5124332325693152,0
-68,7,16,5,0,64.92187779048838,0.0384333928013636,1
-43,3,178,3,0,71.23868543029738,0.9151763371865977,1
-41,7,195,3,1,42.09655991994336,0.5291032676604385,0
-85,3,137,4,1,32.94666855304404,0.3173723330674516,0
-75,6,158,5,0,60.562739680002245,0.37683556101616567,1
-88,4,36,4,1,39.74471427456372,0.0899672788609609,0
-52,4,7,2,0,43.10153236017132,0.24531049798597993,1
-76,3,50,4,1,24.272300439448692,0.5538309158678235,0
-53,6,32,4,1,62.3888537454598,0.1160534593845689,0
-32,7,296,2,0,57.55221194905999,0.6643348444622779,1
-33,5,233,2,1,61.04981039952956,0.4425890233244587,1
-93,6,156,2,1,54.49439107891715,0.743001918520948,0
-80,7,165,1,0,32.96097617656584,0.9643377682110057,1
-45,2,103,2,1,72.83658364634817,0.37180299127453575,0
-49,3,136,2,1,43.71372722019386,0.06513450144396105,0
-59,6,258,3,1,74.0161145924659,0.28232635073194245,0
-35,4,95,5,1,63.37760869392219,0.7878647195855439,1
-81,7,143,5,1,64.93768887815449,0.8453372225064139,0
-86,2,193,1,0,49.567386039813265,0.6830801734741354,1
-84,7,251,4,1,20.759821171837274,0.8081682471887758,0
-31,7,67,1,1,41.226051221475764,0.8316400401693309,1
-29,5,68,4,0,87.96870849894675,0.14260005382969043,1
-57,4,10,3,0,31.194296186297933,0.21548198278557462,1
-55,6,271,4,1,80.8177233410714,0.16553529269386602,1
-44,8,30,5,1,73.14210160654522,0.11163744532118536,0
-74,8,251,3,0,47.111238433202104,0.39693186238434863,1
-29,5,31,2,1,58.98913692831887,0.36790292528627566,1
-34,5,8,5,0,65.93251171382991,0.9062542367378682,1
-57,7,208,5,1,45.147275798233146,0.5482037727921516,0
-41,9,147,5,1,69.86131675418143,0.2634036119558445,0
-93,7,291,2,1,45.621817189480836,0.9174258528045012,1
-44,3,167,5,1,36.11323011104568,0.04455663161765322,0
-60,7,298,1,1,76.50589361686552,0.25765617680719477,0
-43,7,259,5,1,53.47349554146346,0.7989649025337456,0
-64,2,87,1,0,53.73026899064489,0.06519280218469103,1
-38,2,288,1,1,60.847894640431,0.9107518127381472,1
-26,8,235,2,0,47.935581766138384,0.35243102555274064,1
-60,7,285,1,1,28.231605516482624,0.8583560551590967,1
-75,4,52,1,1,36.13597396107393,0.02116381398203826,0
-47,6,259,2,1,59.46717063927282,0.28222859611811113,0
-71,3,37,5,1,38.5121053608581,0.928008741774554,1
-87,2,283,5,0,35.311215004934496,0.34558087334869747,1
-81,3,97,2,0,49.83231326783177,0.015893393140003598,1
-68,4,117,5,1,57.517493546567415,0.760794509153398,0
-44,4,262,3,1,40.035369434852846,0.20883702045198382,0
-43,10,257,1,0,55.09045043849306,0.03668400539454231,1
-64,9,237,3,0,59.14914009401423,0.4317168850266111,1
-61,2,143,2,0,38.8936102896931,0.545562544167758,1
-70,6,108,1,1,44.21714443334582,0.6597450184066322,0
-66,2,14,3,0,66.17188093692158,0.22504039904419937,1
-94,3,174,5,1,48.70674352988821,0.11478627866061242,0
-77,7,183,2,0,67.66281490736816,0.5704579152878609,1
-35,8,167,2,1,39.84525310564727,0.4618065340196199,1
-78,5,153,2,1,54.963005426095265,0.982040087590982,1
-56,5,288,5,1,61.246499427337774,0.5634704738128519,0
-83,8,152,3,0,50.68443994981796,0.6296726518598873,1
-76,3,279,4,0,47.452700417342015,0.8864450113972573,1
-44,3,9,1,0,57.97696097720934,0.39795727729576924,1
-32,3,4,3,1,23.296847452761085,0.12161815681964938,1
-72,7,158,4,1,59.00344201405215,0.6157763146976523,0
-78,7,222,5,1,55.203392055231404,0.0041271546746038945,0
-40,10,202,2,0,44.604517460400054,0.8595277052474898,1
-44,2,14,4,0,42.3112984437986,0.15637361253330695,1
-48,1,163,5,1,56.86272352767554,0.9540158041191871,1
-65,8,177,5,1,63.31866329377627,0.09498664497731213,0
-30,5,84,5,1,36.1215884378142,0.10329346755264313,1
-69,4,7,4,1,56.51077454616646,0.100440417861966,0
-81,3,231,2,1,66.59257627688496,0.08003256976593665,0
-91,2,239,2,1,30.31610610011947,0.4489554374782375,0
-53,6,173,2,1,68.24668975246226,0.6757452551641833,0
-90,4,159,1,1,34.81138353778519,0.7570118677473603,0
-81,2,12,3,1,40.98735097002777,0.6425799158045408,0
-57,7,296,2,1,41.34553512529343,0.8991452884450164,1
-44,8,73,3,1,22.334575066689702,0.977241565000449,1
-89,5,268,4,0,38.242241230179246,0.5478708106372198,1
-56,3,24,2,1,26.029167621066573,0.7454524135070204,0
-90,7,277,2,0,44.238151114857494,0.9794507631128238,1
-88,11,120,3,1,63.3343529430075,0.15426427106515006,1
-34,6,225,3,1,41.74379019252905,0.22976067485552631,1
-68,6,131,5,0,63.26927835145131,0.4233364424663817,1
-89,4,47,2,1,66.51433070936014,0.5837322501601249,0
-63,5,244,1,0,67.7090375900225,0.8375193153647736,1
-37,4,85,3,1,26.475629660536924,0.43738324249298977,1
-29,8,204,4,1,43.24447713114998,0.2928356224602604,1
-88,10,3,3,1,56.102714527096744,0.6350245661416096,0
-35,1,1,1,1,48.084358001929246,0.10028647247890565,1
-40,4,41,4,0,30.94826515631254,0.17580988341059023,1
-42,1,294,5,1,47.57480109178257,0.970076618910001,1
-39,3,289,4,1,46.69919738942458,0.8234530537593207,1
-84,5,10,2,1,63.48797218985012,0.1676219707554013,0
-87,8,143,3,0,78.66076961405547,0.4178561865221314,1
-57,6,117,2,0,7.876291614214551,0.9543646155515045,1
-27,8,136,2,1,47.63506138285857,0.857200334324534,1
-80,3,82,1,1,41.178360533067476,0.2725942863799854,0
-77,7,1,2,1,52.89028613457631,0.15015364418387522,0
-72,5,220,5,0,58.35646937856493,0.8549256565110712,1
-42,8,127,1,1,33.62706336445761,0.152652980000607,0
-33,3,190,4,1,63.99599908581478,0.31294561734835846,1
-81,6,218,3,1,50.95312856841406,0.6634583230160925,0
-55,5,209,3,1,55.8063598670654,0.1897867774345764,0
-77,4,204,4,1,21.899389563942464,0.4007484476475779,0
-45,0,34,1,1,52.54142125863423,0.43442013811832947,0
-72,8,148,5,1,49.29094431155854,0.25209865956229993,0
-49,4,279,5,0,51.714631295888715,0.694965268818639,1
-46,7,62,2,1,50.02705259534621,0.970064537020164,1
-91,8,187,5,0,68.3256220927993,0.34944764078362833,1
-55,4,80,2,0,32.8682789462208,0.7388274373511795,1
-66,2,197,2,1,40.74727113512428,0.13423841909374357,0
-41,7,258,3,1,33.48267288313365,0.20144648164579382,0
-45,4,139,5,0,54.89405556584153,0.8905937601219092,1
-35,3,172,5,1,63.67265790297364,0.18901706733455426,1
-28,5,173,4,0,47.95366774583576,0.945844409062715,1
-64,5,247,4,0,38.32537170490245,0.28940513070441265,1
-35,8,156,4,1,58.1580737388259,0.1308635259433787,1
-82,4,41,3,0,45.62502427149807,0.5416415078330531,1
-77,2,255,4,1,71.45933308592817,0.5337699424320241,0
-83,5,57,4,1,65.65935212013679,0.4677478334001638,0
-93,9,8,1,1,50.22145071579733,0.8264149288488819,0
-75,6,246,1,1,54.8904949431348,0.5992915822201413,0
-59,3,228,3,1,60.52906610715025,0.8106657734835124,0
-75,7,160,4,0,36.493130330458285,0.28509949938299406,1
-63,10,150,4,0,48.494759002178185,0.4838613502906203,1
-65,2,254,2,1,51.600703292437636,0.2943481665153781,0
-75,2,71,5,0,65.57760899256891,0.6178152797588892,1
-69,8,212,2,0,44.317218489815154,0.7329222596305692,1
-80,5,232,3,1,36.124540291420765,0.1676142561466294,0
-65,3,204,1,1,43.02786829690981,0.17244913357306846,0
-39,4,203,3,1,51.05154985470953,0.9308436696831945,1
-30,3,263,5,1,50.41932000289034,0.3670749507450346,1
-54,3,95,1,0,64.81792373609764,0.37331540636594096,1
-67,3,221,5,1,56.88806272399294,0.7616749053941836,0
-84,4,3,5,1,33.69320871406818,0.19840536399390396,0
-27,3,276,4,0,41.639178180503606,0.3895531356260953,1
-79,3,262,5,0,58.443659904276274,0.8237976154350342,1
-53,5,186,3,0,48.388326773086256,0.32366278103580026,1
-42,5,195,4,0,49.53581937719164,0.20032048607382136,1
-86,4,172,2,0,51.808085382045604,0.7931708199940416,1
-28,3,95,4,1,60.10217229218236,0.9597196891333397,1
-36,8,268,1,1,34.59862071456806,0.6704028910163641,1
-93,4,146,5,1,12.848118996843695,0.5214220423483239,0
-88,6,299,5,1,57.51635013963158,0.6663053231282923,0
-81,6,127,2,0,41.07102332904944,0.09988631799760672,1
-41,7,15,2,1,56.241900192734406,0.8638667559882083,1
-91,7,201,2,1,72.74174270532565,0.055965557262007026,0
-81,7,47,3,1,27.386705830498688,0.5649999711819157,0
-50,6,220,1,1,36.59275354127581,0.5279098279439243,0
-88,4,251,2,0,33.43961549791422,0.7258936605836355,1
-73,2,104,5,0,74.32810621677577,0.6243355265512055,1
-47,6,249,4,0,42.20248781412161,0.7278558680501468,1
-62,2,271,4,1,44.6745438928475,0.7784206115357039,0
-82,2,257,2,0,39.25960063683402,0.033875464406750044,1
-60,3,116,4,1,44.494660779175376,0.5655389146196601,0
-43,3,275,4,1,44.1438622036755,0.5821213708198361,0
-78,3,44,2,0,41.19958116857191,0.3049346376976608,1
-95,5,146,1,1,38.73249170564182,0.5432874757134873,0
-87,9,67,2,1,37.24660545996134,0.24609413609544406,0
-75,5,146,3,1,72.72682731148097,0.506688152808257,0
-75,10,147,2,1,34.98770808524574,0.004101450430167075,0
-93,4,20,5,1,61.10821303735523,0.8097983293737647,0
-35,3,68,2,1,59.26142946390986,0.7125779432472608,1
-54,4,14,5,1,39.898786406601914,0.08776956376767453,0
-31,7,66,1,1,33.950031642359676,0.8667868864897577,1
-72,5,225,4,1,43.263151532700704,0.004281757836103628,0
-83,3,250,1,1,58.19202020880937,0.8164640593918385,0
-52,0,223,2,0,53.33363580433914,0.4702303869987151,1
-90,4,7,3,0,44.97285291832711,0.395669914096316,1
-65,6,157,5,1,47.96998649115336,0.5534614719249352,0
-27,2,241,2,1,42.21047233941481,0.4216196979221851,1
-58,6,272,4,1,47.049608451916626,0.15310250479879994,0
-29,1,113,4,1,50.27735088420734,0.9164683486660565,1
-44,4,41,4,0,69.69032267674473,0.48635011510949533,1
-44,5,242,2,0,27.621463059603123,0.5703762003488236,1
-54,2,298,2,1,38.739302571790525,0.2074592014798784,0
-62,6,46,1,1,38.613953358641844,0.6326662538183997,0
-80,6,76,4,0,21.267159258903476,0.9477467316133514,1
-87,6,285,2,1,47.33965177040136,0.3268203062517321,0
-49,8,212,5,1,52.90198056482359,0.8021443781024846,0
-88,5,218,2,1,46.69660648157718,0.838132525605361,0
-54,3,189,4,1,61.27795404850253,0.9272656326314092,1
-53,1,124,5,0,50.02315952618379,0.10330047781327989,1
-94,5,218,5,1,84.19768224461771,0.3291191536976066,1
-58,5,106,1,0,34.00594442919348,0.38430018756052,1
-56,5,158,2,0,37.71064571635371,0.8678285021649326,1
-44,3,274,3,0,39.660063978798924,0.35616696531444303,1
-94,4,176,5,1,28.842988753808374,0.5372055563862999,0
-94,2,15,1,1,51.24311680988497,0.7640555898524384,0
-32,4,141,4,1,54.34480281350451,0.7007795395472368,1
-32,2,161,4,0,52.91198228008466,0.4810671908474736,1
-57,7,39,4,1,30.67112437433611,0.9514772528525935,1
-70,2,262,5,1,55.0411311875802,0.9334727919475578,1
-27,8,89,5,0,57.501692444313,0.4210713981936338,1
-51,8,248,5,1,71.00203566698761,0.6475825442709784,0
-68,3,70,3,0,46.88976509842481,0.9905652127567347,1
-56,2,239,5,1,63.74403798394806,0.8434404436647402,0
-62,4,280,1,0,87.29030369416509,0.09193793592083765,1
-60,3,78,3,1,50.233685207143274,0.6827795001941304,0
-32,5,89,1,1,53.68149086335677,0.09445705126871917,1
-75,4,160,2,1,57.932007651770725,0.6872766117204315,0
-57,6,98,3,1,53.07654473675978,0.9738018532829988,1
-28,4,100,3,1,55.76551574775209,0.08321770274007045,1
-83,6,277,2,0,23.676047103256273,0.2680089836852235,1
-30,8,92,2,1,54.32355136645886,0.6191315508700825,1
-68,4,119,1,0,34.232764441201,0.4558825884241029,1
-76,8,130,4,1,62.59727070440065,0.42328848841983635,0
-94,2,23,4,1,54.514665698475426,0.972583032551332,1
-31,4,51,5,0,48.068386178236324,0.4916133448403307,1
-33,7,268,4,1,28.84603207739005,0.8265557967860978,1
-47,3,100,2,1,48.83308865843874,0.04043883121266134,0
-49,2,196,4,1,10.998189497015254,0.7050172124034887,0
-91,4,60,4,1,49.85620599991406,0.6746808415785194,0
-68,5,157,2,0,18.19081316511855,0.07053429523732191,1
-89,6,8,5,0,19.234662672108538,0.8887160946127464,1
-87,5,50,2,1,64.20462201313259,0.9838459228475457,1
-70,8,293,4,0,46.934193288103366,0.5812929755056484,1
-56,5,238,4,1,66.03984680438964,0.31149542472760194,0
-37,4,58,1,1,39.66085065271419,0.9472270273467108,1
-50,4,217,5,1,39.725057748104106,0.2502044870635418,0
-54,5,269,1,1,29.545399876511084,0.44948015867491553,0
-83,3,230,1,1,70.83551799227159,0.1458591340091503,0
-46,4,87,5,0,36.931312822782346,0.5924454407904143,1
-27,6,205,1,0,49.68740670843144,0.6972196608085894,1
-79,3,50,1,1,31.323788181372837,0.262509640912599,0
-82,3,255,4,1,57.0390170375545,0.12720411933778086,0
-43,7,186,4,0,44.65807455740268,0.6384564487170294,1
-80,4,118,4,1,66.31856411458733,0.39865928751841206,0
-63,5,88,1,0,45.84387535720603,0.7272646585927497,1
-27,4,215,3,1,48.93259169087076,0.09625058323772562,1
-55,5,191,5,1,55.14123508153139,0.6697230078311506,0
-91,2,205,5,1,58.84005927100773,0.8822124118173135,1
-43,4,243,4,1,66.73743499743324,0.7114542418642291,0
-79,1,78,2,0,59.658054655563674,0.6833607948733628,1
-71,6,221,3,1,64.53692908735928,0.45094432217622715,0
-29,3,190,3,0,65.86673853462307,0.5802189636905405,1
-47,7,113,2,1,57.04477229362858,0.7349964382945733,0
-68,3,294,1,1,48.723617594697274,0.18346425396884847,0
-32,5,269,5,1,33.7944329742929,0.8507077917284981,1
-65,8,279,3,1,41.87380617484266,0.9335018767024349,1
-44,11,214,1,0,44.73078796428209,0.3967509257996017,1
-48,8,100,5,1,53.44641692734023,0.42433813979627566,0
-91,5,50,2,0,62.896261415163615,0.9809177281788319,1
-95,6,162,5,0,59.65713547930089,0.5920643077549167,1
-58,3,161,2,1,50.49029351657865,0.24481074006090076,0
-95,4,153,2,0,50.39760769062956,0.6268536212535334,1
-29,2,23,5,0,32.34452552820393,0.6726487394323711,1
-63,1,238,5,1,73.43531764059844,0.4060125361882192,0
-46,7,182,5,0,58.423602058566566,0.14609069977308609,1
-44,4,24,3,0,47.01996299265645,0.18691196479057592,1
-67,3,88,1,1,57.31283088043517,0.9746092108632416,1
-31,5,261,2,0,75.56165781300206,0.8169833808090694,1
-82,3,166,1,0,47.6869473543288,0.46729580302507934,1
-58,3,100,4,1,51.34787409249847,0.6905526403996448,0
-81,2,206,1,1,34.42188714446366,0.3152805131039226,0
-58,8,143,2,1,66.6919729341936,0.9265317740991033,1
-39,3,73,3,1,68.27568718677261,0.700159692073135,1
-40,5,293,5,0,68.49759792297544,0.8154294940115683,1
-65,6,185,4,1,49.43367938474204,0.45802382053358925,0
-89,4,231,1,1,52.01036099271268,0.4609555141131827,0
-53,3,88,1,1,30.55374471389543,0.26645982164649473,0
-45,2,233,4,1,38.44346443914344,0.5244891875915233,0
-93,5,163,3,1,74.52145228543316,0.6881671175489188,0
-74,3,182,1,1,62.75701555268838,0.9390813048870201,1
-86,7,196,2,1,50.801130409176636,0.4254154942725167,0
-38,7,199,3,1,30.31765697346141,0.7188142666942388,1
-89,4,268,1,0,41.59168145428697,0.48901738034659425,1
-38,7,141,1,0,42.04386889808651,0.7680324542540824,1
-42,3,65,5,1,34.90350039242344,0.43120038644467185,0
-94,4,225,4,1,47.122313242819175,0.5637783009841266,0
-78,4,74,5,0,50.79561176405671,0.5823705631583486,1
-79,4,85,4,0,47.03750073697004,0.24051204240553692,1
-29,6,228,2,0,30.72368045200211,0.3638803936268833,1
-78,3,193,3,1,45.300186907585555,0.3288330468811903,0
-38,5,115,3,1,58.37672725809442,0.9382545777151706,1
-58,5,49,3,1,48.2335070023059,0.29814297114814026,0
-54,6,32,4,1,100.66652361934044,0.9267128453077733,1
-44,2,65,1,1,57.73579428755204,0.20747732765647087,0
-53,4,41,4,1,39.9032000376353,0.5448019782759769,0
-51,6,213,5,0,48.704936144781286,0.3447601872692956,1
-58,4,206,1,1,43.20110711079437,0.6552324845763441,0
-71,9,32,1,0,75.77659423404072,0.47321502991810505,1
-73,5,98,1,0,30.768292833004043,0.9059552097493825,1
-74,5,2,5,0,33.68116432109515,0.21285077095991378,1
-32,5,97,1,0,62.27608099774153,0.7462660613322051,1
-77,8,131,1,1,44.30426269677967,0.9066831386482925,1
-89,6,194,4,0,0.18328166616291952,0.9562591980273812,1
-74,6,92,3,1,41.14667050541548,0.5236943322446882,0
-89,5,37,1,1,30.637102511047363,0.4729269093639301,0
-90,8,266,2,1,63.41836651364761,0.4985692169635553,0
-48,6,226,2,1,53.92427651819302,0.4115116028992104,0
-36,5,274,5,0,55.630619366720076,0.11184594379763291,1
-79,3,132,3,1,53.39814126396494,0.48474135739969204,0
-88,3,99,1,0,69.46874758491143,0.0890161247338962,1
-79,12,140,5,1,65.00655015945037,0.3463993197628523,1
-65,3,296,5,0,49.72042616608491,0.8792726411829093,1
-83,5,145,5,1,59.388981439593536,0.7869900833848252,0
-75,8,293,3,1,70.54802335042866,0.21715533349106497,0
-52,6,262,3,1,66.04171082186285,0.10856314470280937,0
-31,2,175,2,1,49.937861225837686,0.1168347364106812,1
-95,4,228,3,1,66.36266494879159,0.8068713932688795,0
-91,3,224,2,1,44.8716339062679,0.5843514169821129,0
-27,8,202,2,1,39.20163456915892,0.9570069178193547,1
-91,3,285,4,1,48.466898435728744,0.5203463368715742,0
-62,5,135,5,0,62.06357442024012,0.5936750743979018,1
-75,11,128,5,1,45.59693098569174,0.7237463854077856,1
-73,3,278,5,1,94.51548168150111,0.7123626634428192,1
-30,7,17,3,1,56.43892486303915,0.9597521044003566,1
-93,7,197,1,1,70.39577684217208,0.6738379611669769,0
-53,6,146,5,0,28.48676603964546,0.6182888211910051,1
-51,3,162,4,1,21.984230027604777,0.3627366479724836,0
-68,9,177,2,1,20.177680716177562,0.8104019408589833,0
-76,5,273,4,0,74.15010726281191,0.8917917114831578,1
-80,9,78,1,1,36.147490656301684,0.2129395476323428,0
-56,4,242,1,1,46.79344627906477,0.1942329296955817,0
-75,3,285,4,1,34.95047253536755,0.01429077004070034,0
-84,2,260,4,1,64.04570201924933,0.4373612915626147,0
-64,4,202,2,0,47.11090341858791,0.007730267340348984,1
-84,2,43,2,0,23.888143870564964,0.5509952833452542,1
-67,6,246,5,0,55.2974644232184,0.24907683217159182,1
-28,4,157,1,1,60.21997787309282,0.6519543449841703,1
-78,6,239,4,1,47.26953182550079,0.049188990232022056,0
-27,5,85,5,0,58.494202951582935,0.2418194823205818,1
-84,6,122,5,0,65.21399494636603,0.8883513770475419,1
-79,2,236,5,1,43.67086571468823,0.4552643473751825,0
-42,10,46,1,1,36.6236563221338,0.6508834851238695,0
-61,3,278,5,0,48.34012824364593,0.7427908347497,1
-64,4,275,4,1,61.999618437652636,0.46854694979147227,0
-72,6,146,2,0,44.616858726978,0.6543933648305748,1
-64,7,161,1,1,60.480300640299724,0.534659566749085,0
-85,1,86,3,1,47.407799721598906,0.3550947663631898,0
-90,6,67,2,1,33.06403367251547,0.01686287008210441,0
-89,2,160,5,1,15.854741944211568,0.37558662096481077,0
-68,2,138,4,0,46.82566431868668,0.9015680855277886,1
-59,7,18,3,0,47.59371334975466,0.1368788666372569,1
-64,6,23,5,0,82.30934849061666,0.5261753206695915,1
-32,6,86,5,1,60.718246421952585,0.05717965453026652,1
-86,3,180,2,1,54.63581657156432,0.20711347354958687,0
-63,4,106,5,1,25.066470920283606,0.9337441982278135,1
-94,10,170,1,1,36.88542928895616,0.7428780757183507,0
-55,5,136,5,1,48.94347755633859,0.7510238591384141,0
-28,8,239,4,1,33.951041516061665,0.1662153018702408,1
-77,3,255,5,1,54.24146849821374,0.32262784423677315,0
-39,7,159,5,1,29.182797338079464,0.4012148277113289,1
-29,5,142,2,0,42.16218605885545,0.8658414754199422,1
-34,6,291,3,1,28.23344020299892,0.9173619850652766,1
-88,4,173,3,1,59.1565972971424,0.1558603675870771,0
-33,4,215,5,1,49.468888414319736,0.6411996332321481,1
-81,8,270,3,0,25.851451979844693,0.752310970673456,1
-72,10,129,5,1,68.97521351107547,0.7163310272566953,0
-40,8,175,3,1,26.698367228758904,0.38185762522183253,0
-76,4,157,1,1,48.18451756545686,0.1622808243140237,0
-92,2,75,1,1,33.097865395887,0.21313710430645505,0
-78,3,191,2,1,71.92139177865822,0.1907160102297949,0
-90,3,183,2,1,61.85586614803204,0.39504053568149844,0
-54,2,38,5,0,57.80768744942419,0.6711861221591816,1
-66,6,255,1,1,48.290297150269566,0.40164517721204185,0
-67,8,75,1,1,49.83201242810345,0.9224496931836367,1
-87,6,184,5,0,21.25753428101082,0.8022213189713018,1
-51,3,174,2,1,34.55713227206309,0.23214888014324964,0
-38,7,8,3,1,48.33512546052115,0.130365024176891,1
-78,5,216,4,1,42.366196073763206,0.2854477871998655,0
-47,6,80,1,1,60.56650960620074,0.6934615790631674,0
-48,4,155,2,1,75.72656081515747,0.5728660039668526,0
-90,5,193,4,0,56.79559484858088,0.8982590836748244,1
-31,5,226,3,1,66.09677040199063,0.546501713897883,1
-37,4,182,2,0,41.957401716490025,0.5382184337322946,1
-93,6,255,5,0,34.883333145955376,0.8562440416916203,1
-39,5,23,3,0,64.50376101613202,0.8939783918831082,1
-87,3,292,5,1,39.15390342631783,0.00648952138699721,0
-36,5,275,4,1,53.757713056333955,0.9112451557542998,1
-59,2,64,2,1,40.05361739261918,0.2999914705537111,0
-50,7,183,5,1,48.32306981752515,0.774156792497166,0
-53,8,46,2,1,60.125613635490794,0.3218275081690799,0
-35,6,83,1,0,24.86039626668575,0.9110655292738706,1
-63,3,213,2,1,49.95387159798605,0.11121657500221538,0
-52,5,1,2,1,41.18851978566508,0.9666149922642142,1
-83,3,173,1,1,33.42695619821737,0.9873445001511152,1
-41,8,186,4,1,59.34153687841325,0.4632296374090289,0
-76,6,211,5,0,62.350352442157586,0.8610550912175915,1
-52,6,49,3,1,42.76786083492951,0.1432959914309344,0
-31,5,4,4,0,57.60748638823331,0.37637062729826765,1
-51,6,209,2,1,47.62734761588933,0.40286573915010404,0
-34,8,134,5,1,59.561884896574654,0.11790631182028422,1
-55,7,274,3,1,50.011568506277094,0.697521888608075,0
-38,1,259,1,1,45.33666039237053,0.10919709942534672,1
-53,3,132,4,0,39.61779424435891,0.7382168001363199,1
-86,8,282,2,1,69.35270958167905,0.9226949839543672,1
-86,5,62,2,1,65.39389297175163,0.6121095775008583,0
-69,2,216,1,1,67.63175733255763,0.8258534343389649,0
-88,5,80,1,0,39.260491652240866,0.136227778318449,1
-89,5,97,1,1,51.275687903002726,0.9796917464358285,1
-93,4,240,2,0,74.26941714432331,0.43648734930770705,1
-70,6,2,3,0,32.0360429333094,0.6488483286945148,1
-79,4,268,4,1,45.64954397800711,0.11346050152476905,0
-78,8,54,5,1,56.32740929241316,0.8128233946689951,0
-60,5,37,3,1,49.8416534767872,0.9414256718178797,1
-69,3,125,1,1,64.04230391192316,0.7219239699289334,0
-86,5,287,4,0,44.77764319160792,0.9953487964272196,1
-55,5,114,5,1,39.956581554005794,0.3417576022985628,0
-82,6,136,1,1,53.01010526963708,0.3816110738671604,0
-31,4,238,1,1,53.89995214358964,0.03735163481581283,1
-50,6,256,1,0,49.669692374380865,0.6257978396212309,1
-38,2,65,4,0,51.221915423035696,0.9330148731304205,1
-60,4,61,4,1,43.47897547813713,0.014628539205070012,0
-71,3,12,4,1,27.572036190452668,0.02554740112160414,0
-31,7,54,2,1,61.385194558732834,0.49149130225952253,1
-49,4,296,2,0,33.31720548082163,0.9803853486444364,1
-49,4,258,3,1,57.08193510743117,0.38713089327228456,0
-26,6,294,1,1,27.945689344967814,0.8924261775360394,1
-47,6,47,5,1,60.24058471620347,0.007591416173914123,0
-93,8,191,2,0,51.67676946994784,0.795545276418689,1
-50,6,77,2,1,47.81233350541716,0.8090185422666974,0
-46,7,290,4,1,35.519056848006166,0.584469931644613,0
-62,4,143,3,1,62.97914159264496,0.9958638754307019,1
-38,8,241,1,1,36.12800741613626,0.9654395601267742,1
-46,2,198,4,0,57.53352080527961,0.9646855564468417,1
-94,7,187,5,1,25.66519080059352,0.7567798069785374,0
-67,10,62,4,1,71.33335374017577,0.11654836343355401,0
-31,4,292,2,0,79.2320234787588,0.3379014257750631,1
-40,5,188,1,1,40.676089322439736,0.5067117639327983,0
-28,5,113,5,0,30.00174419073506,0.20570429497656983,1
-53,5,96,3,1,35.577922797342396,0.7852946667226732,0
-87,4,37,2,1,49.224308141595934,0.15196668684216075,0
-69,2,56,1,1,74.11129020622025,0.3881810010456791,0
-54,6,72,1,0,72.5785803410962,0.8237298801341698,1
-90,6,70,4,0,32.800922054817164,0.9095385699133887,1
-49,3,233,4,1,66.8323827562266,0.7748652675011075,0
-95,5,246,4,1,65.1253174054102,0.33811092073613214,0
-39,3,132,4,1,33.17530065575611,0.9517732844096326,1
-91,4,226,2,1,35.353616904026026,0.7144961527843495,0
-44,6,5,5,1,64.6300360233314,0.440218972971002,0
-44,5,209,5,1,32.16565491772643,0.748835285896717,0
-45,9,134,2,1,32.71790103889724,0.9277710984068192,1
-83,5,222,4,1,61.14977509882468,0.6329886141924184,0
-47,9,33,3,1,75.28132900353579,0.6737144638310152,0
-45,2,41,4,1,44.61063740652473,0.6822006059331945,0
-38,4,62,5,1,46.139130878033704,0.04109931535301814,1
-46,3,136,2,1,45.903281554429974,0.8640959241006102,1
-75,8,53,3,1,71.85467429294492,0.7517170414784834,0
-28,5,65,2,1,64.91133416765445,0.4339793511871648,1
-66,4,113,4,1,50.25199453714907,0.7498764545979597,0
-53,4,84,3,1,37.649457160796906,0.20194086451198257,0
-85,5,59,2,1,47.60716927900816,0.5533427748141682,0
-28,6,182,4,0,47.29044420837235,0.3859214304531903,1
-50,6,184,1,1,62.381712484838545,0.3223550934061763,0
-83,7,31,1,0,52.72664937192135,0.6832766104223897,1
-29,6,205,5,1,77.36524299743445,0.6955851743035442,1
-36,4,89,5,0,66.72875739922671,0.15806130029164933,1
-81,6,51,4,1,45.590071870946474,0.588110053312958,0
-68,3,271,3,1,41.21960908283896,0.082738684750857,0
-90,3,187,2,1,71.96402683332543,0.35397174797886377,0
-58,2,48,3,1,54.87053575326084,0.30224939491319747,0
-57,7,144,2,1,50.103791727328826,0.8008265764418772,0
-50,5,118,4,1,66.25730962746887,0.5469348524482108,0
-49,4,109,3,0,49.581546594949856,0.4069359120313467,1
-37,7,246,2,1,67.82751521052059,0.3826411550655715,1
-57,7,240,1,0,71.54302092357831,0.6941075322306689,1
-89,6,96,2,1,85.97673928382105,0.9965220719246723,1
-94,5,139,5,1,57.96627696463925,0.048150789173200925,0
-48,6,198,1,1,54.60993749422062,0.6079200584648798,0
-40,8,153,1,0,82.14061447223628,0.18787653894114598,1
-57,6,233,2,1,62.27178075732609,0.25595366524993024,0
-29,7,30,2,0,39.24068911691512,0.3956174657932684,1
-60,7,59,1,1,41.32814505343103,0.25337859485795144,0
-41,7,228,3,0,42.39883971901963,0.7645566325310303,1
-45,6,235,1,1,51.00004187856029,0.8130659492556687,0
-73,2,171,4,1,72.43506764603326,0.08439074657019108,0
-35,7,8,3,1,46.99619259780837,0.6670015326808647,1
-31,4,19,1,1,79.8332695813228,0.37384008596545193,1
-86,9,75,4,1,70.18812504766575,0.735558198267917,0
-91,8,133,4,1,59.27693588582328,0.5454742327381976,0
-81,4,246,1,1,41.65301333225035,0.8081187549853212,0
-53,7,232,5,1,57.7581532423844,0.8035676014003101,0
-48,6,284,2,1,57.10001748951276,0.40031089923111296,0
-93,4,31,5,1,48.66349984714514,0.878216310274203,1
-36,4,30,5,0,43.7680392412961,0.3102378614407344,1
-31,9,70,5,1,46.86756427329992,0.5849115002718178,1
-47,5,12,4,1,48.571289168187946,0.07820565691109471,0
-68,1,132,2,1,59.02162957885206,0.02898693009375808,0
-34,5,137,2,1,47.21219907289707,0.08108962832858413,1
-83,5,130,1,1,40.31239369441925,0.6875449055283308,0
-79,5,216,1,1,38.77897621868393,0.2686179570937993,0
-49,10,49,3,0,51.496142512177606,0.2836030272596327,1
-70,9,53,4,0,67.50498187454554,0.2833277386116264,1
-46,5,152,3,0,22.98871646884712,0.5152177962712928,1
-91,8,3,3,0,57.64813974360139,0.31494030568124953,1
-60,5,27,5,1,68.55832464326575,0.03571094902814309,0
-73,5,85,2,0,53.261586210887636,0.9782236685813746,1
-79,6,74,2,1,50.99211672723503,0.5340023057474993,0
-74,4,88,5,0,31.242887845947696,0.9035829853016417,1
-45,4,80,5,0,60.94132907525504,0.29665717611806086,1
-89,4,277,1,1,55.76263822006496,0.661190899731938,0
-44,5,31,2,1,20.76554542672137,0.9328120149702568,1
-44,7,4,4,1,68.22421203999558,0.19012589768908128,0
-26,8,77,1,1,61.12778039849878,0.10521847414182428,1
-90,6,109,1,0,37.307935330546606,0.64720913449491,1
-88,2,225,5,1,35.311530197653504,0.719761413019332,0
-35,3,59,1,1,58.60485444915073,0.7476446125967731,1
-62,1,62,1,1,50.866312200008416,0.7267000841845227,0
-91,4,298,5,1,63.39798270769731,0.6677499845209807,0
-28,6,87,2,1,67.54452340468104,0.49991438786685993,1
-67,4,60,3,0,16.132448171869292,0.5554413024408263,1
-77,3,35,3,0,48.53846185998165,0.5273935140878472,1
-90,6,80,5,0,29.294705968802223,0.9882471556902453,1
-74,11,102,3,1,59.37665819373421,0.9971628142794569,1
-94,3,140,1,1,67.68109664007876,0.9151937114245665,1
-71,3,101,3,1,76.60002585506491,0.9629802480652716,1
-90,7,70,4,0,35.519085726269026,0.2681467309657759,1
-75,2,63,5,1,40.74036465414242,0.2840286682027823,0
-44,5,86,1,1,75.28904830935997,0.8325044000323545,0
-83,2,51,3,0,46.646123301441975,0.872432357535145,1
-34,2,81,2,0,38.22337901535454,0.9495213761786002,1
-33,7,247,4,1,51.72338314998737,0.9534269834008132,1
-83,4,295,5,1,45.67243934866984,0.4508566826176089,0
-58,4,264,2,1,56.245262396118875,0.7511537036455784,0
-31,6,22,4,1,55.590860408838445,0.8429406398772615,1
-63,5,298,1,1,30.435989384314105,0.3603984051195146,0
-66,7,146,2,1,80.82214727957972,0.8750589641689428,1
-54,4,298,5,0,67.235220440786,0.16939912563260728,1
-58,8,67,5,1,50.0655537737445,0.8042337890322266,0
-90,5,144,4,0,42.56953059815082,0.7493282557078487,1
-95,1,121,5,1,39.9635485979343,0.44433516708296994,0
-52,6,99,1,1,62.059797438357535,0.8814719638223172,1
-48,8,49,4,1,40.290190977477025,0.32456428425547634,0
-92,6,86,1,1,40.73738464654525,0.35020192531296834,0
-61,10,83,4,1,65.32187156023065,0.06577670341114461,0
-64,3,89,4,1,62.33513448031327,0.614332476584791,0
-88,3,147,5,1,83.30482787007324,0.9218787933693491,1
-78,6,275,2,0,59.09355790244433,0.8625743540614568,1
-76,10,208,4,1,38.99480173549208,0.006501146828415516,0
-56,8,73,4,0,47.92303564053296,0.7115058273781953,1
-89,3,174,5,1,45.31119700802567,0.31126066214956327,0
-44,8,33,1,0,44.257615408845886,0.38649010605851464,1
-80,1,164,3,1,55.40683516146207,0.6349140441376434,0
-93,4,184,4,1,69.2128040465438,0.08917047718638349,0
-62,2,5,4,1,61.185102852103775,0.47843683804087656,0
-50,8,132,1,1,51.06269594078426,0.4681777628802003,0
-34,10,282,4,1,67.40747734115047,0.5461545912071964,1
-48,5,194,3,1,49.712320622492875,0.7045786277731994,0
-91,4,3,1,1,36.08428561573447,0.4591299077754364,0
-84,5,213,5,0,52.891981887594035,0.6523192015535509,1
-89,5,231,1,1,48.52953393080318,0.8383990884866921,0
-38,4,57,1,1,48.78393888487963,0.42168164685289433,1
-83,4,255,3,1,38.762336381956246,0.6088861831192705,0
-78,5,108,4,1,39.39638276901429,0.6340880576141181,0
-59,5,138,4,1,55.21980361697933,0.14898275840999242,0
-51,2,124,3,1,29.51687216793826,0.9948498070617926,1
-78,4,190,2,0,46.02046002723419,0.8617848465377039,1
-43,4,241,5,0,54.40762469275747,0.5702394424458007,1
-75,4,75,5,1,53.44638487914131,0.9691165309407386,1
-32,4,202,5,1,35.59620613371557,0.8090863158033444,1
-70,6,135,5,1,59.511214051294644,0.536349627899556,0
-28,4,240,1,1,56.110957664665555,0.4358269113196258,1
-59,5,53,1,0,81.81249493001053,0.4327064492487037,1
-42,7,46,4,1,45.897736500425566,0.2701470804941095,0
-52,4,145,3,1,36.13160257693749,0.16332240971430856,0
-83,8,37,1,1,54.08528731387945,0.6149172424160594,0
-75,7,35,2,1,58.30701902769822,0.8528053137029477,1
-53,7,109,5,1,61.97195316793976,0.25511138716643833,0
-54,6,202,5,0,58.730410304259024,0.16247915337690344,1
-91,2,60,4,1,44.641965631089626,0.2674553827743703,0
-29,4,118,4,0,70.5912449937331,0.2339964787906278,1
-56,3,57,1,1,30.96873488598075,0.715282131327177,0
-67,2,184,3,1,30.11194866913279,0.8422820987482158,0
-86,5,47,2,0,29.859205027433074,0.15205972777803234,1
-77,1,61,5,1,42.05309269536957,0.9574915578709515,1
-86,5,165,1,0,48.36368154324989,0.16313987622788295,1
-68,8,98,5,1,14.120271656657899,0.05700659464969238,0
-51,4,277,1,1,55.204404453267216,0.16860169123755242,0
-83,4,284,3,0,51.39600164422339,0.6587776784877045,1
-77,3,1,5,0,60.13342846857354,0.8197385409262475,1
-70,2,176,1,1,65.17318041281862,0.10461985054932899,0
-79,5,13,3,0,63.445811122315,0.9651525524330385,1
-30,6,263,4,1,58.88186937118022,0.7967728605698454,1
-71,4,207,1,1,17.955024325460244,0.5390901450222475,0
-73,4,242,3,1,58.88511154732086,0.4793522892158333,0
-69,0,108,1,0,38.333267544434015,0.2961743146016024,1
-80,6,12,5,0,60.9848233286409,0.3345776891128629,1
-54,8,113,5,1,51.40199843060368,0.8892900220719556,1
-42,3,186,5,1,57.433935723465396,0.8349950222048218,0
-26,6,126,4,1,53.001456776361096,0.5523233686554994,1
-31,7,212,5,1,35.37400453692176,0.8394715423230991,1
-44,5,163,2,1,49.27140507541878,0.5851831414984134,0
-80,8,98,4,1,41.561723395719,0.6776737747680467,0
-46,6,13,5,0,47.72519491948694,0.9711055083647545,1
-48,4,179,1,1,59.63705564169899,0.5363085347542523,0
-36,5,98,3,1,36.3296989779526,0.9136080238811446,1
-30,9,164,1,0,68.22316877747802,0.5858923457197281,1
-63,7,294,3,1,56.50727200055184,0.30930766548529764,0
-28,6,158,5,1,35.585509425183844,0.9260427462471071,1
-79,2,166,5,1,40.76781244391738,0.8118107694391947,0
-27,7,36,4,1,38.15971451146134,0.6601879974978584,1
-58,6,93,3,1,28.42359921836894,0.43904326046945297,0
-59,5,89,5,0,48.440768509057136,0.6588872657669321,1
-55,6,210,1,0,35.16758896689879,0.01960342089522016,1
-26,1,107,1,1,38.18156441483232,0.3998664630365941,1
-69,6,158,4,1,46.61880354696962,0.10470515686242154,0
-35,3,31,5,0,64.55950508917165,0.09851507346853383,1
-41,2,167,1,1,30.90116822289711,0.277293896906476,0
-33,2,265,3,1,25.218465024605976,0.08022429180102997,1
-27,6,70,5,1,38.5606562534672,0.21907933566752946,1
-53,3,295,2,1,44.10422156181879,0.4755700767536536,0
-58,4,254,1,1,46.626869330711514,0.132796714990571,0
-56,4,147,1,1,43.234608220768905,0.870327593704692,1
-71,7,124,4,1,43.57971116436947,0.05566614605619913,0
-67,5,226,4,1,31.89158141031005,0.5491765392112188,0
-58,6,45,1,1,71.73992911927525,0.5051579186281667,0
-51,7,6,4,0,31.67495596635178,0.12807850898487927,1
-56,4,281,2,0,50.207452995855455,0.05890866106566606,1
-54,8,182,3,1,70.15319759933077,0.5245189426558096,0
-51,6,129,4,1,40.644259476254106,0.5691305027124413,0
-26,3,24,4,1,35.42993326681826,0.08236744715297573,1
-94,10,40,4,0,28.066364614387656,0.3941133835127284,1
-67,5,181,2,0,39.55635169338505,0.46474030951224743,1
-37,7,45,5,1,46.56274011455537,0.03203726676972818,1
-26,4,23,3,1,68.28169861428644,0.8599387467334852,1
-43,7,208,4,1,33.889876708023465,0.5761854125072724,0
-58,8,285,2,0,31.854962218783825,0.20330597100293968,1
-41,5,100,5,1,62.6892188715406,0.6276067213320636,0
-79,5,62,2,1,43.404769866223255,0.7172991516875343,0
-68,10,298,1,1,67.02555285652609,0.33100433598318146,0
-64,7,188,1,1,44.63946296420707,0.13573753126091392,0
-70,7,107,4,1,51.96137103398578,0.6438472028115468,0
-44,7,93,4,1,89.61607624542285,0.6304345290007342,1
-83,4,187,2,0,50.93356088585464,0.38088714829469605,1
-84,3,144,5,1,54.1730689403147,0.05862955909861545,0
-52,4,260,1,1,52.33369203845958,0.6327151243009916,0
-47,1,115,3,0,27.223670209860664,0.7742221911560132,1
-43,6,249,4,1,74.77871505301067,0.110601751482577,0
-88,2,123,1,1,21.81688424758639,0.310026016464951,0
-29,4,46,3,1,40.28970388230999,0.8313762837143706,1
-46,4,246,5,1,60.26634080065588,0.6237219692791834,0
-68,2,167,3,1,59.9019736917626,0.40143816199886495,0
-71,8,255,1,1,54.82978867428674,0.43972863766353476,0
-89,4,285,3,0,43.02500194526737,0.7243569348298357,1
-35,3,237,1,1,61.80067714292008,0.446349664382626,1
-66,3,199,4,1,37.40964794169524,0.9670554032283101,1
-42,2,21,5,0,54.50989173328951,0.016436057932327164,1
-43,5,241,5,0,77.09535739058835,0.7506502585026682,1
-34,10,292,4,1,33.96323508951768,0.7573417806725513,1
-72,3,294,4,0,43.429721573103684,0.275076785137923,1
-45,4,17,5,0,41.31617416062627,0.7945058478747417,1
-48,8,105,3,1,33.73472295838704,0.8862613845298132,1
-48,6,213,2,1,40.92536364941832,0.2762653791314248,0
-45,7,21,5,0,38.53728752489801,0.07102765800128108,1
-53,5,200,1,1,54.50230612290464,0.6180374805617743,0
-87,2,68,4,1,60.12100332963161,0.2772908562684234,0
-71,4,266,3,1,52.490282718118586,0.6469394490806385,0
-46,4,280,3,1,64.94693923119475,0.2430574406047079,0
-28,5,212,5,1,38.74611788462395,0.23551445155666284,1
-53,2,162,1,1,58.82355191772588,0.4889948806787626,0
-61,7,296,2,0,45.75667378575531,0.4103350662149784,1
-58,6,125,2,1,42.69966131379617,0.4805313431584083,0
-70,8,165,3,1,66.56262734815513,0.4949323243392362,0
-45,7,178,3,1,42.29904978835908,0.41143623742666235,0
-40,9,49,4,1,70.5773255667142,0.16035398468777295,0
-30,7,50,2,1,69.9228007205264,0.6366291184450487,1
-33,4,116,5,1,53.50927997973238,0.2708391648379551,1
-88,6,124,4,1,40.81024967784346,0.8603503348085565,1
-62,3,239,5,1,38.79174037269885,0.38669149463878805,0
-85,5,196,5,1,37.3047951273101,0.07394868986970127,0
-59,5,27,5,1,52.89304514747198,0.9344556867627815,1
-54,3,190,2,1,63.418872238538455,0.45021393095657714,0
-90,4,42,5,1,50.65135113224616,0.505063784179996,0
-91,4,5,5,1,29.96462717460386,0.943499229703927,1
-44,4,271,5,1,35.602245466755576,0.16673324780534327,0
-30,6,268,3,0,46.62620690666972,0.991142773743137,1
-35,5,195,1,0,55.96258917636466,0.26498077291688305,1
-60,8,34,5,0,28.54021229418142,0.9815517379172206,1
-60,9,228,3,1,57.96916385145215,0.839068575417683,0
-33,7,244,3,1,64.45869021015562,0.5225156268160511,1
-38,7,267,4,1,77.27418055614233,0.11024448668056652,1
-53,3,237,2,1,52.882883741880434,0.07093765180831946,0
-85,4,280,1,1,34.120631155743105,0.7291667028105845,0
-48,7,84,5,1,63.220904598579814,0.7346208603111565,0
-75,7,31,3,1,30.986334432003837,0.022220639519938357,0
-41,4,108,3,1,52.41463246380733,0.9503842943791175,1
-64,7,205,3,0,64.99888123702118,0.7609876565326091,1
-92,4,258,4,1,44.179571901312066,0.7264709321804432,0
-49,6,169,2,1,76.68480252216582,0.32636128822461696,0
-31,5,131,1,1,51.49774315084335,0.9969869008908617,1
-60,2,19,4,0,35.59636897393751,0.8348745062689928,1
-40,5,283,1,1,38.572323545327876,0.7132530312512708,0
-49,10,75,3,1,57.180115513797844,0.720883074508124,0
-89,7,14,5,1,59.286482465178565,0.977455268334961,1
-50,2,106,3,0,53.24103131080681,0.12855159786044934,1
-29,1,85,1,0,67.13976028943688,0.2863965784275785,1
-56,12,15,2,1,36.062113259695636,0.590403259028062,1
-28,6,221,2,0,39.530351881328656,0.8521327196193863,1
-87,4,109,5,0,48.632911360630814,0.4639471897642874,1
-45,7,196,2,1,48.65860162872362,0.8827368389822446,1
-55,9,12,1,1,71.17469755879337,0.4999835316048351,0
-83,5,162,4,1,37.890058956179004,0.053465724125628444,0
-50,5,17,4,1,57.868237760981465,0.7847144306310921,0
-79,5,15,3,0,56.032997035826774,0.3637615549817358,1
-63,4,168,4,0,61.1688440466075,0.521784766714886,1
-53,4,87,1,1,48.19329506958252,0.8661153782252905,1
-45,6,85,5,0,68.23791681416986,0.9664644373617358,1
-33,3,264,2,0,27.287356170223138,0.29240449356051346,1
-49,5,197,5,0,66.47837319178029,0.43279292420686044,1
-38,7,11,3,1,58.46271510291917,0.38540311851801956,1
-72,0,125,2,1,24.555256473256666,0.9992994759634984,1
-65,1,181,3,0,55.38112082162454,0.9436500718111842,1
-44,3,77,3,1,71.44596089288527,0.21430826216183163,0
-66,4,295,3,1,53.83010150136396,0.11017618273297569,0
-84,4,119,2,0,75.39862612490532,0.1326886118258459,1
-35,6,15,1,0,41.677291556349836,0.14685714864020227,1
-27,4,56,5,1,72.62352397371762,0.19303874129377752,1
-70,2,202,5,0,46.285892781232306,0.23885203536819988,1
-88,7,197,3,1,51.585120879212596,0.4309933420681695,0
-30,6,257,5,1,49.91566123360609,0.476222475539235,1
-37,4,145,5,1,63.75087296473757,0.7983961490029909,1
-95,4,120,5,1,40.222644820031334,0.6862360281158181,0
-65,7,33,3,0,56.416534165259165,0.5307591771858249,1
-77,9,279,3,1,45.819816457406645,0.8694591028404044,1
-48,7,254,2,1,67.68718574353512,0.5976821280278075,0
-56,3,129,4,0,68.72983630834457,0.8355369613800863,1
-80,6,247,4,0,51.199354801486415,0.03584415232456073,1
-33,3,199,4,1,49.6860809552798,0.39258940090865946,1
-39,4,299,4,1,52.903804925985476,0.27795815713098493,1
-26,5,103,3,1,28.39966163224729,0.17446601761438973,1
-48,7,53,4,0,29.185965241583094,0.09163175209704921,1
-91,6,181,1,1,32.78010657493935,0.29158537351219527,0
-73,4,167,2,0,13.951403135280316,0.5185181326097129,1
-67,6,81,4,1,56.654252009620826,0.4501898259776145,0
-65,3,83,3,1,63.22929562280779,0.18813912080632267,0
-80,3,117,4,1,27.87323726150777,0.8372099102892684,0
-65,7,63,2,1,49.890302295979254,0.3965785613115773,0
-68,7,137,4,1,71.05041736059633,0.9430118524931661,1
-82,3,120,3,1,72.27762973909056,0.22532872632877532,0
-67,6,155,3,0,47.93172672738786,0.7960371548635623,1
-85,5,51,2,1,46.226855792366806,0.4513622752009461,0
-71,3,256,1,0,67.6204569842049,0.1615414599392695,1
-42,7,274,5,1,50.15111099154527,0.27163262156005596,0
-61,2,36,2,1,33.948597266849475,0.3377349354815543,0
-84,6,241,5,1,56.32170774095285,0.9021338684470049,1
-32,4,80,5,1,45.204903388108,0.26915364097108974,1
-81,6,102,2,1,33.371637410859535,0.11013602865204886,0
-44,5,265,5,1,40.56675436485234,0.7989525124169056,0
-84,5,278,4,0,53.221985224689554,0.27320183167298207,1
-91,6,292,2,0,44.40482522775287,0.09000794044593863,1
-38,8,88,1,1,56.1095842316323,0.0578524909990914,1
-74,3,258,4,1,44.564177767390625,0.21294052648008344,0
-74,8,61,1,1,37.023134595134124,0.026724504245174807,0
-32,6,169,3,0,40.898137649310655,0.7854450308522394,1
-72,5,16,4,0,62.46190884654964,0.28927169372447803,1
-63,9,223,5,1,65.00151345808372,0.9057446356389475,1
-27,9,193,4,1,32.9702557814184,0.4694267516589584,1
-77,3,100,5,1,46.073184895638555,0.28596067947544745,0
-73,3,10,4,1,42.986982735220714,0.6480810748157035,0
-38,4,114,4,0,51.75683772984651,0.6263651078809057,1
-30,9,271,3,1,49.977875977399485,0.4095211472601892,1
-70,5,72,4,1,59.86954884605353,0.8311482671636855,0
-86,12,82,2,0,30.67790152640338,0.3867822977401486,1
-50,3,219,2,1,60.52133754381608,0.9116844357070274,1
-33,9,31,2,1,59.42312017694508,0.9723287103103934,1
-94,6,47,5,1,53.876025733019496,0.8059448887141532,0
-46,9,83,3,0,65.1169035670947,0.3663926667148053,1
-32,4,195,2,0,42.98680178175805,0.8978669319420002,1
-60,3,204,4,1,64.56176831415713,0.7689840001764066,0
-77,7,24,2,1,42.31626729226679,0.24267135033180454,0
-58,0,89,4,1,42.28685833455461,0.44013270461766985,0
-55,8,120,2,1,64.99986507589416,0.3296795737301249,0
-45,7,120,3,0,54.11770981239925,0.639896436083252,1
-45,4,116,5,1,47.25615052381114,0.6813183040463634,0
-85,7,31,5,1,44.61587082040572,0.9904570074037514,1
-79,5,272,1,1,85.16102076472184,0.12856826460296888,1
-90,6,265,1,1,59.49599821245841,0.765458447246864,0
-51,1,213,5,1,32.31505740564657,0.3881709095177397,0
-63,5,178,1,0,52.58311957978528,0.23289823479923288,1
-41,7,231,2,1,39.01711234528551,0.5117949942754186,0
-60,4,186,2,1,77.34921414931884,0.061784344228770105,0
-90,5,238,4,1,59.872348414309606,0.3125587034702625,0
-93,2,212,4,1,46.84508340701764,0.8388515842643773,0
-27,6,254,1,1,35.49117893028401,0.41703522451317077,1
-68,5,238,5,1,53.807367007010264,0.19315710326965474,0
-84,4,12,1,0,49.570064541946806,0.6530842219930989,1
-93,5,237,3,0,64.23749105357241,0.21782458732864352,1
-95,4,98,4,0,31.823476887659535,0.2531997909830127,1
-86,9,49,2,1,45.29387247652646,0.11586799419138583,0
-68,7,151,2,1,35.188340988952454,0.11694547149308043,0
-80,7,279,5,1,43.58843027549209,0.6620092319346323,0
-87,4,289,2,1,54.92606239460632,0.18521571815056104,0
-42,2,13,4,1,28.140895127008207,0.3125802588597607,0
-36,7,31,1,1,75.88997003141506,0.2886600605848044,1
-82,4,294,3,0,60.99872708844505,0.06267213470196586,1
-95,4,107,1,1,69.50464318683044,0.04486746306259981,0
-94,4,74,1,1,34.95202302645384,0.5920248165277222,0
-77,6,193,5,0,44.31120266103888,0.5961964467224924,1
-41,3,116,5,0,37.3594400950888,0.5117265243245136,1
-37,9,221,3,1,74.5616722382407,0.40842152361373374,1
-48,7,179,5,1,63.759773418150424,0.6315781094790865,0
-79,6,10,1,0,50.02264098767323,0.7983501731560643,1
-79,11,77,4,0,31.9769690789107,0.05160254310898016,1
-77,3,243,5,1,29.94916873780067,0.20826782126756904,0
-61,4,121,1,1,39.69679647817808,0.9666536713277424,1
-27,7,203,4,0,34.6094712866714,0.2669321978457563,1
-69,2,268,2,1,63.79258838066586,0.8475594916654977,0
-74,9,153,3,0,76.97433811447524,0.3505101600967603,1
-94,3,215,3,0,77.22683933824194,0.29751773503139467,1
-27,5,32,5,1,24.489889929020492,0.9576362939984354,1
-57,0,22,4,1,86.93931708278387,0.1769529692998537,1
-28,3,77,2,0,75.48705682251398,0.8674356023210665,1
-81,4,73,1,1,50.515647194918486,0.9066555704372695,1
-56,3,9,4,1,44.223439529560984,0.4472167398935514,0
-49,5,247,5,0,36.560794946168315,0.842627198862633,1
-47,5,62,2,1,54.065513792918665,0.6888931080324473,0
-35,3,229,4,0,31.82978637328708,0.6797015203711821,1
-71,7,240,4,1,54.990637998849294,0.4778829946319899,0
-53,2,212,2,1,21.391670004667958,0.4678323393717424,0
-81,6,179,1,0,46.97338435551262,0.6085381209133157,1
-45,5,98,2,0,53.738122870713255,0.6251618113680982,1
-33,4,52,3,1,59.99015740857414,0.9186731725779644,1
-40,8,125,1,0,59.78001903211643,0.22298596474053745,1
-46,2,37,2,1,66.05029647175772,0.2996654953049618,0
-51,6,21,4,0,46.3968669349622,0.8327570558710377,1
-66,2,108,2,0,63.96517782303657,0.5036775734210623,1
-89,8,46,3,1,86.38118887705839,0.689674201102843,1
-34,5,162,4,1,48.81316666423237,0.03830722199145098,1
-56,4,80,3,0,51.13516307574263,0.9930637167173607,1
-42,5,139,1,1,58.10492303464966,0.0714062735057901,0
-63,4,103,4,0,48.75458003862783,0.901188767898186,1
-82,7,42,4,0,55.5847084790003,0.7232311509547122,1
-67,5,206,4,1,48.6828747254772,0.6978030849052786,0
-63,4,124,3,1,81.18735047700207,0.8562601687666084,1
-57,4,19,5,0,65.84966297528595,0.9056833657708252,1
-94,5,64,1,1,25.4758253645121,0.9729547330228147,1
-47,3,149,3,0,63.396417173281904,0.9818990544779979,1
-89,1,220,2,1,32.78619456973824,0.2037032916565763,0
-64,9,283,1,0,28.66049796178394,0.5757685815522844,1
-36,5,253,5,1,86.80908009388085,0.012097087491401037,1
-71,5,208,5,0,61.219930979408,0.06110707846893304,1
-87,7,240,5,0,31.568309736424794,0.5797293871230053,1
-72,3,27,4,0,83.47244502803699,0.6867592670824648,1
-33,8,110,1,0,44.71281581620028,0.013338044834512619,1
-81,0,245,5,1,40.49018075049601,0.6256732123887586,0
-49,4,283,5,1,63.17619469261481,0.2739693463756029,0
-36,3,182,4,1,45.232063448758424,0.8061479640330419,1
-85,2,97,2,1,66.73330587614372,0.44993829275305575,0
-56,9,248,1,1,52.429825154843144,0.13635379511075751,0
-73,5,72,2,0,45.77944196709136,0.34767667331450003,1
-67,5,297,4,1,47.6628637672714,0.3063828938257044,0
-48,10,73,4,1,45.14969495841927,0.05671359663311071,0
-69,3,51,1,1,73.75904661445225,0.7060024095671912,0
-28,6,239,4,1,23.65654648280635,0.6783262046312631,1
-55,4,115,4,1,59.51114991558852,0.010722802894385097,0
-28,3,87,5,1,35.07793637897119,0.18087403822141157,1
-68,6,291,1,0,56.15760187229572,0.12430463681491843,1
-85,8,254,3,1,50.14267759911491,0.6519330594757505,0
-67,4,240,2,1,42.85590465848933,0.9120680598883183,1
-84,2,195,1,0,62.08840190498188,0.3362259729920992,1
-83,5,210,1,1,50.8427587758848,0.12025177348657679,0
-35,2,206,2,1,48.87828055023038,0.8045418010122957,1
-75,5,53,5,1,65.83252868348823,0.3942081548507492,0
-35,5,174,5,0,57.90813748892632,0.05403959234790234,1
-80,6,279,4,1,44.994760296390304,0.24777182890216842,0
-63,4,255,2,1,60.96094523123131,0.3310942920003558,0
-62,6,25,1,0,65.8984648780159,0.2835917663288866,1
-45,7,214,3,1,46.35149722390462,0.3883850446467406,0
-65,2,242,5,0,54.9950319417356,0.8328660124035029,1
-60,2,87,4,1,54.89844523794582,0.9800210947587448,1
-63,8,193,1,0,71.64925298672927,0.20126360226089246,1
-93,3,141,1,0,53.18982622579835,0.8696731323025073,1
-92,6,190,4,1,54.131474337550685,0.8968273290869464,1
-31,5,237,2,1,31.974015203898432,0.1041707266620383,1
-81,2,195,5,0,46.77812157371038,0.8864643481838621,1
-79,4,140,2,1,56.63722161152708,0.7481937264351614,0
-45,5,88,1,0,78.88602365189092,0.9370646546540563,1
-32,3,204,2,1,60.37732115210132,0.7258647108264727,1
-52,4,121,5,1,58.08815200976929,0.6914791822415791,0
-61,4,169,1,1,45.002985047631185,0.10911264418557753,0
-40,3,182,5,1,51.50521387627029,0.5467038721028958,0
-26,3,186,5,1,44.37820715660642,0.11060575194066447,1
-75,7,191,4,1,45.15843059601616,0.507570620952662,0
-57,6,228,5,1,61.37506031625822,0.8519872181847706,1
-54,3,279,1,1,46.877192843281776,0.019210533073514835,0
-79,5,161,1,1,53.482321522453006,0.1839784976109088,0
-30,7,178,4,1,44.90268247537554,0.049049888269887765,1
-68,5,37,1,0,52.732023065167645,0.20839748021616988,1
-29,2,195,3,0,53.537975986243566,0.6336324372661134,1
-50,2,106,2,1,67.27272718899502,0.5907680595764828,0
-67,3,154,1,0,45.16907905282502,0.9701539625917217,1
-70,5,292,5,1,57.06620606145329,0.08238125202127833,0
-30,6,287,4,1,61.309034074751835,0.2805581171728396,1
-47,7,225,1,0,19.117366291210026,0.46625605424349503,1
-28,6,39,1,1,30.181493935044628,0.9296974986654456,1
-26,7,54,2,1,64.79771005706301,0.10890853339459272,1
-54,9,5,5,0,49.12366534220208,0.4497345010699739,1
-55,1,25,5,1,22.376515752731592,0.6446967183511181,0
-92,6,196,5,1,78.88603130687899,0.398458890819826,0
-34,4,258,3,0,45.410472542821694,0.4766639996195743,1
-55,4,209,5,0,56.52457209010346,0.39202705607897703,1
-39,4,159,4,1,48.06345937289415,0.35673132811230546,1
-95,2,189,5,1,29.899940074631303,0.022093747104774852,0
-73,6,279,3,0,51.459586278543966,0.8070791562587321,1
-95,5,134,5,1,29.231050629089765,0.46533922673205097,0
-62,4,81,2,0,79.09537164092576,0.2271954146877032,1
-69,6,130,1,1,56.22091926383736,0.3104003019331635,0
-65,6,18,3,1,57.57215935522584,0.07002743849986082,0
-36,5,181,4,0,51.2553472996533,0.30333538239498714,1
-50,4,280,4,1,44.76617410338481,0.9042103136067927,1
-90,5,37,4,1,48.920515205456205,0.0814542147344004,0
-79,7,104,4,1,36.15137443443621,0.7002844320692974,0
-67,5,85,5,0,51.4738852260229,0.21544398711178914,1
-85,6,109,3,0,37.16402617035688,0.6991833749902954,1
-85,7,32,1,1,47.52614631628624,0.17951470228359911,0
-57,3,171,5,1,51.675855954844515,0.08928589891793581,0
-67,4,157,4,0,44.865516066122794,0.9245024298478619,1
-64,10,164,4,0,35.44214447920527,0.6304264647136572,1
-51,11,268,3,0,76.83299741426103,0.6038172189682717,1
-69,8,28,3,1,26.20208534513535,0.18131747608210236,0
-42,4,185,4,1,48.91442093941473,0.5000651918869167,0
-57,2,111,1,1,60.142989457705696,0.006508646884609504,0
-54,8,259,4,1,75.40625936322132,0.9858013507485217,1
-66,5,125,3,1,62.85031683977919,0.4291525045518977,0
-39,7,22,2,1,81.6144699305391,0.15726344724733732,1
-26,5,52,3,1,32.87896472806216,0.9215191923374212,1
-84,2,125,4,1,56.917767889162164,0.019756329185807164,0
-45,6,103,2,0,51.84414547080852,0.9355681707661002,1
-26,6,157,3,1,43.046383298500885,0.8576471214221869,1
-29,7,96,2,1,36.93902535904313,0.31740532915896913,1
-52,5,27,1,0,50.012309425145475,0.3978580182372561,1
-73,3,50,3,0,58.40405715677878,0.1729108029905222,1
-56,5,294,5,1,82.24332633842008,0.7165490680232919,1
-39,7,103,1,1,38.94497472795875,0.5219158706823186,1
-67,7,10,1,1,47.94455876801712,0.16371598130087717,0
-73,7,16,5,1,78.18636140367502,0.6925639915143327,0
-72,4,272,4,1,44.8849000430862,0.08182392284596829,0
-72,4,128,5,1,47.539201508658955,0.7793066511884315,0
-44,7,17,4,1,68.29146624432158,0.8633042864353935,1
-76,4,270,5,0,39.85453245446592,0.6357393575301872,1
-95,6,52,4,1,73.08270935704016,0.1073452911679098,0
-62,5,171,2,1,63.66893424556736,0.23771282025275475,0
-32,9,201,4,1,70.23181434260248,0.41583405026802966,1
-63,8,278,1,0,19.04092355595332,0.11531252218200794,1
-77,6,255,4,1,64.75214660843844,0.03530225451406965,0
-48,6,245,5,1,43.39405035332001,0.30513977412050386,0
-33,4,37,5,1,60.60874215993513,0.014624043010017407,1
-71,7,26,5,1,57.76756164477587,0.45990892195516075,0
-36,4,77,2,1,53.5190726159387,0.1069999714835993,1
-50,6,272,3,0,56.0032758625801,0.8839225419612625,1
-63,6,126,3,1,48.528718814055956,0.44004146765420227,0
-39,7,113,5,1,63.99981176977852,0.16336402190091048,1
-82,2,138,3,0,40.18404900873914,0.8149833644785408,1
-37,4,114,2,1,36.38378619863181,0.576166674126867,1
-42,5,284,1,1,76.288352414399,0.6779284224614185,0
-32,5,168,1,0,60.064801032626455,0.9696260191661958,1
-26,6,61,2,1,40.78714372811761,0.3843176354583717,1
-61,4,119,1,1,25.2059815644056,0.14900230483109322,0
-73,3,245,5,1,68.45726534537528,0.5622232498442106,0
-76,8,71,5,1,29.925040597693048,0.0368358171033033,0
-37,14,146,1,0,45.345118140070596,0.6205526585948811,1
-87,5,209,3,1,62.792846591026475,0.3568551531379567,0
-88,5,87,1,1,53.1924891068802,0.7160136409328436,0
-91,11,254,1,1,41.455507946862696,0.8188751704389413,1
-55,5,25,1,1,35.37970521923634,0.4566289891511416,0
-60,5,205,3,1,80.0197693529924,0.5422901390113669,1
-65,9,125,1,1,36.45194586656823,0.23116581965392025,0
-66,7,26,5,0,24.21635065956678,0.4598572477454559,1
-63,8,275,2,1,50.00940247754628,0.23523457997064656,0
-50,4,134,3,1,49.065772641415265,0.18370938544939186,0
-85,4,186,3,0,39.08075198788531,0.4548864490728314,1
-89,6,74,2,1,44.6761796945115,0.8546832080928685,1
-93,4,208,5,0,40.40185871000706,0.572529873623784,1
-32,6,167,5,1,53.16211083044937,0.4899651763271299,1
-91,6,249,2,1,43.15848488282931,0.4729837666521338,0
-38,9,267,5,1,43.90663505939766,0.7688552706898137,1
-37,4,80,3,1,47.94722107205209,0.2550594524694749,1
-42,4,183,2,0,46.61656282428554,0.7869654919674565,1
-62,4,278,4,1,50.7725407995998,0.1694882749200567,0
-51,6,261,1,0,43.33337990996604,0.3983100570133833,1
-33,8,160,3,1,50.83609659989552,0.006920095584826758,1
-64,5,64,2,1,59.97144634586544,0.4995017699989548,0
-68,6,72,4,1,57.3737976138571,0.7841322586084434,0
-79,6,187,3,1,53.21021584551255,0.4517691173956855,0
-36,7,151,3,0,13.041699579735337,0.653458278205396,1
-67,5,127,1,0,21.441656988121995,0.9416053369059946,1
-41,6,119,1,0,39.54452795952707,0.97184209147679,1
-47,7,229,4,0,54.27259543033175,0.290509412778189,1
-80,4,258,5,1,40.29570418822969,0.5469090192652281,0
-73,7,189,2,0,45.122611490361884,0.6953056776022964,1
-60,7,43,5,1,64.53774481043402,0.12455538839948932,0
-83,4,118,5,0,61.00277693706824,0.6592914727882141,1
-63,5,76,5,1,66.90015019145193,0.4102857106531591,0
-90,8,159,4,1,40.359270168346036,0.27150992673788865,0
-70,5,155,4,1,34.97259473343248,0.8231959969402122,0
-86,7,171,2,0,62.50807987144508,0.9613247181162168,1
-87,6,210,1,1,32.22739909287472,0.40479540586173823,0
-39,6,4,2,1,57.10572539808389,0.9037299762136376,1
-45,5,162,4,1,40.11051444724325,0.8459016674371129,0
-42,3,46,3,1,46.4576814821416,0.09465438039363916,0
-83,5,116,1,0,61.986521960328325,0.4336459247320299,1
-80,1,283,3,0,39.56719774694893,0.22127675537223324,1
-38,9,93,5,1,37.4196388318473,0.890083169546758,1
-33,3,45,5,1,52.277145707232684,0.8556873679208534,1
-31,3,186,3,1,52.169414506843154,0.21699774606031685,1
-68,4,30,3,0,63.09753938572382,0.6739198740845365,1
-50,6,145,5,1,36.59761623637881,0.2820991618716504,0
-33,4,105,5,0,48.49789534217002,0.4644926696283156,1
-49,2,210,3,1,79.96267555238308,0.254388808283049,0
-61,6,157,3,1,42.93803765438194,0.6423326205578509,0
-75,6,117,1,1,75.41646390351836,0.06662696094429998,0
-41,2,185,5,0,48.440594604663126,0.9709866519036069,1
-89,6,84,4,1,28.472816106949683,0.4033569717378751,0
-42,2,246,5,1,55.75310703436532,0.702920998061968,0
-67,5,294,4,0,46.899599696088224,0.5240045757842865,1
-61,7,251,2,1,58.55132486331124,0.7390403874984554,0
-32,8,43,2,1,53.985579365463884,0.918094793200539,1
-55,5,202,1,1,44.00922010960179,0.9345655747071387,1
-70,1,114,1,1,80.36042804568885,0.14585555888350454,1
-85,1,56,2,0,48.503595870286,0.7981759384617949,1
-79,4,21,1,0,45.87890047040349,0.6991964733528545,1
-63,5,226,4,1,70.54265213612422,0.43335120693063933,0
-71,2,43,1,0,63.43458711744594,0.32261206144141763,1
-75,6,27,4,0,49.448895416511284,0.48442519539193907,1
-36,10,124,1,1,54.75770843074777,0.22369214333206333,1
-79,7,154,4,0,34.70478232758331,0.570922151800373,1
-77,3,48,2,1,29.716729738712406,0.6878043336329314,0
-28,6,164,1,1,57.99621110563098,0.5480886170930402,1
-26,6,187,4,0,57.448885267854514,0.660117096125154,1
-40,10,221,3,1,42.747311171951225,0.7271297185132939,0
-85,3,183,4,1,21.70965489697505,0.28661555844972764,0
-90,3,289,1,1,77.92190337018897,0.5581023768728511,0
-83,5,6,3,1,58.693718719772065,0.15505972141241342,0
-54,8,97,5,1,36.936517692980985,0.23821405282914765,0
-56,9,297,2,1,60.58912024627868,0.9215714731765662,1
-83,9,59,2,1,71.30591742192019,0.048752877286102336,0
-43,6,62,3,0,76.40942051936739,0.1334064812782133,1
-40,9,208,5,0,37.393478559954396,0.947893822684675,1
-37,8,280,1,0,51.4842914921604,0.6796424640713253,1
-88,8,147,2,1,33.530725995149425,0.5944640485272361,0
-48,8,171,4,1,63.46589467713679,0.053171685218353804,0
-60,5,102,3,1,41.58741894124341,0.8901633061387604,1
-27,9,287,5,1,60.38169079285021,0.9932649681452719,1
-70,1,143,4,0,53.942859529990315,0.9170987685830071,1
-36,3,118,2,1,33.073718635204195,0.9583093627029349,1
-61,5,182,2,1,71.24304983125951,0.16482188299022626,0
-77,4,202,4,1,61.348911777596484,0.34263539162817114,0
-30,5,12,2,1,46.928221135913965,0.8446949117955828,1
-58,6,242,5,1,93.61723751612135,0.4143135078056419,1
-93,3,165,2,1,60.81598247643667,0.5410512228305804,0
-88,6,63,3,0,45.72479562228882,0.7358286970505784,1
-95,5,279,4,1,20.020833924229862,0.6797912012713396,0
-84,4,128,1,1,45.77627288634601,0.10603848084881229,0
-60,3,141,5,0,50.852335534455655,0.44504528331486537,1
-64,5,272,3,1,56.203562244629055,0.8302435279704073,0
-71,4,217,1,1,88.90078618174027,0.12146226209805322,1
-53,2,131,2,1,37.74090179584322,0.5153744699595479,0
-52,3,84,2,1,61.461335848260006,0.5978213785879017,0
-52,8,37,1,1,73.04211052840664,0.7374764718989887,0
-95,7,259,5,0,49.31325326059574,0.21856778661252196,1
-81,7,5,4,1,41.47284754789277,0.8881136551803771,1
-71,3,47,3,1,38.77810826076137,0.3244506536463395,0
-44,7,82,5,1,42.295260444784894,0.18449041185365034,0
-91,6,8,5,1,44.00653446409943,0.5722876939442573,0
-94,2,234,2,1,71.6102079367693,0.9485263292443564,1
-82,5,31,5,1,40.340008357370436,0.2369358794224824,0
-37,6,19,4,1,69.70015453027395,0.7876751807147809,1
-80,5,124,5,1,63.62833705487977,0.7723409755538425,0
-56,6,142,4,1,64.72144329677853,0.7341473396604719,0
-94,3,167,5,1,23.89462671377084,0.5989020006907649,0
-58,6,205,4,0,37.0714701241304,0.6879795776455575,1
-48,6,99,5,1,38.89488367825403,0.8316534876101951,0
-34,7,271,3,1,33.82453754307702,0.7911449655420719,1
-36,4,108,3,1,57.2399753906196,0.29571077022384895,1
-52,9,69,2,1,71.37013083309552,0.48091767590865286,0
-54,5,29,5,1,38.16034651705245,0.9315196275969178,1
-55,4,155,1,1,44.933764509470976,0.2558230250480419,0
-87,2,214,3,1,38.02721159154551,0.053243287063985956,0
-51,5,59,2,0,65.26562397399502,0.07802866428556798,1
-30,4,81,1,0,44.85259900188633,0.7263249981339686,1
-93,10,175,2,0,41.434301331884875,0.6202048319408592,1
-85,4,184,5,1,80.71477855845274,0.5337003734151716,1
-83,6,139,1,0,49.47901606607729,0.0399551485735431,1
-44,4,214,3,0,45.879787667662214,0.8134545715784511,1
-94,8,203,4,0,33.20613497054903,0.22422213988941797,1
-72,4,280,3,1,67.43044403340429,0.9539652333252742,1
-75,3,68,2,0,40.85782711235889,0.05802962709428072,1
-92,5,38,1,1,53.351814292085244,0.6096427925841738,0
-82,6,113,5,1,27.868870496430628,0.805887227795081,0
-76,7,42,2,1,37.59623966088732,0.7847758312702351,0
-87,3,94,5,1,63.4711874115744,0.11626815126626522,0
-58,5,125,5,1,53.10870922647383,0.7620099404776617,0
-71,8,90,3,1,37.45492250503058,0.4646460011407888,0
-44,6,211,5,1,62.43835378455668,0.5969251357296542,0
-59,2,154,2,0,38.80636986821841,0.42504659380264576,1
-73,8,11,3,1,50.83111518993555,0.7127527551936957,0
-38,7,227,3,1,41.69839974799217,0.5648157819919711,1
-59,4,193,1,1,67.112218733197,0.1893369451789777,0
-82,9,231,1,1,54.89589229353365,0.11875558426644217,0
-54,5,51,5,0,54.27864215815332,0.9816488762882668,1
-56,4,80,3,1,45.51421385178326,0.06856480692609745,0
-54,8,6,1,1,41.018548270653696,0.28692451375669015,0
-81,2,68,2,1,40.72172121070109,0.9442618634671276,1
-49,6,236,2,1,37.25397748917612,0.1989284136652799,0
-65,7,1,2,0,45.16314850634082,0.7333695515076037,1
-86,4,103,1,0,48.75441360270272,0.433218635177845,1
-64,5,156,4,0,27.002381069564983,0.3338195685526012,1
-95,7,54,5,1,23.876455246233128,0.6676693147712001,0
-27,3,112,2,0,51.06847096188522,0.7468265061490941,1
-32,9,172,2,1,36.4379173534778,0.15244288440790354,1
-54,1,218,2,0,32.67455239387972,0.31525124302640506,1
-91,4,136,2,0,61.39869264764725,0.753849973057166,1
-69,7,46,3,0,44.49121180598532,0.9784342239890393,1
-48,8,198,3,0,43.98064346043002,0.6943952633422986,1
-28,9,118,1,1,25.060439514945607,0.02760317757301478,1
-79,2,102,5,0,44.80645461154006,0.0056882235293770345,1
-87,5,152,3,1,42.65367270577363,0.8026396960775404,0
-82,4,242,1,0,55.50945359923123,0.1152258213095968,1
-41,3,215,1,0,56.10055525922435,0.21320428276094905,1
-52,4,43,1,0,59.926677193689336,0.8299936458624358,1
-34,6,270,2,1,58.009403323384845,0.41184979233232266,1
-63,3,26,5,1,61.09505049594234,0.6963468144977853,0
-54,5,210,5,1,39.024787325768536,0.8594805218597226,1
-86,1,32,3,1,71.2692942306499,0.5427446433562887,0
-81,6,214,2,1,30.60980748935036,0.6397539838222649,0
-68,10,210,5,1,53.67069094376381,0.8661260590941703,1
-32,10,89,5,1,52.10834604810125,0.21136664381511316,1
-72,7,3,2,1,55.144744510494775,0.7301134379017,0
-87,4,123,1,1,33.07535283506226,0.1526975456356484,0
-85,7,171,2,1,63.485222297477364,0.7517834544376708,0
-33,4,90,3,1,62.26799637424454,0.33034801190716245,1
-38,4,58,1,0,53.648323598783385,0.7059757751249032,1
-70,4,72,5,1,59.30139796380301,0.501893025160152,0
-48,2,219,1,1,37.79960095326663,0.3391429592187487,0
-38,8,155,2,0,48.89878658911296,0.42752215456025355,1
-89,11,147,1,1,46.83261529887285,0.49801039383443346,1
-66,4,128,2,1,68.80787479271618,0.8824511550400854,1
-85,6,265,5,1,37.94508314242808,0.6834420272750333,0
-30,9,24,1,0,53.79859346606639,0.4712247512082587,1
-38,7,79,1,1,53.79932761262163,0.8507993783196138,1
-75,4,297,2,1,68.51962868325175,0.32612583145167373,0
-58,11,149,1,1,53.76166800093684,0.8403296126633181,1
-31,3,277,2,1,27.34524499250365,0.5119927501945793,1
-92,4,82,1,1,73.30119161172713,0.03704615319735072,0
-68,5,255,4,1,43.011832328303775,0.7628288663942945,0
-76,6,161,3,0,51.672272257266165,0.07700493320219459,1
-93,7,55,5,1,43.239144153105805,0.21297891822189063,0
-47,1,58,2,1,71.51008744148467,0.6768855167565773,0
-59,4,190,1,1,58.692808120524234,0.22862725864897293,0
-54,4,125,2,1,42.812761834365006,0.0954512501852276,0
-86,6,188,3,1,29.335615159046593,0.8845712064137673,1
-36,5,251,1,1,26.7443469360314,0.6608079429275284,1
-92,4,94,1,1,60.58416279607517,0.07658722741705981,0
-66,7,293,5,1,34.04110393009236,0.5519667214249021,0
-65,5,106,3,1,50.71271952141933,0.5775212879124432,0
-73,3,238,5,1,35.59374619386156,0.35772001967147127,0
-87,3,54,3,1,47.22982028860146,0.04375170000675532,0
-53,2,164,4,1,47.16170010464282,0.6513831711560145,0
-80,4,58,2,1,62.930783525006504,0.7148108333063147,0
-90,6,26,5,1,7.726152317560675,0.7403284847553586,0
-57,2,234,2,1,44.30135151597229,0.22832466292047604,0
-57,5,30,2,1,50.40156099132553,0.27190404440149385,0
-62,4,95,2,0,48.673923886427694,0.3807208812354752,1
-49,7,237,4,0,21.11656973344696,0.259372533524196,1
-28,2,53,2,1,51.671797958229085,0.4912345688318851,1
-43,6,137,4,1,93.13684826141993,0.5032580832903554,1
-77,3,79,4,1,53.16016116188195,0.95183854696666,1
-70,8,32,1,1,59.743293341754224,0.2992366974870174,0
-64,1,115,2,1,65.75476109055471,0.8109912730552393,0
-30,5,92,4,1,51.18767694462459,0.28826134307358275,1
-69,4,95,1,1,44.43883669558739,0.07209906915017994,0
-92,3,185,3,0,50.3103887428139,0.8460868617723669,1
-75,5,97,4,1,56.72787917888059,0.27865034052281834,0
-45,3,38,5,0,25.112454687000934,0.8081683109125392,1
-35,2,111,2,1,50.33872737678094,0.8707639611221499,1
-61,6,35,5,1,48.01824415738015,0.9035081053570586,1
-87,2,236,2,1,66.83680360177647,0.8954557782349511,1
-89,2,90,2,1,63.529958485281796,0.627536489945376,0
-66,0,244,2,1,30.92253420446237,0.4928482809843965,0
-58,4,78,4,0,54.00046519825871,0.6006447010702178,1
-37,6,102,3,1,55.06448398986152,0.943022115856759,1
-50,4,247,1,1,80.70968694484793,0.4013128277437509,1
-55,5,281,5,0,48.26814024216216,0.6231148401627745,1
-69,3,260,2,0,41.6985313103717,0.7253651528437021,1
-44,9,6,1,0,53.301787932491436,0.8420449383160855,1
-79,2,1,3,1,28.48189296529371,0.9716837505702006,1
-92,3,38,4,1,55.49979804098134,0.45187905670366957,0
-46,12,100,3,1,47.39988012129051,0.2804275350582782,1
-89,4,38,5,0,40.3113416175122,0.5406432479523504,1
-67,7,256,4,1,29.7467285463187,0.5276123313583823,0
-87,3,175,5,1,39.72188657462385,0.8707523529985529,1
-48,6,13,1,0,36.16107329569404,0.28250590127444486,1
-55,4,33,5,1,52.23871338504827,0.7514625356278136,0
-44,3,35,3,1,55.638367564231984,0.8706235634113132,1
-43,5,279,3,0,43.4526721202821,0.06464641962497297,1
-40,2,63,5,0,38.0029886384673,0.5374623702690018,1
-52,11,47,3,1,39.99935162387601,0.30526242901741474,1
-74,3,191,3,0,39.3922919141007,0.6494384225785134,1
-49,5,216,3,1,58.73147607819332,0.38214279603569457,0
-93,10,5,3,1,58.650413258488335,0.16107970149571416,0
-46,6,122,5,1,48.01562023180756,0.6396881263794283,0
-86,7,220,3,1,55.69739492058866,0.03332879497625596,0
-94,10,38,1,0,47.581750916113464,0.6208040852687936,1
-94,5,160,4,1,42.883543870253625,0.47152548545207984,0
-82,5,292,4,1,48.03681254578256,0.17265794614904295,0
-30,5,256,5,1,56.6904291449425,0.8376609057760555,1
-38,6,19,2,1,46.25490548287606,0.09238490699624413,1
-76,6,204,3,1,47.574663379624084,0.07400457569950247,0
-71,3,266,1,0,48.17517315847801,0.1643584413655511,1
-91,3,7,2,1,46.28201032361002,0.2012013468444066,0
-31,6,247,1,1,54.59768309704692,0.2135113681210251,1
-91,6,4,3,1,36.58333699719229,0.5869455649134517,0
-65,5,263,2,1,46.23578308487972,0.3239669328305401,0
-77,4,198,1,1,70.96878371887648,0.5063847777826904,0
-26,5,4,2,0,55.19220415928602,0.6431576030590171,1
-67,1,59,5,1,38.351850657047315,0.05274252990653738,0
-69,5,44,4,1,54.219903199225605,0.0976876734565012,0
-55,5,192,5,1,48.15099625728951,0.2791962334981254,0
-50,5,144,1,1,36.17422345926169,0.5103072642112257,0
-65,5,61,4,1,59.21780068512869,0.6420532476558896,0
-60,2,76,2,1,50.13518543132,0.537812364629383,0
-28,5,29,3,1,57.26904692952835,0.29686785103276847,1
-83,6,50,3,0,38.295978710581274,0.2979311574132959,1
-93,5,218,3,1,62.24236840789659,0.27316305608022706,0
-38,2,6,3,0,55.30965327595513,0.6039989289954415,1
-29,3,166,2,1,78.38980562505671,0.14950630987379698,1
-53,6,62,4,0,41.31425410278295,0.9929628003132313,1
-48,2,261,2,1,40.89106646939846,0.4584125230554583,0
-75,3,67,2,1,65.36012382608867,0.21407942145626813,0
-79,6,38,2,1,64.5845227290419,0.23253294738528463,0
-56,6,181,5,1,26.24156613368226,0.20439961887593938,0
-44,4,68,1,1,32.346201618026235,0.7140262145869054,0
-63,2,133,2,1,46.838690145884684,0.9258905537259499,1
-61,7,53,2,1,41.69447877556331,0.2398319221740709,0
-35,9,99,4,0,78.93991979483447,0.011886408847383678,1
-74,7,56,2,0,49.19238390407077,0.3917273511513292,1
-58,12,39,5,1,47.404720670038884,0.8206577702855591,1
-57,5,189,2,0,38.21172598125124,0.2445124151940462,1
-57,6,29,3,0,56.42134563871461,0.08686554827196069,1
-91,5,107,1,0,43.525876884199604,0.41861498597485536,1
-87,3,225,1,1,43.522740355046096,0.34546177306327874,0
-27,2,199,5,1,37.067548761439404,0.4999210274112006,1
-72,6,89,3,0,38.241877681047185,0.5015890466733597,1
-88,5,26,4,1,49.14984831863315,0.13224012441065802,0
-55,5,199,4,1,68.56251053806889,0.7116508103070931,0
-67,6,239,4,1,44.3141600648178,0.9074148337776627,1
-69,6,226,2,0,39.382382213671335,0.9487807744991863,1
-62,4,182,5,0,71.00458711061418,0.8834855764079825,1
-66,7,9,1,1,34.570791188519486,0.8319776487488372,0
-60,7,161,1,1,22.51126601453302,0.014679235067735275,0
-58,2,158,2,0,78.4745106554345,0.22953288417216056,1
-66,5,120,1,0,58.71301039132639,0.3415699695010913,1
-69,6,220,1,0,45.838569375064026,0.5097596953454672,1
-82,3,28,4,0,43.33832006932429,0.9631575235839414,1
-49,2,102,5,1,43.172706739271774,0.3115892706734371,0
-89,1,186,3,1,76.96470644484324,0.7939506871051523,0
-93,2,49,2,1,47.92373221490038,0.9773629079086362,1
-67,4,213,2,1,36.32303177508984,0.3378649436435579,0
-56,7,272,5,0,74.85903614771696,0.11652554069931698,1
-50,4,198,1,1,24.28066069201824,0.8266109663519666,0
-48,3,155,5,1,56.517790223129936,0.8134255606523169,0
-84,3,108,1,1,34.68131017844641,0.9196213008359965,1
-81,2,236,5,0,83.26618034822721,0.5996544250464793,1
-69,2,31,2,1,50.254432243324985,0.9362339011968529,1
-34,3,284,2,0,44.49437905876317,0.1925976832614592,1
-90,4,207,5,1,44.389338134080056,0.040702441820043345,0
-65,4,154,3,1,54.09158211506809,0.7429088460488028,0
-29,14,49,3,1,29.97353230673369,0.2488315556658831,1
-52,7,95,5,1,34.21599536309003,0.3273603097613478,0
-38,4,32,4,1,64.22451965687273,0.17183516668604337,1
-56,6,238,1,1,41.818840704749725,0.6432130030224263,0
-66,4,215,3,0,50.64771721028275,0.47842867676945544,1
-33,5,207,5,0,19.247914361669704,0.7683152979282216,1
-62,8,151,4,1,69.00773197608325,0.11809175819713336,0
-67,4,164,1,1,61.53706122105662,0.5892096105220436,0
-38,8,107,5,0,63.19487108569166,0.2266682313623034,1
-50,2,138,2,1,63.16864696629503,0.11829889004072147,0
-45,6,102,4,1,31.51702300530343,0.3026047233679574,0
-59,8,141,5,1,36.49056552513413,0.23966118582619134,0
-34,7,56,5,1,46.418074037003,0.931137909192623,1
-60,8,166,2,1,58.22401023250899,0.3855850050644063,0
-64,5,154,4,0,63.16676400976867,0.17991419661069818,1
-94,4,76,3,1,33.990673798959406,0.28047755164244803,0
-37,7,8,3,1,40.62964051683845,0.6425540115154905,1
-69,8,157,1,1,48.60519075463622,0.10511567829893342,0
-94,5,72,5,1,43.79576741705648,0.23528390660322374,0
-59,6,21,3,0,67.06376344091557,0.9236958796601622,1
-85,3,285,5,1,71.3781797482142,0.5959473043293955,0
-91,2,114,4,0,49.580240109938075,0.25820439283705,1
-74,4,12,4,1,51.327552107268225,0.7497242022136001,0
-95,5,277,2,0,64.5860831811276,0.47640471873836,1
-56,4,110,3,1,38.08066236161534,0.6857624417600562,0
-41,5,233,1,1,63.80151820769217,0.6491074289367045,0
-76,8,269,1,1,75.65747564801384,0.2750492885923935,0
-26,1,198,1,1,42.90989153090105,0.46927184636292907,1
-41,5,157,2,1,48.20843176044398,0.9122022880249324,1
-67,6,90,3,0,52.57209785671443,0.3720124411459699,1
-71,3,267,5,1,43.639992645976896,0.8727178412956929,1
-77,4,152,3,0,46.18969150743989,0.7631467101641358,1
-43,8,47,4,1,58.988942381011974,0.19725277773071948,0
-61,5,92,5,1,57.916218640872415,0.7373548100248611,0
-72,5,207,5,0,49.30835709578265,0.8464517003210484,1
-72,5,152,5,1,54.56875509620234,0.7049198163017738,0
-89,2,82,3,1,46.34865871169077,0.9419509036613675,1
-37,1,17,1,1,57.02668599318209,0.8851926919551538,1
-64,6,249,3,1,51.57667965680559,0.8797726271226475,1
-56,7,32,3,1,78.01938458030021,0.38636462483531686,0
-78,5,83,1,1,37.37588377063534,0.09576536010649483,0
-38,6,273,3,1,31.498496556869142,0.5148799199722609,1
-74,2,182,2,0,46.25922543711951,0.0006747294865960818,1
-55,1,261,2,1,41.46372004279485,0.6689139272342777,0
-61,5,130,3,1,21.70757985844431,0.6583008784044032,0
-77,5,164,4,1,47.20965466375246,0.1946042300214995,0
-53,6,147,2,1,48.61271379628573,0.49904145772112896,0
-39,7,280,3,1,60.62410162453897,0.9707687241427468,1
-28,5,42,3,1,64.90691001364698,0.9574898009560936,1
-31,5,87,3,1,34.77118589980578,0.31520899251972134,1
-28,4,232,4,1,52.55670575619449,0.3165823090990735,1
-27,6,43,2,1,71.55812208830028,0.6089330209896426,1
-30,4,106,2,0,57.79002121252831,0.7219133493118358,1
-71,3,178,3,1,68.45864393618614,0.5128122969253716,0
-54,13,20,1,0,19.24467139374276,0.3532852850739884,1
-73,6,35,2,0,58.27368300097784,0.07658093136761379,1
-46,5,27,1,0,63.5086384334793,0.5195834681568073,1
-82,5,66,4,0,62.34032444359444,0.2606915481531138,1
-62,8,171,2,1,85.52328543895982,0.23946310081659306,1
-73,11,62,1,1,60.180260972262985,0.19042946338976185,1
-41,4,290,5,1,58.28229819759849,0.8548111563172811,1
-37,6,292,1,0,41.38672069689664,0.7975372605818766,1
-46,3,287,5,0,44.10184650826216,0.6969901542217924,1
-41,5,181,1,1,34.144120425063136,0.40609004218390676,0
-62,6,291,4,1,52.82072849515131,0.7373469822607903,0
-27,11,213,3,1,50.575579514205934,0.3550148819732395,1
-27,8,4,1,1,59.018297802771315,0.6072582053602069,1
-83,11,112,2,1,41.65839858834495,0.1882406555595525,1
-63,5,73,5,1,33.62096809147799,0.9162619838498018,1
-39,5,71,5,0,44.97074788223995,0.462648367114872,1
-31,3,219,5,1,30.966911110913312,0.49049465163702,1
-65,5,146,3,0,80.46430426023724,0.9673755319781978,1
-75,3,246,2,1,30.575390388558706,0.781827712648912,0
-66,7,215,2,1,62.15812998420407,0.5066492416787051,0
-62,4,193,4,1,79.69000427575817,0.4044796953079547,0
-48,7,6,4,1,59.67722962095757,0.6614930204143176,0
-83,4,6,1,1,52.3066427033104,0.24664337536167524,0
-50,4,145,5,0,50.23042702406811,0.07164166537153616,1
-60,2,25,3,1,39.75008270724249,0.7988105198655018,0
-69,5,108,3,1,50.35822613573805,0.16618117347097183,0
-64,7,255,4,1,41.520534553069396,0.9984169636492549,1
-48,5,154,2,1,29.40180932895909,0.22000015071414647,0
-26,5,170,3,0,56.690854162638004,0.23286696234834114,1
-75,5,166,3,0,56.90295747522677,0.33217328778848565,1
-34,5,136,4,1,64.84118985474154,0.07394729448486537,1
-65,4,292,2,1,61.35692209112261,0.49483570517387054,0
-71,5,103,1,1,57.50141094703051,0.6716061911014716,0
-89,5,243,1,0,34.2562685265142,0.24498847254794043,1
-80,3,279,1,1,47.95814254728874,0.013376239408776525,0
-66,4,131,2,1,66.84830763457788,0.0047702561781248765,0
-50,2,144,3,1,49.68121133078026,0.46470068189745695,0
-82,6,279,4,1,58.38906504121234,0.024408178592608243,0
-80,5,84,3,1,63.763397156795335,0.14212703691587658,0
-89,4,243,3,1,68.27929017247237,0.9974385048873267,1
-67,3,255,5,1,75.55550957575684,0.5602547245168339,0
-55,6,250,3,0,35.04420565430482,0.3891714717030217,1
-80,2,121,1,1,21.822080095893575,0.6241813089408278,0
-41,3,125,3,1,50.9195602042223,0.894926515139504,1
-36,2,55,1,1,19.138454632226427,0.8430351646384902,1
-33,3,259,2,1,44.302874298470485,0.9558370369750374,1
-64,3,93,1,1,49.022646559088415,0.6356223077977161,0
-51,7,25,5,1,57.533818938180495,0.9553757278069176,1
-51,4,189,3,0,60.541896628716316,0.7367590901264514,1
-75,4,282,5,1,45.99739187269045,0.6501105997281013,0
-69,2,186,1,0,41.91860561763559,0.8051475781557017,1
-82,9,5,5,0,39.22512669074278,0.8403260597043828,1
-81,4,234,4,1,59.513204466317475,0.18801715355357784,0
-94,7,261,3,0,22.350674925927283,0.8139091067848093,1
-77,4,211,3,1,53.60636628042214,0.6111544902263005,0
-54,4,156,4,1,45.223946389188605,0.012656770211862511,0
-61,5,24,3,1,60.90919063905739,0.0487580987901991,0
-64,6,160,5,1,34.3900784200367,0.34228271266632226,0
-66,3,118,5,1,79.75930681422177,0.5998341177615691,0
-65,4,293,2,1,76.34739922512979,0.7170272962180809,0
-34,0,89,1,0,57.31800250544014,0.43154978550708445,1
-78,3,279,4,1,28.809768994896324,0.5187364357889943,0
-47,4,141,4,1,39.5565742944173,0.5019692206275332,0
-45,4,156,5,1,64.89763603727629,0.5243999724408593,0
-55,7,264,3,0,71.8401768139787,0.6999187748384222,1
-66,6,176,2,1,58.55700260926146,0.3095504729994665,0
-33,5,5,1,1,57.89874990275301,0.712810757115764,1
-81,5,11,2,1,51.88105040838567,0.37750026480846555,0
-46,3,293,1,0,49.04651622899066,0.8329234276131146,1
-65,2,123,1,1,31.76284327623978,0.9874583451549976,1
-29,4,21,2,0,33.83747641668173,0.2726890400480637,1
-39,6,27,1,0,50.468616844669214,0.9280525240687937,1
-87,3,155,5,0,32.13377252472738,0.7480852498714332,1
-33,5,144,2,1,43.63035006626134,0.7201111188748665,1
-51,11,40,5,1,56.18331040348171,0.5889817000934034,1
-50,3,285,2,0,59.852298191303376,0.33399770608816925,1
-26,5,57,2,1,18.60070544018447,0.7581100878836062,1
-93,3,278,4,1,28.602669412057015,0.4198863194402218,0
-57,0,6,2,1,49.658888309423816,0.030499389647881348,0
-66,3,77,5,1,76.96477223009546,0.969779208311758,1
-64,6,221,2,1,49.53292895496034,0.5571099121041476,0
-58,6,18,2,1,63.85961501251393,0.8504901885825635,1
-69,5,208,4,1,58.18415995071243,0.5222674322818184,0
-63,1,274,5,0,48.42270129057001,0.851586541015107,1
-30,4,239,1,0,51.77406082489368,0.8531623920501982,1
-81,9,239,3,0,50.12380056818797,0.3800861448130596,1
-35,5,64,2,1,58.0766734356839,0.7118502228763062,1
-50,5,130,4,1,57.302414421666526,0.6144589259733629,0
-58,4,194,4,1,57.71089521309379,0.8618640162829053,1
-75,8,75,5,1,43.28725729284565,0.6456915270625141,0
-37,3,32,4,1,34.09415273922818,0.662686954847289,1
-74,4,44,4,0,72.99866826923156,0.3995722587142272,1
-44,5,82,2,1,56.23058244371697,0.771272616208134,0
-53,6,236,2,0,58.82473546357413,0.8598319454143022,1
-76,3,31,5,1,34.113659051298335,0.2716668066830147,0
-56,3,156,1,1,76.84003742949925,0.8905058504351772,1
-41,2,196,5,1,53.39944130558611,0.6544198355397227,0
-67,9,49,2,1,37.50833183345975,0.6177555141315761,0
-47,6,180,5,0,25.22987756867002,0.8102394628992677,1
-77,1,46,3,0,69.64635748811054,0.34511846443468486,1
-52,5,198,5,1,65.20289202636478,0.6138414836549797,0
-51,7,44,4,1,47.679050566930236,0.162105210117502,0
-52,1,73,5,1,75.14101889704851,0.6066939634624288,0
-71,3,138,1,0,36.93186531450481,0.1669863529424923,1
-35,5,42,4,1,40.97732727845211,0.09422428516449166,1
-36,3,160,2,0,50.732466872126146,0.5889417840769567,1
-40,10,210,4,1,35.998680999346,0.550977883139597,0
-73,5,9,2,1,77.89883581280475,0.1389144232435333,0
-53,3,166,3,1,42.04445438818878,0.1027554423205892,0
-53,2,130,5,1,51.36527695207444,0.3971469025198663,0
-91,4,118,2,1,59.40264591773086,0.505846376942053,0
-48,0,208,5,0,18.39052557894411,0.3420890412006775,1
-59,5,249,3,0,51.92128832314947,0.4311646483110637,1
-80,2,1,2,1,37.24280922765504,0.95338173440055,1
-70,9,18,3,1,62.91722813697193,0.8698606478712057,1
-68,4,184,4,0,33.74411857600371,0.8880690204626343,1
-78,1,261,3,1,38.26114925861192,0.12774312750901629,0
-58,8,3,2,1,39.03590956894548,0.946066985947992,1
-31,6,224,1,1,29.818731433292246,0.6427082352997653,1
-86,5,76,1,0,43.86866635726137,0.9191146063831435,1
-95,5,176,4,1,62.9224279146021,0.4661458505309871,0
-41,2,116,3,0,63.92475405818185,0.21784052242002627,1
-84,6,299,4,0,52.6319579602672,0.5109172633186193,1
-85,4,53,4,1,42.33629688993399,0.9714042223724817,1
-63,6,125,2,1,63.89090101289846,0.3508663225852223,0
-83,4,294,2,1,63.67263480327795,0.27714284157957325,0
-48,11,27,2,1,24.93643348723427,0.3086279898511681,1
-78,6,211,4,1,39.23870975597859,0.46349617829897416,0
-34,4,65,4,1,61.055434580835254,0.5013116998750204,1
-55,5,298,1,1,53.33803761709234,0.3986944914496938,0
-87,5,36,3,1,59.882408671898034,0.24093220567892137,0
-93,6,68,2,1,33.876418749016906,0.3616248999121402,0
-28,3,249,2,0,20.331540347221118,0.777702390646421,1
-79,8,278,4,1,43.71570864505579,0.7855117848990438,0
-61,4,250,2,1,89.92735572753276,0.29438035887794045,1
-48,5,2,1,0,22.509406805651377,0.15002224985441937,1
-38,6,184,5,0,44.04250739215637,0.48888865647017843,1
-72,6,94,4,1,68.56841301863538,0.8414480255830602,0
-54,6,253,4,1,55.96436140058556,0.593433443140977,0
-32,1,216,1,0,12.266793116051502,0.33650331201826356,1
-83,6,65,1,1,32.004390678167255,0.7970393408645291,0
-26,3,292,5,0,64.91933628912493,0.4096770758231749,1
-69,6,173,4,1,38.54227005899062,0.22481694058946544,0
-44,5,27,5,0,42.34942738228497,0.09067465061294899,1
-50,7,60,1,1,43.1164225381476,0.03987028948436244,0
-72,8,208,5,1,37.58929334863734,0.05175330909058817,0
-42,6,78,4,0,45.754364477010505,0.9479815796671922,1
-55,5,100,5,1,37.16822432346649,0.6521984621920563,0
-67,2,240,3,0,59.26592363151494,0.386386042962381,1
-47,4,227,4,0,45.37409898298472,0.6364057677419397,1
-50,10,212,5,0,67.78078766274396,0.6455614051052366,1
-43,6,261,5,0,21.26288755127512,0.46242433810090544,1
-32,3,238,3,1,74.8845280167991,0.36920392824192283,1
-84,6,50,5,1,61.88142995543912,0.5184949743245285,0
-63,10,152,3,1,65.03508385583028,0.530761950155023,0
-95,8,10,4,1,50.272261492411694,0.3088976022954041,0
-47,4,60,3,1,71.53472428128,0.50081704309384,0
-66,2,142,4,0,67.96321854610369,0.9738779750040815,1
-35,5,220,4,1,34.88559285138531,0.5409362431980751,1
-72,5,93,1,1,52.46746139683067,0.13895492131850362,0
-89,6,121,1,1,62.65352108241041,0.04360036531871625,0
-46,2,98,3,1,60.418520908834694,0.4424194719881359,0
-37,3,59,3,0,43.04527554154303,0.5881911864021424,1
-94,7,79,2,1,33.13501012160775,0.1170871673548447,0
-34,5,105,5,0,44.70336271349837,0.9659442041334333,1
-36,7,178,1,0,81.69809868931182,0.6156122523372904,1
-79,9,89,4,1,36.10263494896484,0.35691736959316356,0
-50,5,4,3,1,33.42170528911165,0.26145084876734703,0
-79,7,141,5,1,55.28920356562462,0.7463609082634696,0
-63,6,276,3,0,44.621605977039394,0.5628304956017943,1
-37,3,194,2,0,43.15046755173703,0.28195100527470085,1
-42,8,153,1,1,65.39243322266296,0.6513584050512053,0
-57,3,109,1,1,34.70859899336611,0.39570214483403165,0
-46,5,46,2,1,79.21836469702642,0.4440478428379937,0
-38,5,135,3,0,51.04789695472642,0.28512590706084473,1
-37,3,52,4,1,55.81522971902981,0.17093779120826913,1
-49,3,71,5,1,62.31531687434912,0.38402458197628997,0
-43,4,64,4,1,49.93427084970181,0.3538813513539305,0
-53,6,20,4,0,73.44624687012039,0.10871173927698252,1
-76,3,168,5,1,74.15727102984805,0.4639972243669551,0
-65,6,211,1,1,62.205349505610926,0.6240896278303323,0
-66,6,222,3,1,52.26028786825791,0.602936067575538,0
-27,2,26,5,1,39.5372514404582,0.37621697781935637,1
-86,2,187,5,1,82.29946773893532,0.03056337125976638,1
-27,3,145,3,1,65.6131887552429,0.013873068145264122,1
-79,3,49,3,1,48.61738879920045,0.6350190700718746,0
-59,4,260,1,1,38.395236321984136,0.9922130237361666,1
-70,7,264,4,1,84.13783822815299,0.5462124994767796,1
-40,6,2,4,0,62.44729651237532,0.8575583966481833,1
-52,1,114,2,1,38.37834254048885,0.2960771175475615,0
-72,5,16,2,1,41.8381891450503,0.3495581125110284,0
-65,4,121,3,1,53.35693055824684,0.6725104926087326,0
-90,2,211,5,1,55.75752226751123,0.40981251865173207,0
-74,6,6,4,0,72.57982589029227,0.8269203657235237,1
-48,6,147,3,1,49.04249766910557,0.19233236963947686,0
-31,3,118,1,1,35.04746581054891,0.490208088943603,1
-30,6,99,3,1,67.46105939490042,0.6610854671689876,1
-47,8,182,4,1,62.94523704856804,0.40965417255231695,0
-82,4,153,1,1,54.906439330888986,0.9010352503184775,1
-76,3,178,1,1,55.10751116025619,0.8854435276612823,1
-67,3,1,4,0,23.026544244172698,0.059799341926098815,1
-76,2,71,5,1,42.389411751845174,0.8307962849842787,0
-40,4,89,3,1,59.19153806958306,0.870133283378779,1
-50,4,130,5,1,48.619549496159856,0.6757708521739515,0
-87,3,27,3,1,46.77423563881034,0.5375177369454923,0
-79,2,263,4,1,73.00035066521137,0.04271866766767052,0
-68,4,255,4,0,61.62681686580382,0.8896144679289798,1
-50,4,297,3,1,60.76295774601019,0.8687327966579836,1
-71,0,129,4,0,35.11595430308007,0.6382157862237271,1
-55,5,159,4,1,53.27363967290988,0.6847732560088903,0
-61,1,214,5,1,77.60943245640732,0.01307538638594341,0
-80,6,16,3,0,19.63973175859046,0.28957699606340803,1
-79,6,172,1,1,55.02399670584042,0.6221359325193333,0
-40,2,125,2,1,25.594971158276792,0.2490928544567138,0
-26,3,182,3,1,68.93938778523572,0.3454500078463286,1
-35,5,29,4,1,38.281559339718896,0.8119560897413073,1
-53,7,139,3,0,59.65928896656757,0.570848430939669,1
-55,3,259,5,0,56.58478654945425,0.26021893232485704,1
-35,4,78,3,1,54.038758599609494,0.8931851829241537,1
-32,10,121,5,1,51.402024378595925,0.9101480954130152,1
-73,8,197,3,1,70.37292234330744,0.7112141516880277,0
-43,6,10,5,1,30.93945080531632,0.021532600298598048,0
-47,6,96,2,1,45.46651442274975,0.07140621125825453,0
-81,6,236,4,0,62.7901843449816,0.6017042846555698,1
-48,6,242,1,1,32.745043497924776,0.15073548348078325,0
-68,7,203,5,1,31.1284313466985,0.05960434113844626,0
-48,3,120,3,1,62.51678305502828,0.16562019173291676,0
-81,5,134,3,1,56.55567492693218,0.14552946171476744,0
-45,3,240,4,0,42.91483450320382,0.28285430096941655,1
-36,4,227,3,1,49.39865112691608,0.47108565702574756,1
-40,9,49,2,1,72.19262786963915,0.7987536228167271,0
-85,10,275,2,0,53.24199129047094,0.2972627194387565,1
-93,6,75,2,0,11.256315328558053,0.369552420672821,1
-77,3,167,5,1,41.127103302140874,0.34638248378598147,0
-85,3,244,5,1,63.613103119897,0.38721299600232817,0
-47,6,225,5,1,43.40073266642952,0.20439834366207976,0
-66,9,185,4,1,40.21924642307117,0.3303704732688151,0
-53,10,75,2,1,44.740011892600144,0.6389550158773296,0
-83,5,266,2,1,67.55394162306676,0.24923654452881672,0
-56,6,124,4,0,47.16457863332681,0.7993853249551963,1
-45,8,297,3,0,46.79535140542851,0.8302956496029398,1
-53,5,299,3,1,74.8142638169785,0.07700349250621596,0
-52,5,107,3,1,76.84105346459788,0.45229668390872124,0
-30,11,30,1,0,54.85914171077405,0.9381595606064592,1
-74,2,167,1,0,67.07145641165671,0.1293592282716498,1
-33,2,254,3,0,37.954457751719914,0.6063675581993586,1
-61,7,262,4,0,58.79604215407728,0.2609396026739048,1
-94,7,69,3,1,38.76215207841659,0.051432444037472935,0
-30,1,95,1,1,37.007624502108925,0.6649252506464093,1
-33,4,72,2,1,56.92997035554639,0.33078782020700626,1
-82,6,248,1,1,51.749759750234105,0.9092227571041466,1
-56,10,180,1,1,52.96122262749502,0.10468010403778327,0
-74,5,236,4,1,53.0580879124192,0.15971306992402357,0
-73,5,164,2,1,24.90470678583619,0.4094461645115737,0
-87,4,233,5,1,40.62955863292072,0.7670828872292905,0
-90,3,247,3,1,38.53871698604449,0.3933168111187052,0
-61,6,214,5,1,29.566336842124443,0.33631855126730625,0
-58,5,69,1,1,60.02944637198885,0.35559539408103125,0
-28,9,190,5,1,60.451894407441074,0.7870358421952763,1
-47,8,3,5,1,33.07335663330497,0.5484989969501705,0
-92,7,203,3,1,81.71508876986496,0.7425812233716312,1
-95,8,141,4,0,59.814814890520594,0.24142655415741987,1
-63,5,199,5,1,66.74637012941477,0.40197012813039046,0
-34,4,11,3,0,50.72539369197844,0.8237864226816393,1
-61,3,145,4,1,109.07754465623874,0.4086556453619081,1
-63,5,199,1,1,39.69614876810967,0.6077081673741014,0
-92,5,287,4,1,57.12676930007608,0.7478242111849663,0
-41,6,100,5,1,59.18688869224731,0.7151216782303685,0
-95,4,71,2,0,70.62579774541506,0.9513862184004778,1
-89,6,99,3,0,51.176517607963994,0.9858955209217558,1
-39,4,171,2,1,54.18856631413027,0.6356089965451698,1
-51,6,215,2,1,54.42193746006972,0.019457117198508844,0
-66,3,59,3,1,62.83688803387558,0.976359099631306,1
-44,6,102,1,1,51.1383923116228,0.4390835760299835,0
-60,9,127,5,0,51.860636353708536,0.8722643373201615,1
-28,2,227,5,1,44.80410516969275,0.973055015484025,1
-92,2,269,5,1,85.60703755914042,0.0822436772512064,1
-38,4,5,5,1,58.431110093674754,0.3093723624631325,1
-63,2,197,5,1,60.023579123591915,0.9176178801779059,1
-64,4,201,5,1,55.725474222667025,0.8476066032312689,0
-33,5,198,1,0,57.05333759052175,0.22689633995622271,1
-32,4,175,2,1,54.52352792879547,0.3090236060561856,1
-33,4,287,1,1,54.924513235701376,0.24161017757538994,1
-29,4,89,4,1,32.80898086837507,0.6317956208047733,1
-43,11,281,4,0,42.346253154072045,0.6617869334649231,1
-46,5,158,4,1,81.9738366909763,0.22752225181303287,1
-78,5,121,5,0,61.407498650557805,0.061178097673802556,1
-76,1,295,1,1,50.306656714582445,0.8451866976097825,0
-65,3,262,2,1,55.496645482053665,0.6091837956883986,0
-73,5,114,2,0,35.48583709730104,0.34390320058308965,1
-89,3,243,5,1,38.412240197528604,0.03166579714073814,0
-81,3,176,2,1,69.48395488598206,0.24810808569480214,0
-59,9,143,3,0,46.54647312601239,0.28212454043328306,1
-26,4,41,2,1,60.00463620358036,0.8018799519550008,1
-54,6,100,1,0,29.519611289654545,0.4201103572545275,1
-32,12,291,2,1,24.11592676430803,0.8903575034549103,1
-84,3,33,5,0,82.7805759992742,0.6706419901884709,1
-48,5,256,5,0,37.41521655905515,0.19767908423568203,1
-39,9,225,2,0,46.064711687599726,0.11931191351696757,1
-68,1,187,4,0,58.871488989816015,0.2092074824188761,1
-48,7,75,4,1,42.29526476826742,0.5471273804446047,0
-87,3,33,4,0,49.24562366116493,0.7935738322476449,1
-72,2,197,1,1,44.290734326088355,0.8164212868910199,0
-49,7,99,5,0,46.60874205084389,0.7802062580729546,1
-54,6,124,3,1,54.707799971503064,0.7837596359975745,0
-93,6,106,3,1,46.41799946794936,0.502196913813564,0
-37,3,265,3,1,46.55546905996255,0.3200997668317743,1
-81,4,273,4,1,36.86259058960702,0.4630010189810573,0
-67,3,296,2,1,85.79144227051546,0.44008356289238004,1
-90,8,54,3,0,46.669697744299654,0.6241815293460617,1
-42,1,113,5,1,42.64401121156369,0.6754515435016336,0
-61,2,111,1,1,59.82469690870757,0.494894607373747,0
-46,4,285,3,1,75.17278068348365,0.04899900378867006,0
-82,8,288,4,1,53.18139566264145,0.5395946537350288,0
-58,4,17,3,0,49.732089485376235,0.08728879767388698,1
-32,5,118,4,1,64.86399273657419,0.05901266567304986,1
-38,2,143,4,1,64.17390494079139,0.9403964325741719,1
-87,8,9,5,1,90.41131303006912,0.8269221529683999,1
-57,4,280,5,1,47.667951424945564,0.8344907958705201,0
-48,8,191,3,0,33.2008209413418,0.8838358069313271,1
-76,9,269,1,1,54.067763075658156,0.5971141761666919,0
-92,2,128,4,1,40.76998296432569,0.051446210076228294,0
-82,2,266,2,1,57.98256944441348,0.20249361780151254,0
-85,4,75,1,0,58.903084795974735,0.13921879351737687,1
-79,1,95,4,1,53.90222865167663,0.33281371763477174,0
-78,6,145,3,0,48.67440535622396,0.692197605774314,1
-30,4,94,3,1,51.32599816881139,0.7445525962037662,1
-45,5,210,1,1,42.813898337192455,0.7728642705271749,0
-48,4,98,2,1,55.14234371179524,0.616078599920631,0
-77,2,108,5,0,61.896115580276,0.16763882002736563,1
-30,3,295,3,1,37.98208592413502,0.8982949723547385,1
-78,7,38,4,1,43.069107938325395,0.5694444366906898,0
-79,2,144,3,1,18.343452704283596,0.6357410546804266,0
-31,4,64,3,0,64.12059938968942,0.525533477389138,1
-41,6,225,5,1,57.99987352500696,0.11917987644487182,0
-76,5,269,4,1,40.53557002629468,0.06823167000405661,0
-78,3,134,2,1,57.35906485905037,0.6280808399772156,0
-94,5,121,2,0,20.396049025701206,0.8579466806906505,1
-59,5,254,2,1,59.28914284907139,0.5080936577427876,0
-80,8,162,1,0,40.24046459650029,0.14057975943726098,1
-68,4,280,3,1,73.52815534831946,0.40081434702630936,0
-72,4,170,3,1,48.52381628945227,0.691949018988567,0
-61,2,285,5,0,37.735126599035304,0.0009238757834418854,1
-83,3,111,4,1,51.464122116916215,0.8604166115813455,1
-28,9,178,3,1,36.4607031294315,0.5347390948892145,1
-85,6,141,5,0,66.29857857395784,0.7768996558795831,1
-41,3,141,5,1,74.00193649160698,0.5263261369356483,0
-79,9,120,5,0,51.31341416548867,0.049198666644877376,1
-37,6,2,1,0,46.659053382911274,0.9899341356532716,1
-40,4,105,5,1,45.7433485247041,0.20088709188011034,0
-95,6,272,4,0,57.280610222423924,0.7689996117969582,1
-41,6,12,5,0,42.59936108753971,0.41399074672200087,1
-72,4,82,5,1,35.26409283347457,0.43781829660561955,0
-37,4,297,4,1,101.2028896894991,0.3967540177931582,1
-52,1,218,3,1,46.83270387194951,0.6265287718118712,0
-79,3,217,5,1,41.21056410678597,0.2989707891855634,0
-37,4,220,3,1,55.036185541518805,0.7265765707689301,1
-68,8,17,5,1,29.94528079286242,0.348378944292159,0
-78,5,59,4,1,53.4510902471818,0.9615792611591886,1
-53,5,21,3,1,75.55039041956708,0.12607177488025856,0
-88,8,127,3,1,56.31954521778697,0.6375817092874487,0
-73,4,274,2,1,65.37128917490158,0.06691814271974272,0
-63,10,70,4,1,36.65639379283485,0.8350034138549418,0
-74,9,280,2,0,57.792956487739325,0.42382005487222685,1
-75,4,206,1,0,46.03475871704352,0.3017506457478424,1
-94,6,284,4,1,49.72457274356529,0.2717791751378865,0
-94,7,273,1,1,42.606002640784006,0.03382044317298316,0
-27,9,169,2,1,45.02287885217798,0.34241435229412154,1
-50,5,276,1,1,26.45290169480748,0.6299400789230429,0
-83,10,145,2,0,39.539828997586135,0.21281322596156638,1
-34,7,145,4,1,102.58807105317372,0.09797617557980942,1
-41,3,190,5,1,44.35116687773735,0.30044370684418764,0
-84,4,298,2,1,48.08748021982543,0.2307005573759301,0
-67,3,297,5,0,37.81762454672647,0.5377915945153631,1
-89,2,133,4,1,76.77544687420162,0.6769654846253521,0
-46,4,225,4,1,28.271284297595685,0.8381726722079114,0
-74,6,23,5,1,51.776368189870915,0.2723264302396825,0
-39,7,126,2,0,26.704446057313255,0.11368498126831006,1
-83,4,276,1,1,33.12908540870088,0.37615523854631183,0
-88,8,181,3,0,44.044108443277985,0.3022666413674179,1
-52,4,183,2,1,65.75246451235864,0.5439762579598412,0
-70,6,289,2,1,44.078755694970404,0.28045999389246334,0
-71,2,233,2,1,37.16481550211296,0.7950389779823774,0
-41,4,62,2,1,44.626178178574655,0.63564110631968,0
-26,4,213,4,1,34.56638927140998,0.04235924264389235,1
-39,8,120,2,1,33.442037146817874,0.6689488755160782,1
-92,4,88,1,1,47.716835734915925,0.30280960317974737,0
-80,8,47,3,1,41.21775086227668,0.7989371852429591,0
-83,3,26,3,1,46.86952743378867,0.5702275873856214,0
-34,4,259,2,0,27.504277836371614,0.0093526383951813,1
-45,6,70,3,1,49.68530063878323,0.8904317549370827,1
-37,5,247,2,0,73.49202890025128,0.4419552016250963,1
-31,4,66,3,1,41.220659465241084,0.6016687873456102,1
-88,5,75,5,1,57.62285982277521,0.7224414032485759,0
-89,5,56,5,1,52.13677638578091,0.5109488132196301,0
-83,9,273,1,0,65.70821570318034,0.35741351932327425,1
-35,6,288,5,1,46.04971599205393,0.7055060541932908,1
-32,7,60,5,1,83.94841292941028,0.5282612137283044,1
-42,3,79,3,1,64.333040386421,0.19654626421807642,0
-53,6,221,1,1,59.37365132703264,0.6525707819374634,0
-75,3,295,1,1,15.20902790155342,0.15223330243044886,0
-56,4,254,4,0,49.2010616000947,0.9529383904262617,1
-51,7,39,1,1,56.411831070454106,0.6531125373455573,0
-45,6,174,3,1,27.76958477283484,0.40670747097179105,0
-34,2,145,5,0,28.873262890969333,0.028807137784619963,1
-89,6,113,4,1,71.2335195052511,0.7926015082375532,0
-29,5,219,1,0,52.27874006793779,0.897127835580404,1
-78,2,82,2,0,58.9878916318805,0.5361951341436197,1
-37,4,181,2,0,37.53679533421658,0.11894132685383663,1
-54,2,31,4,1,61.05396638020219,0.19884876560798104,0
-35,7,72,4,1,40.267163936241964,0.16667637510119437,1
-28,1,73,5,1,58.55821166176432,0.31643876913132774,1
-68,4,21,2,0,44.15902266166105,0.202322858123008,1
-29,3,279,2,1,60.777196080209684,0.01897615020840404,1
-71,10,3,5,1,45.412708050105536,0.8059779120365032,0
-51,7,250,4,0,47.962522476110095,0.9158045960318819,1
-41,5,69,4,1,70.47155146538626,0.47850468176570937,0
-92,9,20,3,0,65.32044852349507,0.7893385085949973,1
-77,11,215,3,1,63.66819655693065,0.6282222322909864,1
-49,10,290,1,1,19.301707070526724,0.36501417385920565,0
-27,5,20,5,0,29.70823940281471,0.18869899679533253,1
-95,1,153,1,1,41.45840616819503,0.8234580764542382,0
-88,5,15,5,1,35.10876048518486,0.9690032621742931,1
-31,8,209,2,0,34.40853555648995,0.2794551553201312,1
-27,7,70,2,0,50.59972901345187,0.9337606837878418,1
-30,0,259,3,1,28.135894747275564,0.5290452054410628,1
-33,3,130,3,1,39.933759418035955,0.7696463093485407,1
-59,4,210,3,1,38.287108712675035,0.45645129419723174,0
-44,3,6,3,1,51.51876766696682,0.9472969633928585,1
-87,9,132,3,1,26.24765898330325,0.8915852949471442,1
-36,4,98,1,1,41.54294803543435,0.0475391817812818,1
-82,6,106,1,1,45.95884072500998,0.9766211013513589,1
-26,8,61,1,1,28.19590332335714,0.7954730732978825,1
-63,5,123,4,1,41.25623966732374,0.7753098216179458,0
-92,5,64,5,1,51.26619417472887,0.10057674424215712,0
-61,4,274,4,1,39.16797694506879,0.9937937966371216,1
-89,10,203,2,1,71.1498126742421,0.7629089177629031,0
-63,6,155,3,1,52.002267431217675,0.710493316472639,0
-80,3,116,3,1,42.25403773008844,0.8440848423714895,0
-68,2,175,5,1,63.52212216744766,0.08870373388291086,0
-47,7,292,1,0,50.135168331036574,0.9634721235249694,1
-89,6,93,4,0,51.399649070914506,0.8644293453507976,1
-53,5,23,4,1,42.69956976755729,0.4742462065023887,0
-85,5,193,3,1,67.42992901372247,0.9881175770625917,1
-66,11,245,4,0,53.33106675001913,0.12362965260541847,1
-93,3,104,3,0,30.55342436622508,0.052266635664229066,1
-46,3,122,2,1,35.463209835525404,0.34852044434232077,0
-34,1,9,4,1,63.21742833632261,0.6433164037981866,1
-29,3,295,4,0,58.59094230500496,0.5566935655500531,1
-80,3,248,2,0,60.356366234634876,0.24131723381161352,1
-77,1,241,1,0,57.74930070191587,0.40654961657174227,1
-87,2,75,1,1,84.5067496507739,0.4164091877271886,1
-55,5,272,1,1,28.341102051874454,0.5010314590135054,0
-91,9,94,1,1,62.20680117383145,0.35996404629774703,0
-34,3,38,3,1,48.93277156713447,0.820378513894397,1
-83,6,8,5,1,66.41740028788165,0.12233954302960504,0
-46,5,287,2,1,48.1711198242647,0.014468536073144689,0
-40,3,273,1,0,26.27786857936728,0.6720250221198986,1
-92,7,198,5,0,29.99117685923452,0.11045067137536746,1
-36,7,9,2,1,44.162178783259584,0.6385248929042168,1
-37,3,277,5,0,36.24143126251866,0.969825279747811,1
-39,6,19,2,0,58.354477909909235,0.4967516685387622,1
-27,4,95,2,1,32.27181999310626,0.5179129427078819,1
-31,11,108,3,1,79.75542146851228,0.43301459932718855,1
-54,5,6,4,1,61.177606130141044,0.3493277443771017,0
-32,5,245,3,1,54.55107005895883,0.4693604806769115,1
-51,1,171,2,0,54.96613836485735,0.09109720943732036,1
-90,5,175,1,1,53.13138670050936,0.3491614099520438,0
-58,5,168,3,0,58.19878174793179,0.49388170537925,1
-60,5,102,2,0,51.53717723049548,0.5086089476366661,1
-66,9,203,5,1,25.81726474011985,0.9486331032375814,1
-32,4,58,1,1,64.69556334171365,0.3515269655433837,1
-45,9,96,2,1,56.413624524482316,0.21296225793061374,0
-58,5,85,2,0,67.44534954435554,0.6224196007933448,1
-72,3,111,4,1,76.40123896307718,0.8346741216803636,0
-38,5,92,3,1,37.39158996408672,0.009000705863749792,1
-65,1,159,5,0,38.77009068278126,0.10559306570639115,1
-44,3,296,4,1,35.508830548041644,0.06153358698935407,0
-44,7,197,4,0,46.77434908081335,0.7709793349574484,1
-66,6,270,3,0,47.90580768194104,0.8350854938168207,1
-37,1,132,2,1,66.93848948442478,0.06367133306578854,1
-59,5,137,3,1,62.85114763765808,0.6512541859097379,0
-90,6,210,4,0,71.46058996460948,0.4096929059736154,1
-44,6,280,2,1,60.13559120860071,0.6657895610320113,0
-49,5,254,5,1,57.19720599874667,0.355045437122979,0
-70,7,140,4,1,31.949357655035865,0.01840856134828439,0
-32,3,208,2,1,58.31236434118177,0.37586708747145947,1
-51,7,210,5,1,57.18075992175038,0.2810206706385272,0
-90,3,175,2,0,15.690395583395237,0.8888856730064795,1
-26,6,266,3,1,37.647026404965075,0.5245010355837869,1
-80,6,117,4,1,55.80723917087976,0.043263173628787954,0
-83,4,96,1,0,59.87266547763672,0.6896539640759249,1
-70,7,204,3,1,90.37692010721736,0.2451864292155287,1
-86,9,204,1,1,45.48369224690679,0.8823674758021949,1
-92,4,39,5,1,52.350722942813995,0.14840905375296343,0
-52,8,173,5,1,45.66581747576375,0.9259288904032438,1
-78,5,222,4,1,68.2513735754163,0.46363935859663574,0
-47,5,266,5,0,57.178528487393216,0.41073331971132276,1
-84,5,298,3,0,25.936524575721016,0.7000750198695912,1
-76,2,84,4,1,62.93359906363908,0.9991623003272926,1
-57,5,42,4,1,58.78148086645033,0.710309011429648,0
-93,5,171,1,0,24.84461146463879,0.4764319555781835,1
-28,8,255,4,0,50.39008054348531,0.31886335977897884,1
-32,2,97,2,1,42.659235269297156,0.142260212183976,1
-42,4,149,4,1,44.96552880950989,0.37153008585358105,0
-35,3,32,5,1,28.28645006079509,0.4796929462353744,1
-36,6,117,2,0,22.52638701257477,0.557104344826606,1
-57,4,112,2,0,66.80236363832647,0.00010237252584688328,1
-95,7,80,5,1,46.06571052932518,0.1486817618224603,0
-30,2,272,4,1,52.51337116618553,0.17876158436401057,1
-33,3,59,1,1,17.220635407067462,0.3439781921638474,1
-89,3,250,3,1,26.300286140084314,0.8872986699241998,1
-69,3,51,1,1,31.942123679107937,0.4619693841001401,0
-90,2,241,5,0,62.967737986530196,0.6520247914130005,1
-74,5,227,4,1,55.98405791251173,0.005241336809270636,0
-29,4,102,3,1,31.85479519810459,0.20241856351651166,1
-64,5,120,5,1,46.811708393373564,0.0935232963269973,0
-94,3,222,2,0,57.78251817921486,0.6371165747646129,1
-29,12,77,1,1,51.15737038447506,0.30603470430098045,1
-76,5,160,5,1,59.76397433749925,0.018691188262000225,0
-88,11,279,2,1,70.72923982300992,0.5777817617119738,1
-29,5,194,4,1,71.11993288167221,0.5257122020115841,1
-78,5,193,2,1,76.85613460275513,0.1253708926226419,0
-68,7,179,3,1,54.168751938784744,0.9160315352853404,1
-32,8,179,4,1,37.27530655533973,0.2048459742409715,1
-44,7,206,4,1,34.18011929148595,0.2187587099582603,0
-71,8,146,5,1,52.84631942862716,0.7487991051030319,0
-68,3,14,2,1,55.893149030421164,0.8762862554309868,1
-61,4,194,3,1,64.23754098442282,0.990192093933863,1
-60,10,16,1,1,52.954176967696256,0.007504187666253603,0
-48,5,50,5,1,49.1357644830349,0.9716211996875278,1
-35,4,284,1,0,52.182888173104615,0.305082852044093,1
-53,3,155,5,1,49.78702895353006,0.33617964467343875,0
-78,7,2,1,0,28.89095210842184,0.9371163459434861,1
-92,3,180,1,1,41.625486259461795,0.5490094822622833,0
-33,5,246,2,0,62.21636232864053,0.3261991798961903,1
-78,6,201,1,0,51.56403435714599,0.032822674524508266,1
-78,3,256,5,0,35.356712350133904,0.5427034722495039,1
-93,3,34,2,1,48.56242296087403,0.5799687933654389,0
-27,10,239,2,0,58.05534015515425,0.2140868679173742,1
-63,6,254,5,1,49.294220402856276,0.9176260450993832,1
-60,4,159,3,0,76.67116815127461,0.349655340536834,1
-77,9,98,4,1,50.951700929980056,0.7999936919364935,0
-53,3,266,1,1,43.45879674357171,0.2564676909993211,0
-77,8,228,1,1,40.441822627114774,0.3670815670089713,0
-32,6,109,1,1,52.702585332454234,0.9360756398784016,1
-82,1,102,2,0,54.53169585944637,0.5838980527996553,1
-68,6,18,3,1,28.589623443320733,0.15139346418444732,0
-53,7,39,4,1,47.318488697776885,0.07881387351245239,0
-90,2,187,1,1,50.26683110533872,0.545259906879362,0
-86,6,269,3,1,52.210615539198024,0.38263177890308964,0
-32,5,291,3,0,22.847117669540495,0.8152076278242395,1
-68,6,83,2,1,37.87429779902364,0.2104447453767917,0
-36,1,45,2,1,66.58853835244244,0.5340133578632971,1
-49,8,224,4,1,54.74769616371857,0.8277453799467988,0
-65,6,104,1,1,44.92365562800082,0.32946355595993637,0
-95,7,90,5,0,64.85906944795813,0.9334400299898049,1
-47,5,199,5,1,44.51999633149046,0.6788181674073487,0
-43,11,56,4,1,54.1205555493372,0.7958455578738887,1
-77,4,62,3,1,43.28313186389039,0.11011674374347202,0
-39,4,237,4,1,42.641767318922426,0.9983457942749996,1
-71,6,1,3,0,38.82056329069495,0.4644731928321586,1
-53,3,201,2,1,23.33316688519421,0.3765372192716553,0
-65,3,196,4,1,44.1821821428594,0.7708982213861482,0
-66,3,79,5,1,49.280082026009985,0.5340560688773963,0
-82,4,95,5,1,32.80539398008336,0.8930060638419031,1
-55,5,179,5,1,39.96183919833372,0.9910794424942843,1
-93,4,217,5,0,47.13247207149146,0.5243552421441809,1
-47,4,54,1,1,40.575491837502426,0.2797261341052517,0
-74,6,242,2,0,55.467489585327755,0.6538339708032017,1
-50,6,152,3,1,37.40040904963929,0.3439718273535113,0
-67,4,233,5,0,26.621559540322437,0.11150710420695753,1
-95,3,86,1,1,54.1741284611026,0.7680760185554817,0
-54,3,266,3,1,38.88016884327452,0.8586371157368919,1
-87,5,264,5,1,62.573187935401556,0.5226251722764915,0
-61,4,88,4,1,56.461370077137936,0.8027140827601023,0
-71,6,139,2,1,43.59429154502229,0.6981630368036552,0
-77,4,9,5,1,34.76711698061845,0.6622139737909238,0
-90,5,100,4,1,66.68218528154817,0.8669008735859728,1
-57,4,188,1,1,50.50555718386263,0.024951884467717456,0
-86,4,136,3,1,64.10599353419195,0.8059561278280402,0
-38,7,50,1,1,53.52563257028857,0.1618894153664926,1
-87,9,207,4,1,48.34561099916985,0.3961659184292716,0
-84,4,251,4,1,45.84679363210874,0.08334958135760695,0
-85,3,100,3,0,51.6402052703317,0.021614717751216372,1
-60,8,178,4,1,36.89697061629746,0.9989697421987774,1
-88,6,287,5,1,35.33970899252465,0.636062199966944,0
-32,2,77,5,0,73.00639652532993,0.1659999936086699,1
-94,3,138,3,1,65.86965548102202,0.08848786353275317,0
-35,3,58,1,1,45.16804022583914,0.5625052709798489,1
-36,4,219,5,1,40.69263132736139,0.5404549589213423,1
-30,5,234,4,0,48.72140704971714,0.9949012513467144,1
-82,5,191,3,1,60.802506182288845,0.7628516453057635,0
-67,2,156,5,1,64.42422020930829,0.5961255719044537,0
-62,3,119,1,0,70.33497706376073,0.6481685384743745,1
-55,5,176,4,1,44.25331700350501,0.0003908558469830625,0
-35,6,16,5,1,48.9132607198151,0.04351547765353847,1
-84,10,105,3,1,58.53886782836301,0.666566094284733,0
-74,4,123,2,1,57.33042718621218,0.8314755664936886,0
-38,6,85,3,0,57.93272047886334,0.5548847962561473,1
-92,9,55,1,1,25.520859538621444,0.9177178605198656,1
-88,7,115,3,0,34.748539176071034,0.19881397608004625,1
-72,4,8,5,1,50.83594307643946,0.15113719682324234,0
-86,6,158,5,1,48.12704728751735,0.7255900499128456,0
-53,5,237,1,0,47.26882727460375,0.798605512275063,1
-76,5,100,2,0,35.19912148569247,0.1837787709612333,1
-56,5,179,4,1,53.5707854450918,0.7688739548066733,0
-43,4,228,5,1,45.65034830025692,0.2831511700763176,0
-43,5,145,1,1,34.47153735770282,0.4855405998669826,0
-82,3,197,1,1,52.10206705415058,0.9928560938927299,1
-36,5,38,1,1,59.76044136336847,0.10952514490167298,1
-75,6,48,2,1,33.229824379466024,0.4966542322198928,0
-28,7,27,4,1,45.30107843383943,0.19250593314633746,1
-49,8,235,2,1,52.080431393898884,0.18675061325490594,0
-70,7,93,5,1,59.79876418011937,0.14871556890010473,0
-34,6,246,2,1,23.122073895909274,0.4467221241740047,1
-70,8,253,5,1,35.66278726112674,0.35998634473019286,0
-87,4,172,4,1,47.3486872709778,0.9229092642058225,1
-47,5,111,4,1,36.53071922200094,0.12606104183739775,0
-74,5,257,3,1,56.57731424947707,0.19632391250393844,0
-43,7,154,4,1,58.620827192260805,0.31921951045569263,0
-38,4,141,1,1,43.145489366833736,0.36099828983815696,1
-82,6,188,2,1,36.4399031564362,0.681627530787175,0
-79,6,31,2,1,27.80844710458324,0.021024086872916903,0
-63,5,13,5,1,49.09168074254667,0.008638556312605572,0
-83,3,106,3,1,35.082355772394834,0.01857559576512169,0
-68,2,243,3,1,62.31508789898825,0.1363407311833834,0
-74,3,265,4,0,28.161558176900204,0.647754085446646,1
-66,5,193,4,1,48.880188920428644,0.9393183650492228,1
-73,8,246,4,0,50.16680708736012,0.5241084647667443,1
-38,3,170,5,0,48.359879687845606,0.4574805321487663,1
-52,3,245,1,1,43.13844682702294,0.34340644574795176,0
-43,8,177,4,1,76.31584040409255,0.9097633849960864,1
-89,1,178,2,1,75.41530840318401,0.2271517483366896,0
-88,5,156,2,1,50.531549750718646,0.2609996553175906,0
-75,4,7,1,1,26.670245003105254,0.11802007545227178,0
-87,4,47,2,0,41.966903435967446,0.10485116433681729,1
-66,1,135,5,1,64.91297006006177,0.3565321256191839,0
-60,4,98,4,0,70.8332016032003,0.31665969464423416,1
-40,1,264,3,1,49.46825679839708,0.9283168475434426,1
-74,6,132,4,1,77.47591992778692,0.4806791685855005,0
-41,5,45,1,0,50.23543419913736,0.49335739155833647,1
-55,4,143,5,1,65.03864600862016,0.8408483295891853,0
-61,4,152,5,0,63.611868535814416,0.8592228039017972,1
-46,6,85,3,1,74.59130822759604,0.6424664323339154,0
-64,4,90,4,1,33.994835261462846,0.05663859009067185,0
-50,10,10,2,1,37.625651032907214,0.7889954536508373,0
-62,3,144,5,1,47.69893563967651,0.552859874181546,0
-45,3,146,2,1,83.0374953856606,0.21349546941285658,1
-73,7,99,1,1,31.561474717419465,0.29246239285637576,0
-68,5,20,1,1,42.84243607268842,0.9276457782072546,1
-67,5,139,5,1,58.67888802373084,0.7467351197413881,0
-64,9,86,2,1,55.88276465062523,0.9340609993617296,1
-56,7,95,2,1,37.24516452772822,0.19869417361134523,0
-86,4,140,2,1,40.44002722176075,0.8777831599550246,1
-80,7,268,5,1,57.75432028288074,0.44821397541306995,0
-76,8,247,5,1,69.2474685917193,0.10889350822672728,0
-71,3,76,4,1,63.33942178153566,0.25572761846719316,0
-37,7,234,2,1,57.158168684830954,0.5481993935879655,1
-56,5,232,3,1,77.68009815761961,0.04044118661190821,0
-71,9,80,4,1,64.93998446579711,0.5059728886850094,0
-92,12,204,2,1,64.83777325964054,0.8432554753126531,1
-64,10,197,5,1,40.63857424416581,0.7412617996994535,0
-48,1,175,1,1,46.47348845720616,0.8181754166205494,0
-48,5,271,2,0,34.693071593164916,0.15649311409894007,1
-94,4,285,5,1,59.78803544528292,0.3324825374259408,0
-57,5,230,3,0,46.850673849019145,0.7812881414632452,1
-46,7,162,2,1,38.60066154342904,0.7524763922123318,0
-54,5,269,3,1,47.86082188491207,0.025704222826348988,0
-45,2,13,5,1,44.659012354959486,0.6824541280449041,0
-77,1,178,4,1,41.070790050063984,0.9723046906268913,1
-26,5,287,3,1,48.45346004559104,0.37757734831645895,1
-53,7,30,2,1,36.776087446912825,0.29131339115513466,0
-34,2,31,4,1,61.310765027226566,0.45549020828308007,1
-76,6,158,1,0,41.306046095585785,0.14224243309572138,1
-69,6,21,5,1,62.023660300469444,0.9733541127929896,1
-87,7,193,3,0,37.11837425889152,0.22338966833642848,1
-34,0,99,5,1,41.19034703227719,0.10674201789443605,1
-60,9,108,4,1,47.827401755744965,0.33346853978480784,0
-51,2,65,5,0,54.85574061388028,0.0014224847421286935,1
-37,7,144,2,1,63.47863242236617,0.677960752615413,1
-54,5,127,1,1,44.92441725823572,0.8016887159973262,0
-83,2,140,2,1,36.9498272027339,0.3928594430336376,0
-49,5,279,1,1,77.0378047180694,0.5137531624797014,0
-64,5,246,2,1,31.728825055829713,0.11693238226067759,0
-44,4,42,2,1,52.010172564495065,0.6946525257766999,0
-26,5,226,3,1,46.285874970838066,0.3032903073977873,1
-72,3,274,2,1,52.52529656584896,0.6709792946445507,0
-75,4,139,1,1,29.163177080317688,0.5296669163295151,0
-68,2,199,4,1,67.59964815269718,0.8730405898176904,1
-59,5,191,2,0,48.38353692193534,0.20163142355436137,1
-45,5,20,4,0,19.213059386356665,0.8064525676954016,1
-34,5,228,5,1,68.91259724801984,0.1376861317199417,1
-39,3,77,2,0,34.9125308856475,0.7585260694755426,1
-91,6,243,2,1,57.68292387390128,0.9611460241328897,1
-68,5,3,3,0,33.3428131736564,0.7041410963961697,1
-85,6,193,4,1,58.27471559637855,0.363893455335357,0
-38,2,185,2,0,83.77283587008705,0.27442975698183103,1
-30,4,74,5,0,24.07330142738821,0.1301685445697388,1
-46,4,280,5,1,25.941737950430277,0.06031038402439881,0
-44,7,98,5,1,69.60410720236885,0.015292314067509527,0
-60,9,118,3,1,63.306539930695294,0.2279247251886488,0
-40,3,266,5,1,70.51745640764841,0.23128202450457946,0
-49,4,37,3,1,23.111114078625935,0.4801667655006995,0
-74,7,56,3,1,38.27935774176733,0.5765823695056426,0
-39,4,125,1,0,40.59589046673393,0.6170512477877513,1
-40,6,102,5,0,42.90773906668874,0.9267587847007852,1
-84,4,147,5,0,73.5698657068007,0.6364155853388137,1
-33,9,69,3,1,50.14931523564793,0.06263719169754423,1
-81,3,276,5,1,28.335716876691844,0.9047747414997828,1
-47,4,183,5,0,40.59343597233033,0.03003781308814557,1
-81,1,54,4,0,51.41664988247983,0.5854288284650793,1
-86,6,172,4,1,53.318187948758684,0.8337176000659972,0
-84,3,118,5,1,34.47772765111488,0.07262147397896235,0
-74,5,264,4,0,59.205977704635586,0.6236453645051274,1
-95,6,293,2,1,31.694395203856697,0.7887708988157541,0
-46,7,98,5,0,37.08338182893477,0.19490016166584867,1
-40,5,16,1,1,29.321276745300963,0.6352460934539895,0
-29,2,139,3,1,53.01389779880995,0.6707852815980837,1
-93,4,155,3,0,13.701701818339615,0.8930665635836152,1
-52,2,150,2,0,70.54841612514188,0.49460350122537267,1
-28,7,59,3,1,45.69041729664686,0.9756201157158643,1
-41,9,242,1,1,47.156483950227496,0.9536035315478569,1
-27,3,167,5,1,46.40462002045312,0.04675018532118891,1
-86,4,198,1,1,40.334316424840246,0.4465648797188204,0
-60,9,89,5,1,63.05772738960452,0.17056935688526442,0
-34,4,47,1,1,46.94644730873023,0.34197447613196896,1
-84,7,71,1,1,48.44852913310219,0.4697631566690875,0
-81,8,62,2,1,76.72675543614034,0.4090553813126254,0
-74,5,136,4,0,59.63544772056759,0.7528254699056728,1
-70,8,186,1,1,26.665507192545178,0.42110459307716874,0
-48,1,235,1,1,39.62141164116166,0.06665299192855623,0
-85,5,61,2,1,58.79930248271831,0.505667163274181,0
-93,4,63,3,1,52.34341849713536,0.7263364677787856,0
-43,6,288,2,1,35.83719971169976,0.9612237760374754,1
-35,2,134,4,1,94.88346102858624,0.6520850506917114,1
-61,6,122,2,1,56.217669784455836,0.007043553518807477,0
-89,3,118,1,1,40.460709004101595,0.3039630498099297,0
-36,3,212,3,0,48.002553260169485,0.46103423915715147,1
-57,5,195,3,1,67.25131575201365,0.4494378074050308,0
-86,4,259,2,1,12.181616763425033,0.932956165965589,1
-89,5,4,4,0,68.79216418075477,0.2842866034806413,1
-84,3,44,3,0,50.10521275771249,0.9053973140649156,1
-78,3,294,5,1,49.31658865136884,0.7897447263329782,0
-37,4,150,3,1,46.86303342902534,0.2863162855563701,1
-84,8,298,4,1,31.295081793010205,0.0902018805848559,0
-42,3,7,2,1,48.637374923567904,0.4205337207282853,0
-31,11,79,3,0,56.782679474304686,0.5459204513924711,1
-94,4,229,5,0,42.82590036651989,0.6080931308383021,1
-53,6,63,4,1,46.43028880294943,0.4277614078495259,0
-85,4,91,5,1,46.62047802973122,0.9763747693579876,1
-72,7,43,3,1,47.2690105802661,0.7110638084011273,0
-43,7,278,3,1,50.39546869795959,0.9374912696947354,1
-45,3,120,1,0,41.40598072721115,0.18565526326843074,1
-41,8,216,3,1,64.9800850466985,0.2164718357283929,0
-79,3,267,5,0,63.1906746101402,0.060659637827677915,1
-74,4,236,3,0,35.629209352784784,0.8791976352397189,1
-34,7,48,1,0,43.696850067580954,0.9985411699220806,1
-59,3,282,3,1,84.48283423038413,0.21454382525533988,1
-38,8,81,3,1,48.09932164738134,0.6275952334376038,1
-93,8,43,4,0,55.775722781359434,0.5209450599416435,1
-72,3,296,4,1,37.1793402108941,0.341145346808992,0
-34,2,170,5,1,32.682541596603215,0.9841873404459652,1
-38,3,106,2,1,63.31941661637856,0.09556037299543285,1
-65,3,35,1,1,55.904931719106386,0.9267158650404073,1
-34,4,229,5,1,44.57996919962682,0.5431934078103361,1
-92,3,130,1,0,49.63448236256235,0.493791677601065,1
-47,2,224,3,1,52.973633916887046,0.3577479930418561,0
-44,3,92,1,0,66.44275543150144,0.23467702401188406,1
-56,3,23,1,1,63.40662477151503,0.6897223856466589,0
-54,6,272,1,0,41.84448657558711,0.07595003524768251,1
-79,3,96,4,1,52.32171806014657,0.9778688847941674,1
-85,10,105,4,0,34.967924328652224,0.5972176035440051,1
-92,2,262,5,1,60.50064622739481,0.5909194630523716,0
-88,10,279,4,0,36.47517192141204,0.6066408852256573,1
-69,6,278,2,1,33.0088649142845,0.9455286589798267,1
-81,7,116,3,1,39.65082973223462,0.17186115659853185,0
-28,8,166,4,0,77.01786240248038,0.60329598867838,1
-71,3,133,1,1,44.57818413915958,0.4753121767578079,0
-78,10,162,2,1,69.77805315897561,0.8133864057187765,0
-49,5,175,1,1,28.587188935454368,0.6225021797825268,0
-55,5,203,3,0,29.96192533181616,0.012582470101539123,1
-53,3,205,1,1,56.71453970881762,0.6626522612248531,0
-62,5,163,5,1,52.22903108821493,0.8031861581360322,0
-65,5,294,5,1,95.20689924076994,0.6860403655129582,1
-44,7,294,2,1,42.66613385030584,0.8888395822693702,1
-50,1,208,2,1,62.891147253049525,0.4337845712659727,0
-78,1,54,1,1,34.48377091020859,0.048564892266953597,0
-57,4,294,5,0,63.73611165015563,0.2607681578812826,1
-42,3,199,1,1,41.99037994086308,0.9834975108694528,1
-95,3,188,3,1,31.061424138315726,0.8641999195019898,1
-61,11,219,3,1,62.75656869267398,0.20348973741373644,1
-64,7,83,2,0,34.01856120394096,0.3843070129932832,1
-79,3,144,4,0,87.78425310332321,0.8189605029436211,1
-36,4,38,5,1,51.9010765098631,0.08492838530256253,1
-95,4,5,1,1,60.21122514120424,0.7608416625168781,0
-74,9,273,4,1,59.13859118239799,0.8271976984650572,0
-92,6,250,3,1,66.1043646777445,0.7843773501288496,0
-28,3,289,1,0,42.081429362704995,0.1687775180718626,1
-45,6,184,3,1,40.20144934440898,0.4536997923966324,0
-67,5,269,4,1,67.06946918145135,0.7557754918871967,0
-55,5,241,1,1,41.96062145546313,0.48670347592626373,0
-93,5,63,1,1,43.98009181273992,0.9821956950415804,1
-95,5,286,4,0,29.112970878819134,0.40225088831687283,1
-65,5,213,5,0,70.71417488868215,0.270978213958705,1
-29,3,180,5,0,61.27499815080107,0.575290794741414,1
-91,4,138,4,1,35.01021924972592,0.191832855611203,0
-38,8,237,1,1,47.4374296157528,0.1290214190567951,1
-38,5,150,3,0,52.251769510397345,0.16812569424917212,1
-74,6,152,3,0,49.69711608932357,0.06430617505369707,1
-28,5,49,2,0,60.32137108526466,0.9133102521709497,1
-68,4,244,2,0,62.10327768589923,0.7450567113247549,1
-86,7,28,4,1,72.45402790028355,0.07248005282435932,0
-48,6,29,2,1,50.86046682252202,0.3070249222420519,0
-74,3,239,5,0,69.76992844420589,0.2450758614930454,1
-67,2,122,4,1,28.015680442028422,0.7136122925865822,0
-88,5,20,3,0,63.189197135960654,0.11927747026899971,1
-44,2,249,3,1,73.30652600555709,0.22838503672686206,0
-27,5,154,4,1,19.757167802935662,0.2022656003798956,1
-53,6,149,4,1,59.26567687252852,0.424277410799312,0
-40,4,86,4,1,100.51158027601893,0.969333140759046,1
-34,3,287,1,1,72.6671760791647,0.11543277967431387,1
-56,8,5,3,0,50.08440807866615,0.48148692792446013,1
-69,5,15,1,0,44.01891958037934,0.5298498091667391,1
-69,8,184,5,0,33.26491750888698,0.5143052068109943,1
-39,7,296,3,0,22.37240638138581,0.4332314210950441,1
-48,7,76,2,1,41.968906118825444,0.7369656060934943,0
-71,4,259,4,0,33.48740278636367,0.5389343938906224,1
-52,7,155,2,1,39.23471544401209,0.29647200331473333,0
-32,5,231,1,1,59.05331968849194,0.9897975201616462,1
-38,1,246,4,0,58.102054184105704,0.5016170411862529,1
-50,4,93,4,0,42.6515104609928,0.5106158383546231,1
-58,3,68,3,1,41.42691408313274,0.9533875597006877,1
-90,5,9,4,0,54.430362883360935,0.08358031686521838,1
-72,5,291,5,1,24.727964342859277,0.6601435196470793,0
-44,2,29,3,0,38.14818828965302,0.24410563029626398,1
-78,3,216,2,1,50.36308548154121,0.41497297648532006,0
-74,7,292,4,0,45.330453387344974,0.42014115221317494,1
-42,3,141,2,1,47.438505962684495,0.26635851558884704,0
-81,5,55,4,1,40.74814852574775,0.19222544233999894,0
-61,4,154,2,1,59.280867391088215,0.3914581239615347,0
-28,3,226,3,1,46.040668256565226,0.2938943998318424,1
-78,6,62,4,0,62.70970138567411,0.0765065397195408,1
-95,3,137,4,1,62.48224314066148,0.6785288518759856,0
-82,2,190,3,1,44.26622485338147,0.4861913687719174,0
-41,5,267,2,0,23.99315655491868,0.5562016621170692,1
-83,0,283,3,0,21.683464353589642,0.21039074021723103,1
-86,4,233,3,1,60.25501791842837,0.6904356945448868,0
-59,3,85,5,1,52.50928178681748,0.47593378260958474,0
-33,6,9,4,1,33.06112452768209,0.44185962381062394,1
-76,6,215,3,1,44.24279131024356,0.1289884590256577,0
-26,2,10,5,0,78.60896636509969,0.915902777592101,1
-53,5,212,1,0,22.58503806626169,0.40759953018202133,1
-50,3,120,2,0,22.2668744566043,0.07716472176625666,1
-95,9,195,1,0,41.74718251687121,0.5192671681369179,1
-43,3,258,2,1,54.34258114730376,0.5367540361756498,0
-64,7,54,1,1,56.51811394452984,0.39822924246792424,0
-35,6,203,5,0,61.78043409112576,0.2689487800747802,1
-62,2,222,3,1,36.37304881922401,0.4851114625138777,0
-60,6,209,2,1,52.00861803567425,0.5154493601746942,0
-44,2,249,5,0,37.74194594505918,0.8796062020611811,1
-31,3,251,2,0,39.6018375870075,0.6191296844722038,1
-63,8,28,3,0,36.93314653049284,0.6075712462054865,1
-29,5,11,1,0,48.8338902075305,0.8652718335445393,1
-64,5,21,2,1,30.838919170551236,0.3873452007292798,0
-42,3,218,5,0,53.02842824096377,0.8253522128319764,1
-69,4,202,3,1,54.63985248080327,0.7258105308611214,0
-89,4,294,5,1,74.22158953343339,0.4865358478198907,0
-59,4,21,3,1,47.72415120643971,0.4354292470128991,0
-56,4,194,1,1,46.58563436760252,0.1915528023072307,0
-57,4,98,1,1,34.724176728617145,0.21674357326954663,0
-91,3,113,1,1,58.99051393356034,0.4732622751848782,0
-85,10,285,1,0,30.630182703991334,0.37152906547000275,1
-68,8,87,2,1,53.369370467343394,0.35370993331902456,0
-29,5,185,4,1,65.00114836317846,0.8036498992925545,1
-54,3,70,4,0,52.27153545810085,0.8685469225615354,1
-47,4,64,4,1,40.13103579060815,0.7658388878909755,0
-79,5,240,5,1,50.715341292260355,0.6450293448834077,0
-39,4,201,2,1,70.21766778767363,0.6820034841676627,1
-46,5,279,5,1,47.56490362334214,0.835749886014123,0
-59,10,27,3,0,18.41536211517446,0.466930589943104,1
-69,2,280,4,1,47.432753081613335,0.5691598172513013,0
-30,7,221,5,1,54.290342785858186,0.011758599152796534,1
-44,3,279,1,0,43.61704893907845,0.34799131531118443,1
-26,3,280,5,0,64.51439582890484,0.049612795347709016,1
-93,6,22,3,1,54.410616307460266,0.6641381070085667,0
-73,8,243,4,1,62.80735363003481,0.908858684731333,1
-45,4,258,1,1,66.19948988742522,0.06950335793779239,0
-62,7,209,1,1,42.70922606788825,0.3663231906861415,0
-67,3,247,1,0,38.66260567939252,0.48726126998448915,1
-80,11,147,3,1,60.09168502079568,0.8434812248470439,1
-38,5,74,1,1,60.24693867590034,0.2952371093471766,1
-95,3,174,5,1,41.70844980160056,0.6373613911759088,0
-94,6,266,4,1,11.054427033231953,0.9309012795823118,1
-49,3,45,4,1,52.98803888945641,0.9568504212173043,1
-29,6,265,3,1,37.186068937499414,0.09974334722880884,1
-29,2,174,2,0,25.33159277643484,0.3181478348340575,1
-73,3,74,3,0,48.76857652020775,0.48164947723115614,1
-52,2,7,4,1,59.9931811851593,0.3257946597608051,0
-59,8,205,2,1,47.24357360697631,0.8358594352261061,0
-62,4,253,2,0,57.42649988506655,0.3540589286956438,1
-43,4,42,3,1,46.71314788494523,0.0803251242232298,0
-85,5,295,5,1,32.63722421747367,0.6445729513200587,0
-29,6,284,3,0,38.865984638115854,0.05139967293911185,1
-83,6,233,1,1,68.19163792555355,0.7992872762466456,0
-66,5,198,2,0,30.534476108802362,0.8264192807282563,1
-82,3,231,1,1,30.907414387897774,0.8425182143252629,0
-29,1,128,1,0,58.90459196563447,0.6993233950933568,1
-90,3,23,1,1,73.82622185683603,0.1784976799744188,0
-89,4,295,1,1,51.9484071267709,0.7187216420262343,0
-83,6,29,4,1,52.065966390166366,0.2848927142552863,0
-80,5,273,5,1,51.10852801398564,0.23084061324724436,0
-36,4,25,2,1,21.59745698349147,0.325105788821769,1
-95,6,44,1,0,43.52012009933828,0.5117440125678645,1
-86,4,247,5,1,44.43772290787269,0.2432050943736127,0
-31,6,132,5,1,28.924883774826878,0.26303692355396835,1
-28,4,239,5,1,56.31426082642568,0.3371229225256053,1
-28,6,59,1,1,48.458263618802974,0.6426614084003771,1
-94,5,167,2,1,32.83797584719926,0.4753095800511451,0
-61,2,275,2,1,49.87712733567916,0.042246109587813274,0
-39,7,165,2,1,47.12043369101371,0.24838928680622996,1
-94,8,231,5,0,73.68270506222646,0.7021257242800336,1
-79,4,149,3,1,16.121364907384887,0.1720720335332715,0
-75,6,183,2,1,48.8527597916457,0.10585033686997847,0
-75,7,176,2,1,42.20328560443701,0.15176161391317522,0
-52,4,151,2,1,52.567186926255154,0.15709467281478906,0
-59,2,105,4,1,69.75699149329691,0.3624494640139333,0
-69,5,98,2,0,32.913674419918316,0.12783106684861467,1
-33,9,288,1,1,11.890087780612284,0.358739294016027,1
-56,7,157,4,1,29.48235833099374,0.4965041235646611,0
-65,3,170,2,0,47.67269041168409,0.46196585545041924,1
-94,8,105,2,1,59.94130186631321,0.3306533060599728,0
-30,6,95,2,1,45.46804422318945,0.5981924818477724,1
-39,4,199,4,1,47.530997634893616,0.36633644241196495,1
-32,2,13,1,0,56.505742548145456,0.13797981629207756,1
-27,2,22,3,0,39.49897744970935,0.822678268189892,1
-28,2,188,5,0,9.912753445218534,0.4884327427497238,1
-68,11,236,2,1,41.40938006321457,0.40263168411068107,1
-70,4,295,5,1,44.14057213086576,0.5426781272914726,0
-45,9,112,2,1,71.3836086224935,0.4449479782719884,0
-68,3,128,1,1,47.94015603839597,0.22127728677645053,0
-93,5,193,3,0,48.6852677556255,0.7380263700085683,1
-92,7,226,3,1,39.98897920870166,0.2258894692773875,0
-37,9,146,1,0,56.212009595330514,0.2579358551301425,1
-58,7,136,3,0,48.41941807050324,0.581466284868711,1
-66,6,152,4,0,65.36243489910318,0.39744192725717165,1
-51,2,132,5,1,60.41203915057647,0.9738120474544812,1
-94,7,132,1,1,65.67045752552214,0.23275037288349965,0
-67,7,76,3,0,14.165388884708946,0.020621076526904147,1
-34,9,152,2,1,51.470951247101524,0.06899353589975277,1
-84,5,296,3,1,27.079851027852783,0.49749849948377767,0
-76,9,126,2,1,61.235707317254366,0.3479086734872445,0
-28,4,277,4,0,69.40439444881783,0.47195354439971116,1
-32,6,138,5,0,36.231034021112244,0.4941151823537586,1
-90,4,242,3,1,75.55205774980553,0.3019236177450636,0
-41,7,30,2,1,79.89473179766738,0.7281083903440927,0
-45,4,95,2,1,55.90242610255964,0.9271928737641157,1
-31,6,226,4,0,54.70785868661179,0.10583019837731,1
-69,5,89,3,1,35.10493302505523,0.3095380720883377,0
-90,5,183,2,0,21.45563250389472,0.38847775018409814,1
-78,7,248,1,1,38.601052903243556,0.3600525558057155,0
-83,8,221,1,1,63.044770935913455,0.1597549422179847,0
-27,4,32,1,1,58.36431505254223,0.606438525799315,1
-32,2,89,5,0,57.94529836123056,0.7280308066304503,1
-52,10,42,4,1,66.20509711930771,0.2311669594154152,0
-50,8,24,1,1,61.313529178464265,0.7258218906791662,0
-60,5,141,1,0,60.72290051250916,0.9228196217755805,1
-87,3,288,2,1,35.50742217809616,0.2707306173699112,0
-70,7,104,1,1,34.79323687946547,0.4440557592929125,0
-47,3,108,2,1,57.74877454355141,0.4734955353166239,0
-57,6,278,5,0,63.82275454002041,0.9529570488998762,1
-57,7,97,3,0,60.163254076958616,0.40527054364016457,1
-70,5,87,2,0,41.176220483819186,0.09547391448251685,1
-88,5,100,3,1,54.679776067746566,0.05075229112347779,0
-76,6,83,1,0,46.91251799652474,0.07319521131837003,1
-82,1,125,4,0,59.84112448228243,0.4093865833022793,1
-27,1,299,1,1,54.097183416050974,0.882366344872064,1
-28,5,128,5,0,72.78509879570612,0.15810757823889676,1
-56,5,77,2,0,68.12871363564517,0.5216134783522296,1
-35,5,168,4,0,40.54992750680079,0.22496985074605014,1
-30,7,210,1,1,51.18445209814151,0.42204657572043036,1
-61,3,4,3,0,58.6476492913412,0.13264302402660155,1
-85,3,231,3,1,52.226629682661645,0.24985336725508933,0
-68,6,167,2,1,61.05583132558357,0.9329298072802311,1
-26,3,249,1,1,57.50673449724578,0.7421388389509604,1
-80,6,5,4,1,52.23020693712786,0.43957570935826884,0
-77,3,244,4,1,58.84463131859275,0.10286558280415459,0
-60,4,215,1,1,49.09824037319414,0.5212896981042794,0
-89,8,170,2,1,49.7714011947673,0.9256682623162151,1
-65,7,129,5,1,51.412698554657105,0.4059373290426955,0
-41,5,267,2,1,52.53136546919352,0.5138617118500514,0
-69,3,258,1,1,1.8966248978665448,0.955778766178856,1
-93,5,185,2,0,47.26883126228606,0.15468512640663334,1
-44,6,112,1,1,50.034926950499255,0.8959193265066221,1
-66,2,9,1,1,60.17515648683199,0.06478209452468753,0
-75,4,48,1,1,68.86722695096208,0.5388254026560503,0
-33,7,9,1,1,49.864174845238075,0.9936885813696595,1
-60,4,202,2,1,55.47903800088638,0.36009535742132515,0
-59,6,50,5,0,28.238830182971952,0.8304687276586581,1
-93,5,27,4,0,32.60492084848066,0.9797349440147212,1
-26,2,88,5,1,46.36034374698011,0.936222652384836,1
-92,8,56,3,1,74.240667960078,0.33750157832753347,0
-47,3,288,1,1,39.13860241544838,0.40974542300003014,0
-62,6,92,5,1,34.328216936518764,0.4378487094426966,0
-94,6,215,5,1,50.53470186145145,0.548046154163281,0
-29,4,90,4,1,45.398523863644016,0.38082579685052964,1
-35,4,94,1,1,49.16341036945103,0.1689681363119221,1
-92,7,179,3,1,69.13891929168295,0.7167813399925107,0
-82,3,210,5,1,47.11078379363599,0.7764737717328682,0
-79,6,169,1,1,26.943908334266013,0.25978889550605055,0
-46,8,172,3,1,64.10117995245649,0.9061659973133301,1
-77,3,185,3,1,50.40163933196297,0.2853995774458675,0
-91,7,180,4,0,59.26200409255519,0.4441662294211004,1
-57,7,183,3,1,35.02443584543011,0.5628398170087364,0
-34,2,97,2,1,23.21746596042139,0.6085329847811904,1
-45,4,235,1,1,77.65168191093888,0.9307619030409771,1
-42,4,162,5,1,22.590840683794568,0.42158094850091477,0
-84,2,52,4,1,31.13860444414918,0.9504895958325414,1
-41,7,81,1,0,32.12612697926478,0.7900522684920608,1
-85,2,120,2,0,68.2410543089341,0.20966965417456673,1
-75,5,208,3,0,77.38613779859924,0.6789944802453385,1
-27,4,44,5,0,63.018674087733174,0.15491893619103725,1
-47,5,35,1,0,35.14348801971562,0.7581542692468478,1
-38,6,233,4,0,42.97579859644736,0.9533858352713874,1
-72,3,186,4,1,46.311585905146316,0.6479545868981706,0
-86,5,104,4,1,47.40359854658402,0.200158850653822,0
-27,6,132,2,1,42.06215227909895,0.003393648214860545,1
-52,6,188,3,1,52.57976456439148,0.48290924080448216,0
-69,2,141,5,0,57.94544287007937,0.863036493244251,1
-28,5,25,2,1,63.33785254031247,0.30799896209410216,1
-85,2,33,5,1,64.29511936060352,0.28300889801282547,0
-90,6,231,3,0,51.1974493815225,0.2953555403600566,1
-73,4,234,3,1,39.569160155269515,0.47023512353599384,0
-75,9,91,4,1,57.26762222056493,0.5820946991329928,0
-73,2,72,4,1,35.92434097981036,0.5921308513442985,0
-71,5,19,5,1,64.46018527071823,0.4279823597252498,0
-41,14,89,3,1,35.56471504981016,0.5288805877655933,1
-49,4,151,4,1,56.23709441686428,0.35944961593419655,0
-63,3,59,2,1,42.160499971264535,0.02215263274889967,0
-46,7,281,2,1,37.595801567278414,0.6980196278388539,0
-71,8,129,3,1,39.123453532903525,0.0577949088824693,0
-90,5,197,4,0,52.309932952666905,0.2500677128781291,1
-75,3,32,1,1,39.55869910000236,0.10973749671102151,0
-42,5,213,5,1,55.98246096806764,0.9334911700356123,1
-52,5,171,2,1,47.08463229986338,0.4833893276056237,0
-71,9,75,1,1,51.618062168385954,0.07033162053028874,0
-86,4,148,3,1,61.4529558213023,0.5267289444557803,0
-73,7,282,5,1,38.175797951669736,0.9381850367628943,1
-52,5,213,1,1,44.08520689320213,0.7546355032196034,0
-53,3,262,5,1,52.556343678234626,0.5011165490312455,0
-57,4,111,5,1,52.892562044984714,0.33415689260861625,0
-81,6,29,4,0,38.855643331304044,0.4816312612509396,1
-60,7,255,5,1,73.45084111154911,0.35446848869426206,0
-45,6,123,4,0,18.946846597338403,0.24904910583577877,1
-73,2,173,5,1,55.63980458254814,0.5837199881700799,0
-94,7,121,4,1,67.22117009279557,0.19300470457058616,0
-94,8,12,1,0,72.03971290484934,0.7678098047555774,1
-41,7,249,5,1,31.83172702549905,0.3539240898426266,0
-39,4,39,1,1,37.785224018904884,0.2782220869153563,1
-73,6,276,3,1,49.18306725904521,0.24237633509407586,0
-51,9,153,1,1,69.11177138911361,0.42865094255135217,0
-80,4,36,3,1,57.798055715629026,0.27664655350298084,0
-38,4,18,3,0,59.45958989790372,0.6008625467067157,1
-45,3,203,1,0,51.032053498355104,0.01346757242144958,1
-87,5,207,2,1,44.38858548592301,0.42150532277076025,0
-44,6,20,3,1,82.89453464092608,0.17824274809035368,1
-60,5,256,2,1,54.54773381424959,0.98435386681707,1
-81,1,88,5,0,30.151993141206564,0.5716038505776799,1
-92,1,182,5,1,82.38737133525099,0.31184469512966106,1
-76,5,186,2,1,54.91737744037679,0.8104713391727283,0
-80,2,195,2,1,41.174022993581815,0.8524303326886111,1
-40,1,131,3,1,74.80246867325991,0.1917303367421075,0
-62,3,57,4,1,49.41219468873475,0.02478833203688846,0
-94,4,294,3,1,64.77245375912123,0.5689230608451203,0
-90,1,126,1,0,63.83088070252044,0.8645991463982773,1
-30,5,104,5,1,52.13174254348666,0.9749804755814343,1
-27,8,145,1,0,24.36506881832026,0.12212047936608761,1
-72,10,142,2,0,41.52707969932513,0.05975099149684715,1
-95,3,143,4,0,40.033339585051436,0.45974777065024575,1
-72,4,264,2,1,69.3274439224579,0.13454366563501097,0
-54,3,297,3,1,41.69599254609848,0.17626684698929695,0
-90,6,38,5,1,49.38763760014189,0.4819745714179543,0
-45,3,160,4,0,67.32177893336309,0.4095581168498723,1
-59,5,174,1,1,54.70774387904095,0.5515030815774509,0
-74,4,228,5,1,38.07430742126457,0.1884831544985418,0
-49,6,57,2,1,51.4244130630349,0.13245661700830613,0
-89,2,57,5,1,36.05647970844022,0.7909442371688351,0
-91,2,61,1,1,23.632659470295497,0.013451529304714938,0
-94,7,98,1,1,48.834442184073396,0.6937459020955359,0
-80,2,73,4,0,46.76361864830951,0.348026493053496,1
-49,8,84,1,1,65.25231565696433,0.8004233740422372,0
-74,3,171,4,1,55.54438518735091,0.8955618811107435,1
-94,3,286,1,1,28.247683454984045,0.34127889603146055,0
-55,4,89,2,1,43.20577371177126,0.42124045384397535,0
-34,5,63,2,1,15.65907421662461,0.8218014527582085,1
-50,4,42,2,1,60.631649672783574,0.8384039934971059,0
-32,5,186,2,1,68.58443751583216,0.2566024347759701,1
-30,7,159,3,1,70.32153186228501,0.6084418652305245,1
-80,3,43,3,1,65.80299600704181,0.9638129938401674,1
-90,7,258,1,0,43.668390966229765,0.9069122586782439,1
-34,6,101,3,1,49.82730341308146,0.06094541241624629,1
-88,4,212,5,0,72.84695010816073,0.23630387707272127,1
-49,5,288,4,1,34.98307002061131,0.9991865652470032,1
-50,5,125,4,1,44.23410213549725,0.22155181619993358,0
-70,4,6,2,0,31.454248106961433,0.6982084964523401,1
-67,4,83,4,0,65.66906689924144,0.5678883041274289,1
-69,2,19,4,1,61.25002094407294,0.6512714036250297,0
-29,6,153,1,0,38.115519746450246,0.11446083592470147,1
-33,7,291,5,1,54.81531743818158,0.3534302982898829,1
-55,5,273,5,0,48.89379429868816,0.9323556115490034,1
-80,3,203,1,1,53.43714807790654,0.6201321308006674,0
-45,2,133,2,0,74.58141870425048,0.0873849995046243,1
-39,5,275,4,1,47.155077123137076,0.06893306117410292,1
-51,9,263,1,1,55.35111248148192,0.9500457939359577,1
-38,6,223,1,0,46.380233816219075,0.3827323861339095,1
-31,4,230,5,1,58.82401190497215,0.5531397233389546,1
-69,3,140,4,1,45.85939856012245,0.6761862709781572,0
-58,5,103,3,1,32.415074644448865,0.04786106515835642,0
-28,8,152,5,1,36.51240568780068,0.8284380027437224,1
-57,4,147,4,1,55.17229042088449,0.3720140589683347,0
-38,0,1,1,0,52.899453881738026,0.4734645011043682,1
-86,11,269,5,1,59.32870550312683,0.8930599124360573,1
-28,5,186,3,1,66.51391882499273,0.28094140220718866,1
-68,3,76,1,1,63.480878646779566,0.5891515305646109,0
-38,5,146,5,1,61.8656911375114,0.9230302398747136,1
-73,3,284,3,1,48.79859909759846,0.9680988937384892,1
-87,8,295,3,1,33.826621616044164,0.9561009626364617,1
-49,2,214,3,1,51.52592666813351,0.2565635195616206,0
-86,2,35,4,1,56.00076135915814,0.6979682632449585,0
-71,7,24,4,0,59.4110059025276,0.13773493357267064,1
-52,3,246,3,0,44.8738829487203,0.2728781772190221,1
-94,5,199,4,1,42.57010371619504,0.32254474178572823,0
-77,5,90,5,1,55.88424583075352,0.9279583797989721,1
-88,7,241,3,1,52.70028709121963,0.7065229631604173,0
-55,2,273,2,0,45.34610429119299,0.37399640622769514,1
-37,4,200,2,1,20.569429717933797,0.9207456551240368,1
-50,8,149,1,0,53.13805609892316,0.20491911232821836,1
-61,6,69,1,0,34.37811249060355,0.6868970400946445,1
-86,6,71,2,1,39.40190436460547,0.5939930186885735,0
-73,6,179,3,1,32.93076523201229,0.08865084049412264,0
-42,3,229,3,1,58.422083531669514,0.9383318313487844,1
-93,9,279,2,1,61.23972027722351,0.38091804701323273,0
-31,9,160,2,0,76.6870549245212,0.591958420673837,1
-66,6,187,1,1,44.1124116862605,0.379792796234271,0
-94,8,114,3,1,38.20186025275149,0.741117483082312,0
-31,2,243,3,0,40.158620286114285,0.6236277495178657,1
-49,2,201,3,1,37.09054771524738,0.5969713619213902,0
-56,3,107,3,0,47.4731958659333,0.7365546420021912,1
-73,6,144,2,1,45.955290291361614,0.9945953560405459,1
-51,8,74,2,1,41.20203064348563,0.7089796397081917,0
-87,6,257,3,1,69.76101754485978,0.23831915219943256,0
-45,2,112,1,1,90.00391085957952,0.6221296775804532,1
-79,4,265,2,1,39.748491473703204,0.5817744219175476,0
-77,4,111,3,0,37.25060114039298,0.45794533477435484,1
-89,7,22,4,0,61.19686432703161,0.7476395333862431,1
-48,6,114,2,1,29.445338749730375,0.9555229798110487,1
-32,5,196,1,1,39.616478475067424,0.9466164395898741,1
-61,6,8,4,0,83.93944507289092,0.38516548587896426,1
-62,8,1,5,1,57.27175659128809,0.3342440692917761,0
-46,3,66,4,1,52.58623082939055,0.45572018705089945,0
-45,2,251,1,1,29.58522307842849,0.8820937274171212,1
-83,4,136,3,0,52.67122349991012,0.932597996782375,1
-56,7,115,2,1,35.401809524871375,0.0867566060676297,0
-35,6,87,2,0,62.31458689795153,0.5412138060040587,1
-84,5,84,4,0,13.293725814758453,0.5944822488260402,1
-82,3,280,5,1,78.2169343956598,0.21321512159947142,0
-41,1,153,1,1,39.09093986182817,0.32944987337000886,0
-34,4,207,5,1,53.626862545814404,0.19127901710584028,1
-62,5,39,1,1,58.69519563146879,0.7768617142138045,0
-64,4,288,3,1,67.72994681334833,0.9546261799155435,1
-92,4,252,4,1,34.780837597949514,0.6408788900561513,0
-82,5,294,4,1,63.46141516188911,0.39957100071497886,0
-94,8,55,1,0,84.20952990713397,0.304285374292003,1
-32,2,295,5,1,41.906805628792746,0.8244283640865266,1
-74,3,118,4,1,27.51834272497315,0.31304226208978503,0
-71,3,41,1,0,29.593365099909597,0.6329065037857015,1
-49,5,173,4,0,52.59009329403021,0.2785131389244698,1
-77,3,124,1,0,49.369996880517284,0.14878433373771016,1
-76,4,186,2,1,27.66260032781757,0.5001601020831311,0
-43,5,133,2,1,33.20848992145592,0.05043770203927478,0
-73,3,130,5,0,22.487212388433758,0.9386505936074706,1
-35,5,288,1,1,33.26105577691149,0.7556192702124205,1
-29,8,252,3,1,53.48183073212631,0.7953307962153271,1
-26,6,31,5,1,35.76908438939256,0.13501646371076959,1
-61,5,251,3,1,33.484091960668415,0.18163888987797439,0
-81,7,79,2,0,42.67203406854518,0.2923421277838608,1
-72,4,299,4,1,57.65685096186876,0.21374349523294733,0
-95,5,62,3,0,55.87910835993428,0.16583351950509206,1
-73,4,163,3,0,52.0023157243058,0.6833826894351941,1
-60,4,89,4,0,72.70150125097078,0.6601303889505533,1
-83,7,228,3,1,49.52914496258945,0.9677066147047939,1
-28,0,18,1,1,62.63349645444953,0.4722961759194456,1
-57,6,142,2,0,46.92909986736021,0.8828393781189079,1
-56,6,248,3,1,80.1044974716186,0.9762641725102805,1
-36,5,128,1,0,51.260071812221774,0.7034727721303311,1
-64,4,175,2,0,66.42888261868444,0.5816824411925262,1
-69,4,126,3,1,75.38317750848981,0.192759555350709,0
-41,3,137,2,0,39.65336911605117,0.814182646484471,1
-27,8,199,1,1,47.04808356905691,0.17843564854119864,1
-44,4,5,2,1,59.11617709460145,0.21450509644030724,0
-68,5,110,3,1,49.24537057857837,0.09580151660057068,0
-93,4,98,1,1,60.5417038531175,0.2832663409168146,0
-68,5,151,5,1,58.253148537034356,0.43082939721447633,0
-91,5,102,5,1,24.327742331117058,0.2945377797598999,0
-85,5,93,2,1,47.893662485461554,0.037691796980345194,0
-75,7,106,3,0,45.70517638197597,0.07682298321104453,1
-84,1,176,5,1,57.847354066602556,0.04147728694996011,0
-93,9,92,4,1,36.69592969807197,0.3789745614921016,0
-40,4,118,4,1,42.56300702923564,0.6230962887319266,0
-87,6,142,4,1,63.88695565149453,0.09742696997720213,0
-31,4,52,5,1,32.96385660657394,0.3823850082979531,1
-29,4,16,4,1,69.07822457608337,0.600683779262881,1
-68,6,298,4,1,57.8063104243163,0.2892752631703708,0
-75,3,32,2,0,47.6783648909484,0.2756280189521012,1
-34,6,183,3,0,48.335216985933776,0.7319018142586063,1
-43,5,244,1,1,47.182510906821456,0.5618086584185589,0
-67,1,153,3,1,64.04529211542453,0.45364194957926207,0
-41,6,81,2,0,44.41550495294721,0.9863455230903472,1
-60,4,107,5,1,46.75661645373426,0.4604610100167795,0
-47,5,54,3,1,71.97081991811704,0.30422430310728577,0
-58,8,122,4,1,31.408280978770758,0.6908988872276309,0
-58,6,137,5,1,40.375072233288456,0.77897081901684,0
-78,3,248,3,1,51.10287616376412,0.7531580615951905,0
-30,5,269,1,1,29.9685410360454,0.5127110614761518,1
-30,8,298,2,0,78.61950389955213,0.5813910991978334,1
-42,7,69,5,0,27.646607365096862,0.6737981129689063,1
-39,10,135,3,1,30.14397544026541,0.07280151388938072,1
-46,3,206,1,1,37.53398905066843,0.28097332990816626,0
-75,11,30,4,0,74.15580497908451,0.6585146520583698,1
-73,5,48,4,0,65.00595369985506,0.43879228530947123,1
-94,5,246,4,0,39.24853020926658,0.447070317932015,1
-58,6,249,2,1,65.80308439199348,0.36652344271635784,0
-32,3,99,3,1,66.4588253124463,0.9977250981059604,1
-69,5,69,5,1,51.88996113841074,0.2792277353055279,0
-50,5,15,1,1,41.044766084359594,0.5546780940180887,0
-85,3,159,5,0,37.97837227020131,0.10389920308764233,1
-52,10,13,4,1,28.748650403381852,0.2796110110841158,0
-52,3,50,5,1,56.73585845118241,0.9439664072745988,1
-68,5,68,4,1,22.29826017252522,0.012328685538640416,0
-82,4,237,4,0,65.35351598747322,0.9084748660637424,1
-38,4,173,3,0,26.06149891787753,0.5914084975014595,1
-63,6,58,3,1,52.296233828345336,0.5221014589470707,0
-82,12,40,5,1,46.090750166266524,0.9733474687073671,1
-64,4,58,5,0,54.5908304907841,0.5588712935603243,1
-70,4,288,2,0,46.30351321125889,0.8825750546543237,1
-71,3,57,5,1,57.91999174431686,0.08658147544343109,0
-35,6,265,1,1,45.15307492873102,0.36442447749468976,1
-42,6,45,3,0,71.82433523558379,0.8537538288451721,1
-41,6,215,4,1,46.753685040387204,0.7856775931623269,0
-52,4,217,5,0,65.16278661295506,0.9456352167154929,1
-56,3,135,1,1,52.583889196501424,0.8059719252532728,0
-83,4,266,3,1,48.33127701531428,0.2640718138164454,0
-26,3,143,5,1,69.7666251859079,0.15144528678227132,1
-26,10,279,1,1,53.00429662192692,0.3703353839980731,1
-79,8,101,5,0,46.533803946305845,0.9394135862944825,1
-39,5,99,4,0,22.097372693573153,0.7697837455704024,1
-28,4,170,4,1,46.47893274479186,0.8718059410973978,1
-70,2,164,1,1,47.06246204591989,0.2001349746309229,0
-39,3,280,3,1,32.09517820811422,0.07840834223625981,1
-86,5,111,2,0,43.377726534403884,0.5983692285235367,1
-65,6,58,1,1,54.98023213441054,0.03881250499044164,0
-51,2,128,2,1,43.14868393860137,0.07862313213447392,0
-40,5,83,4,1,61.30278212363483,0.01411863348582798,0
-87,6,192,4,1,53.47489753097614,0.263237138769553,0
-38,7,78,3,0,32.74417123824138,0.11948579310122842,1
-87,4,259,3,0,42.97159235938414,0.7905863772293107,1
-80,5,32,1,0,55.26133156969596,0.8897044517885121,1
-30,6,73,2,1,61.50635588159876,0.8536174968395771,1
-87,6,53,4,1,68.95465385552993,0.779870157903575,0
-82,2,11,3,1,47.98014560328887,0.008601818432715347,0
-52,4,30,1,1,54.684490463054104,0.8365256962277771,0
-67,3,238,4,0,29.08869285384726,0.33815951803116084,1
-60,3,293,2,1,71.77984712993305,0.6949464313698313,0
-95,9,261,5,1,41.568845795926215,0.7147113344716919,0
-83,5,59,4,0,46.79646626211043,0.7333444499161096,1
-53,6,150,5,1,53.40722656326924,0.15147476821682637,0
-51,9,11,5,1,40.75724591669838,0.6929406539021294,0
-28,3,264,5,1,29.8595040472581,0.505981358152432,1
-47,10,179,4,1,55.80321837943314,0.3838115677102276,0
-94,3,154,2,0,37.595369992045335,0.9752897702157737,1
-59,6,21,1,1,58.8003532483077,0.9255611012114977,1
-77,10,157,3,0,52.015554313731634,0.05010943904106757,1
-43,6,93,4,0,56.1034363594445,0.25249012625038036,1
-34,1,87,3,1,17.425691596989715,0.12975862660463555,1
-69,7,284,1,1,62.57878061101622,0.08922719134970791,0
-41,6,19,4,1,97.80478185734049,0.6040886877310744,1
-92,5,231,4,1,21.505262846526456,0.24599966817095165,0
-66,5,70,2,1,62.17473734641996,0.02950485919915935,0
-47,3,259,3,1,41.148668794933755,0.03004970292369702,0
-67,5,263,4,1,32.51623995592533,0.8569537581006843,1
-66,7,192,2,1,29.87600065511801,0.26265956302202953,0
-39,4,130,1,0,64.0616166019719,0.5012253451433124,1
-93,5,159,5,1,71.77432390164499,0.22866050508343239,0
-26,5,99,5,0,53.280746266911514,0.06140514404753472,1
-74,8,277,1,0,73.03974841455965,0.07970161703621403,1
-58,2,257,1,1,42.98441144984163,0.7343994041991075,0
-76,6,161,2,0,62.78080003551507,0.6437094974122003,1
-88,2,168,2,1,66.96948717803656,0.4705357007686962,0
-73,6,111,4,0,55.51200280002528,0.14491624838777162,1
-62,2,188,2,1,32.075777913830514,0.6506915516333056,0
-91,5,295,3,1,57.417151798245044,0.5940717916067257,0
-51,5,110,3,1,60.780148437659584,0.5915768207697575,0
-95,4,105,2,0,66.63597894887164,0.7149128266295598,1
-41,9,294,5,1,48.582265772579454,0.14593829268317082,0
-80,6,195,4,1,56.708013371639375,0.16223002149574972,0
-40,4,20,2,1,68.27311468286685,0.6408146072424379,0
-77,1,150,5,1,85.72730656315748,0.5421779780643259,1
-92,6,127,1,1,31.100572566709943,0.9830409704170288,1
-95,5,211,1,1,45.968317458015825,0.31078213127553844,0
-60,3,282,3,1,30.22672472878337,0.38408565972062536,0
-82,2,261,5,1,62.559860811747996,0.8370071887583816,0
-32,7,78,2,1,41.42671759711088,0.33296187533605903,1
-88,5,220,3,0,29.107808205043334,0.6749756173662792,1
-39,7,127,3,0,79.3535626322879,0.07022745759308402,1
-74,5,13,4,1,34.55414603470881,0.559992909281409,0
-27,4,216,4,0,51.26898229409116,0.8744917916776692,1
-86,6,72,2,1,58.260836659990254,0.42292461342686904,0
-69,1,9,3,1,37.358638863561936,0.32969753144637093,0
-60,6,252,5,1,52.819413147744676,0.38735924798466526,0
-27,2,218,5,0,68.57435415391397,0.5950535381289969,1
-80,2,102,3,1,46.03010835210183,0.5688692036811799,0
-55,9,141,4,1,65.7260512010603,0.4203543747216215,0
-77,3,110,5,0,61.32855653737825,0.2612580096101085,1
-41,8,49,5,1,69.62637700260285,0.5979245402337916,0
-79,9,146,3,1,32.683023251873074,0.5437404086999197,0
-85,7,188,1,1,59.86837538601799,0.8137334906240424,0
-92,5,270,2,1,43.871673423644914,0.777115254902913,0
-37,6,164,4,1,70.22345066637696,0.8820499804079548,1
-89,7,130,1,1,35.05844995415481,0.004992117897975157,0
-68,2,22,2,0,63.210963546668424,0.7159227349221242,1
-50,6,1,3,1,36.06230276985925,0.9119477806724755,1
-92,5,4,3,0,19.76343198263545,0.345607300637241,1
-64,10,194,3,1,70.38115349674914,0.13012665249225452,0
-72,7,109,5,1,51.708003405946876,0.6591486354289616,0
-84,4,193,4,1,26.408257505607533,0.8669388507928906,1
-68,2,226,5,1,43.46527251301723,0.835223428104575,0
-91,4,120,5,1,17.81251992243672,0.11887337188628555,0
-39,3,203,5,0,58.780360021934065,0.8557344041799902,1
-47,6,11,3,1,44.75328002139014,0.33705640203645004,0
-33,6,138,5,1,42.448046659960994,0.07882389545335,1
-52,3,138,1,1,38.752398004188194,0.2364009998254578,0
-50,3,239,5,1,64.61614231848017,0.8663955802085633,1
-54,7,296,5,1,53.578786265570095,0.46823944412836727,0
-53,2,110,4,0,45.58667878878007,0.352955933726107,1
-35,7,72,4,0,61.72422772257627,0.5059104777856958,1
-69,7,36,1,1,52.893448538700866,0.6401349235418353,0
-32,8,291,4,1,40.969653196051496,0.16999377772824287,1
-67,4,85,3,1,45.132744674565245,0.898951100891258,1
-92,5,89,5,1,61.3155646126456,0.4985459330136406,0
-89,3,25,1,1,37.67352312802592,0.21324871906252585,0
-31,6,234,3,1,48.21772765056166,0.40722772393572004,1
-89,3,206,3,1,42.82149556524644,0.12136926140191673,0
-30,3,291,4,1,50.10892372192492,0.24467400786895688,1
-54,6,180,4,0,51.92693501921562,0.3845731043768018,1
-49,8,216,4,0,72.8632329739458,0.0643053203509466,1
-68,4,286,4,1,37.81933421740422,0.9215625864538753,1
-78,1,176,5,1,44.50363566437695,0.5601573868563272,0
-74,4,228,4,1,58.72949821093166,0.591643314661078,0
-63,3,209,2,1,53.19989229149249,0.533187830341095,0
-31,3,22,3,1,48.875133479706896,0.05228873490574415,1
-77,3,176,1,1,39.55782810727207,0.4800248923785718,0
-28,3,269,2,1,50.90325246572,0.5594827592361026,1
-86,6,67,1,1,55.03482931325895,0.8901606075724783,1
-76,6,116,2,1,30.59004681124814,0.5633813206269976,0
-81,8,252,1,1,53.98145564096849,0.5540001434924231,0
-44,6,192,1,1,82.92927595521111,0.3803695959753909,1
-70,3,211,3,1,30.664621585535883,0.8977910459171087,1
-87,10,1,3,1,52.12696282716185,0.12563388191293345,0
-70,6,133,5,1,70.85852220719991,0.08436093491760777,0
-81,4,201,4,1,57.140522131946405,0.3990006786071698,0
-64,3,225,1,1,47.79883140657746,0.413566491528512,0
-36,3,6,5,1,31.199524439220248,0.4311706107475619,1
-89,6,52,1,0,36.35083711511071,0.26694984662179233,1
-56,3,80,5,1,64.31989017199352,0.043207560699808245,0
-95,5,48,1,0,33.9404043530766,0.36288103433947394,1
-94,5,199,5,1,54.76534896059082,0.9397264482391181,1
-27,5,246,3,0,63.265766875137274,0.43929875929752626,1
-52,6,278,3,1,55.904267341840864,0.45925838581442646,0
-76,3,104,3,0,35.5990671334446,0.4502595007430821,1
-58,10,270,4,1,55.92334038243054,0.37073229038663547,0
-63,9,108,1,1,46.80173780672442,0.3615191264181049,0
-29,4,250,2,1,35.04932192623739,0.19502171466069673,1
-56,5,247,5,0,59.41696344785103,0.9668692157165579,1
-26,5,256,1,1,39.41923974276695,0.6633360993454819,1
-84,5,256,2,1,47.78602762099654,0.6784832717871814,0
-71,4,299,1,1,95.32677015962574,0.9033729091938146,1
-35,4,299,1,1,56.58904345600364,0.27644924495816103,1
-35,5,179,1,1,33.05581457286896,0.9347799074236308,1
-81,2,9,5,1,41.85471297131101,0.0819639255320942,0
-49,7,290,1,1,34.79281683508621,0.9682044748944163,1
-69,1,26,4,1,72.3131783943044,0.035459515677685904,0
-68,4,252,3,0,44.219988483377534,0.23874395730564557,1
-56,4,18,4,1,33.68568559481854,0.005793505405566668,0
-75,5,170,3,1,36.24958258425228,0.7396307689945837,0
-26,10,120,3,1,50.12073871959241,0.08304381464556432,1
-90,1,84,2,1,50.26532097377599,0.5345702083654716,0
-78,8,78,3,0,41.9710594323449,0.6189261775433514,1
-33,5,146,3,1,26.330254368443313,0.17418675952858964,1
-95,2,119,3,1,48.2905043231746,0.3315753053834323,0
-32,6,282,3,0,39.49317014578868,0.7944062162185941,1
-75,6,144,5,1,67.25858001935751,0.056522997258114716,0
-68,5,134,5,0,72.6275829501845,0.22639214518322393,1
-63,4,25,1,0,60.855323405788546,0.4976418306251371,1
-73,2,41,5,1,65.43302472073775,0.5703496712466978,0
-31,5,184,5,1,45.44321598406409,0.21560920873670453,1
-65,3,43,2,1,67.30494880527482,0.5733367721020658,0
-75,4,232,4,1,51.63249704383706,0.3272894217257033,0
-28,7,43,4,1,32.2157750505467,0.5975715546021587,1
-48,4,42,2,1,45.847875247708366,0.6565401275499032,0
-85,4,98,1,0,51.223905201061214,0.4156128366008668,1
-77,7,250,3,1,49.04182220683346,0.46120163637487954,0
-70,5,167,5,1,58.96019571557004,0.09032700778367742,0
-93,5,277,4,0,67.75706324866525,0.4435067233053783,1
-27,5,40,5,1,41.13634769598672,0.13712366165920664,1
-95,8,194,4,1,38.18351525611173,0.7955755477765185,0
-72,3,210,2,1,24.04531090394101,0.017823837260092068,0
-29,2,260,2,1,59.86089781315766,0.33009423982079367,1
-43,4,206,4,0,46.66625912636111,0.03252975728649432,1
-85,3,122,2,1,63.57615097305663,0.6071649270381896,0
-56,6,126,2,0,42.636122581809055,0.2612302310286605,1
-51,7,245,5,0,41.217602599977575,0.17294639380720211,1
-74,6,260,5,1,67.79166301582866,0.08257842160374551,0
-41,4,247,4,1,69.4371623213524,0.9098089819869652,1
-28,6,52,4,0,55.56232857766911,0.1689655246717321,1
-41,8,229,4,1,68.213416016422,0.728472535009875,0
-57,3,179,3,0,65.75924133513334,0.9825064771099696,1
-51,4,274,1,0,44.857376568357076,0.0976976709376558,1
-85,5,31,2,0,72.26155832825127,0.6237989451838885,1
-60,4,161,4,0,38.404459776077445,0.11034126768741814,1
-42,2,169,1,1,42.45663095718736,0.9289129323735198,1
-69,2,191,3,1,52.311600365565475,0.9583399183888942,1
-61,4,188,1,0,34.94706784557168,0.06470183894833503,1
-70,10,51,4,1,45.21482649076059,0.43439619607341473,0
-56,8,72,5,1,54.65203185640593,0.907919758640269,1
-60,4,93,1,1,45.159730103714196,0.8795827318772462,1
-34,9,212,3,1,82.04971853584061,0.7009767010625232,1
-36,2,84,3,1,38.41927952055093,0.9154826066806725,1
-87,6,105,1,0,43.99571521381349,0.5503459229584854,1
-93,8,86,2,0,49.34259774881396,0.6077393257196226,1
-91,7,298,3,1,47.673078041803514,0.40213445355275446,0
-45,8,17,2,1,52.406405503712115,0.9927682065945274,1
-69,5,214,4,0,56.29665844977323,0.009526539355642294,1
-65,4,90,4,1,65.34949540042452,0.46944502860563564,0
-84,6,232,4,1,74.373932396084,0.518391591566125,0
-84,1,156,5,1,51.70771737025727,0.05896702692907396,0
-65,4,299,3,1,56.93080442495624,0.6701112682450215,0
-38,5,95,3,1,60.82384189467537,0.9936371776083867,1
-58,7,288,4,0,51.17748709851726,0.21302032098487234,1
-72,3,290,5,1,50.71643574647834,0.4822619189796783,0
-92,6,173,1,0,37.48040179729332,0.8806522308535101,1
-35,9,236,1,0,29.60112384468177,0.19789269176290003,1
-31,2,230,4,1,54.89031209941391,0.5399594318780562,1
-29,5,278,5,0,50.112969680728064,0.31128136186650446,1
-26,4,114,4,1,35.666118445410994,0.4676586100273209,1
-29,7,111,2,1,47.03215356761062,0.8260488477124824,1
-95,4,96,2,1,21.784444281987717,0.8427530519681637,0
-95,1,75,5,1,53.74162295089781,0.07370717719159192,0
-84,8,43,5,1,60.3019943070337,0.2038733092321151,0
-62,5,189,2,1,38.13480179612459,0.22097632909813458,0
-81,12,224,2,1,28.831164172390157,0.6544306113800963,1
-51,2,64,5,0,62.32804658388693,0.5556665221785336,1
-33,1,245,1,1,42.56828835298588,0.8605411182168008,1
-83,8,235,3,1,61.103849674923396,0.31653678533170493,0
-51,8,128,4,1,36.99210707314536,0.08419140040241757,0
-44,5,237,4,0,53.98151383962107,0.030591127846373523,1
-55,5,243,2,1,62.13204139553478,0.04399603007279318,0
-67,4,226,1,0,63.980037557674194,0.23865935462868781,1
-85,2,55,3,1,47.97050012643428,0.06272173321234975,0
-41,6,41,5,1,33.486696108985825,0.5530728792900214,0
-66,6,213,1,1,37.10391155383632,0.766472670713606,0
-67,4,244,2,1,66.13837025061765,0.06901904299915729,0
-26,3,108,3,1,72.2078714783039,0.514455265255737,1
-77,2,154,3,1,52.5247345504924,0.21241530084715654,0
-55,5,216,4,1,44.2261202809734,0.27521352736545013,0
-31,1,113,3,1,36.904932780450096,0.6989603925173866,1
-39,6,298,3,1,43.45436085775546,0.31883807483333304,1
-57,3,25,1,1,71.03359033420023,0.8619718941819796,1
-51,4,136,4,0,67.51929845578478,0.8526634336275619,1
-36,5,246,5,0,44.333127087489856,0.5697415778661655,1
-79,4,143,3,1,36.732981452061324,0.7471307905046627,0
-57,5,130,5,1,51.15381584718065,0.40184793753928316,0
-94,9,61,2,0,66.2205600020894,0.7627294262739243,1
-49,5,281,3,1,37.83416113952887,0.6931575583743703,0
-33,4,261,5,1,39.51100016195087,0.6642724088881171,1
-81,10,247,1,1,57.42602644533998,0.6641823194356371,0
-77,5,265,2,1,46.942172045621135,0.5569287593059883,0
-27,5,100,5,1,41.07268820106386,0.28500414639075655,1
-29,6,230,1,1,33.234479929500125,0.47183076421325076,1
-60,4,40,1,1,50.92118050818746,0.7383024706022654,0
-35,3,88,2,1,49.23760825302427,0.5360831131959095,1
-34,7,60,3,1,17.6911030891859,0.23896920396599008,1
-78,5,30,1,0,55.78259565456163,0.8601644372037783,1
-56,2,157,5,0,43.328752321145956,0.06338825145908544,1
-91,4,56,1,1,37.646195988438414,0.120655351810258,0
-28,2,71,3,1,62.687122286730016,0.007224464694527866,1
-27,4,203,2,1,64.21593465746473,0.38631401745960936,1
-56,4,224,4,0,46.53347770978022,0.833583724899347,1
-66,10,24,3,1,61.82158911446345,0.9217812915786588,1
-51,6,232,4,0,21.173686346572623,0.31585882937195375,1
-52,10,40,2,1,39.36284039650699,0.5015342689658624,0
-35,7,119,4,0,62.01631715220522,0.568758828353115,1
-26,5,157,2,0,65.2171206452473,0.7275689280930444,1
-32,8,179,4,1,54.239323855629976,0.7461616949731174,1
-28,1,31,3,1,56.32950684704612,0.3685745642456141,1
-51,5,224,1,1,54.61428259471239,0.9895332236756368,1
-62,4,264,3,1,42.96065520860444,0.03457470568556764,0
-37,1,126,4,1,57.64757655070178,0.15012795261194578,1
-40,5,155,1,1,80.22625049358987,0.897090760752795,1
-28,3,1,1,0,45.887219993774124,0.5961119735434631,1
-81,15,191,1,0,41.766154059908835,0.0496159960050222,1
-83,5,80,4,1,54.48444966734939,0.9209882494094404,1
-77,4,51,3,1,33.92554230806728,0.18249861419761482,0
-92,3,290,4,1,37.56714486528737,0.0319809182311086,0
-75,5,27,4,1,49.52450297719111,0.3176940713742138,0
-93,4,281,5,1,63.26905480903296,0.8261399868210566,0
-34,4,165,2,0,62.43922148989248,0.2640557387122444,1
-50,7,219,1,1,49.11930572152203,0.9682866515208812,1
-45,6,77,4,1,15.220091053445287,0.9685493816720391,1
-74,10,105,1,1,50.48869812190976,0.5161922176836633,0
-74,7,151,1,1,59.75887126403102,0.5200898455211013,0
-42,4,239,1,0,40.80128116706088,0.7587883421524628,1
-79,8,270,5,1,26.531511968884338,0.9746683074076278,1
-87,7,281,5,1,53.416367009798236,0.3968710510447775,0
-47,5,296,5,0,57.69941996739032,0.6171471810005225,1
-85,6,236,2,0,46.97256236854728,0.6930277448302254,1
-63,7,262,5,1,33.73608763200974,0.5052920299046455,0
-57,5,100,1,1,49.19209456407974,0.14298670483287135,0
-86,6,134,4,1,45.6618477748397,0.220630280629577,0
-69,8,72,4,1,57.62027482438048,0.8784103861254161,1
-62,8,207,2,0,50.55623156466489,0.28389314103115826,1
-84,3,125,4,1,50.516237663937204,0.8146769299652705,0
-31,2,118,5,1,54.92471570971708,0.6913291571085084,1
-65,6,104,1,1,69.27098426108635,0.9916694132333971,1
-81,4,298,2,1,69.53269603428815,0.5339234469910733,0
-56,7,151,5,0,35.77415667518254,0.004424438493902616,1
-75,0,270,4,1,39.90920910028105,0.09597087017696682,0
-74,6,101,2,1,58.60120940111156,0.9595989944430229,1
-51,9,222,3,1,55.85484714490063,0.2126000831619279,0
-43,3,260,2,0,40.295281881639845,0.5386142850339615,1
-76,5,292,1,1,37.985653859098335,0.6194188520919873,0
-56,8,280,5,1,64.8334289923328,0.9455828973600062,1
-26,6,24,1,1,34.032139121377455,0.033432974353828415,1
-36,10,254,1,0,48.07575116395041,0.5588492951996418,1
-33,2,21,2,1,56.132248709778914,0.901123643297506,1
-44,6,180,4,1,51.40598869659619,0.7857781700017288,0
-95,7,212,1,0,39.663828000853385,0.9426169024876391,1
-58,7,168,3,0,47.48129173946751,0.8601854434355192,1
-60,5,239,1,1,72.73781488013155,0.2848424296127061,0
-43,5,187,5,1,49.8823079924584,0.2624624102500749,0
-95,5,154,3,1,40.30552296380149,0.9661910922008791,1
-35,5,25,3,1,30.280004265922493,0.38604028490604547,1
-68,5,270,5,1,35.26158591085905,0.35883444390258346,0
-73,7,144,3,1,73.38006625932293,0.46586194975211537,0
-38,7,19,1,1,47.806962364216616,0.06773024297102681,1
-50,12,183,4,1,50.32438797986221,0.5400482415327627,1
-40,3,89,1,1,38.81576663352691,0.8118129173963744,0
-30,4,95,2,1,63.345164601301576,0.4533447480934476,1
-53,5,259,4,1,65.92412799431894,0.5467057633309995,0
-56,1,273,3,1,57.73526081104554,0.24016023394623476,0
-32,8,237,5,1,57.685243505809545,0.46546223408050447,1
-73,6,277,1,1,33.72964452817354,0.44907934496740864,0
-51,3,147,4,1,63.27443999618732,0.3179079908688873,0
-55,4,264,2,1,33.28402710632498,0.7371073798200817,0
-78,4,224,1,1,46.22573036309725,0.6892407219679578,0
-57,6,38,5,1,49.32973235854544,0.8077866436700509,0
-44,5,66,3,1,65.37475583057949,0.7571323082983231,0
-45,4,95,1,0,52.16966768164078,0.3813672007981792,1
-58,3,222,2,1,36.48853468759488,0.5207702281913356,0
-30,5,133,5,0,51.82198561887734,0.17883129766188732,1
-34,8,13,1,1,19.576303550730433,0.7483557882453601,1
-76,3,70,4,0,74.27053587529575,0.15996921703549571,1
-94,1,283,5,0,47.897230773164495,0.8736523542992757,1
-70,4,285,5,1,61.88357762193639,0.2056200663436163,0
-91,8,73,3,1,54.2515232586822,0.4253998537813215,0
-63,5,228,2,0,63.77916892625554,0.3192292397074169,1
-87,5,94,3,1,64.81536696722138,0.15824104274636774,0
-61,6,20,3,1,65.68889153224528,0.5393518016782335,0
-87,6,55,4,1,53.57598068326646,0.07114721705810523,0
-51,4,59,5,0,43.47042520077399,0.1071524183301863,1
-50,3,155,3,1,39.86722432726289,0.09864797454787366,0
-64,3,267,2,0,33.260972474154514,0.7016540931772017,1
-44,5,43,1,1,56.00969525428033,0.9825505822857247,1
-38,4,69,2,1,58.63341081181372,0.8397795639430138,1
-44,9,86,4,1,68.28901365772509,0.6526088379243976,0
-88,3,142,1,1,77.15566422707414,0.10652733376272383,0
-55,6,181,1,1,47.23385300681996,0.005514605908759407,0
-46,5,239,2,1,51.82301106719403,0.7057877330597222,0
-47,10,214,1,1,49.06880617420469,0.7828021253886411,0
-84,3,125,4,1,44.947575306003664,0.6953105398212477,0
-43,4,75,4,1,66.83721913961759,0.48977125735292903,0
-64,7,210,2,1,79.70433550536076,0.29612073046002585,0
-48,4,72,3,0,19.204759685901912,0.9582665063990229,1
-94,4,113,5,1,71.31295672948629,0.04678846621029753,0
-70,6,13,5,0,52.536429082990146,0.6988330531598115,1
-81,6,25,1,1,51.59650752926179,0.3807232613507118,0
-88,3,65,5,0,55.72585985143203,0.8942088768410802,1
-95,8,278,5,0,28.403684969788806,0.36934956216085046,1
-51,4,190,2,1,36.578201580165285,0.2452962321061939,0
-64,6,166,5,1,49.10817269547204,0.4120001833251038,0
-26,3,288,3,1,35.45020393554613,0.6536806328847605,1
-65,6,234,5,1,53.878594041430844,0.8226257482647886,0
-79,11,187,4,1,44.59095274726974,0.9411006906550579,1
-84,3,67,5,1,65.24467340822133,0.3274265056319321,0
-37,4,163,5,0,62.68001686375996,0.27419868281321513,1
-91,5,143,1,1,36.86033726512049,0.6333030396331303,0
-63,6,7,3,1,17.11146710850592,0.7063497605932015,0
-42,3,62,5,1,50.30108427665351,0.686941605344729,0
-93,3,143,5,0,37.93050506393144,0.027418915401902222,1
-84,2,133,1,1,68.73157427839973,0.3947291382715882,0
-31,3,73,3,1,20.854191378699838,0.6437840754485948,1
-38,7,281,4,0,42.07139476448118,0.26691839328168754,1
-88,2,299,1,1,35.59977088931908,0.7834997178396234,0
-37,5,235,3,0,29.69840090204365,0.9773940208242655,1
-58,9,169,3,1,42.63178062761379,0.6785680368324246,0
-88,3,11,5,0,58.94444160412302,0.49491920263516687,1
-37,6,74,3,1,50.98163142006825,0.3430737347379593,1
-64,4,169,3,1,40.98331779425618,0.9833537811337866,1
-82,4,75,3,1,49.77302254239077,0.5038355374003791,0
-26,2,132,2,0,35.65914997788275,0.3493591395693767,1
-46,3,132,1,1,71.0640033243816,0.40445406930047767,0
-60,3,48,3,0,37.81714766536474,0.4029890940869164,1
-60,4,265,4,1,46.72514834819637,0.061822496540341776,0
-95,3,42,4,0,60.40662619436013,0.6506979862804624,1
-61,5,134,4,0,52.24328873093711,0.1240093082251772,1
-94,6,16,4,0,58.97633551205573,0.20370159129747045,1
-38,2,288,1,0,70.72736022518762,0.6833435371697973,1
-44,6,31,2,1,48.4655628369002,0.48394996352585284,0
-55,1,255,5,1,63.11079214928008,0.07495206903961071,0
-84,3,118,2,0,47.167963719049865,0.09588037515889136,1
-29,4,143,1,0,23.85896267337871,0.03284488274899766,1
-75,5,164,2,0,55.26927827681348,0.9121605496009476,1
-32,3,79,5,1,57.88001777986422,0.09542592064257671,1
-66,11,232,4,1,68.21157996468645,0.8858301746052077,1
-81,4,207,2,1,61.704491567474115,0.9456027918015356,1
-33,7,99,3,1,31.61841554981485,0.6706830022374395,1
-26,7,137,4,1,37.834673591615434,0.9330922872500963,1
-68,9,137,1,0,45.70595465766828,0.46700920763132137,1
-66,2,66,5,0,53.50220686211383,0.4123399357926266,1
-28,9,270,3,0,43.701719148531275,0.12571823292792483,1
-63,4,83,4,0,56.9103454505622,0.8623487494491571,1
-45,6,3,2,1,67.46768891357108,0.106290671006532,0
-56,7,61,1,1,50.08861714221359,0.8495899598415397,0
-68,5,120,5,1,71.97777715058191,0.07736641410153167,0
-78,3,31,2,1,45.438888249115095,0.5614087378215888,0
-94,4,199,2,1,51.947288609636594,0.9985031135900024,1
-38,5,106,1,0,48.12887573223309,0.5662779046166625,1
-95,8,124,1,1,70.04119948587277,0.8445705061957617,0
-76,6,22,3,0,59.04800513496331,0.8190592873888208,1
-50,9,183,5,1,49.8092967843276,0.5026988280097074,0
-90,7,233,2,0,18.920463318681474,0.4510239317639505,1
-59,3,100,3,0,56.3256719390073,0.5611961203125979,1
-66,5,170,3,1,45.07114318409436,0.27516290498565943,0
-88,5,19,2,1,34.8659848135822,0.5191972069996917,0
-48,4,236,4,0,68.47587760565744,0.9571149763355911,1
-27,5,193,5,0,57.67845004650755,0.5541992097841075,1
-29,5,249,3,0,26.650288773924693,0.013362651423909688,1
-79,5,276,1,1,42.439022153969944,0.5636644806957731,0
-31,2,224,4,0,22.98771731998272,0.3595650660046903,1
-55,4,273,5,1,79.41434118801115,0.23375635089720748,0
-58,7,98,4,1,49.52520336064717,0.7250064381031529,0
-91,3,133,1,1,44.79798714912576,0.8202077265463622,0
-74,4,273,4,1,54.80893312084923,0.2989418779304426,0
-60,1,145,4,1,55.98568540315763,0.8424044280249525,0
-37,5,44,2,1,62.482826574364694,0.13386572166983102,1
-59,4,25,1,0,69.7853440301473,0.09438691378065767,1
-69,10,94,2,1,58.185495312730296,0.7889459390259504,0
-63,5,21,2,1,35.683624501678054,0.17604769542717025,0
-62,3,172,5,1,57.51651283215717,0.22037598602088926,0
-81,8,7,4,1,55.26406830376554,0.6058058742596186,0
-58,7,156,1,0,63.531251564007505,0.7597817940470643,1
-27,5,69,1,1,49.72748550636801,0.817389488596974,1
-42,4,200,5,0,66.86953136524822,0.7200334655750557,1
-75,3,151,5,1,27.560310642881507,0.37903838304714477,0
-75,5,70,4,0,42.92841689140165,0.018139833893020874,1
-43,7,261,5,0,44.20853322777082,0.1492264815531631,1
-87,11,205,4,0,66.06236775673918,0.8403275980136151,1
-74,7,64,1,1,39.05474076227968,0.534187377609642,0
-34,3,261,4,0,37.8389367295903,0.917919045608133,1
-84,2,40,2,1,44.50663838383595,0.12984961591805266,0
-58,9,195,1,1,56.4850131493389,0.3142728119138819,0
-62,7,221,4,0,74.54779304921398,0.10323081561321767,1
-34,5,265,3,1,32.6228589857274,0.02248109986864888,1
-76,6,270,2,1,35.859563131553166,0.7847655174140448,0
-95,4,51,3,1,29.016178609931192,0.9247294989035056,1
-94,3,94,2,0,46.08798455528081,0.5164242660977119,1
-78,7,57,3,1,64.24508798241153,0.6286209441202532,0
-94,3,95,4,1,50.31515102011464,0.6360466262369636,0
-75,4,251,1,0,49.72244998354417,0.3002371558876853,1
-27,6,288,1,1,36.48234645556021,0.9723775529910336,1
-68,4,243,5,0,44.28461509869669,0.3419323660094381,1
-49,7,6,2,1,20.9318741898056,0.16853065391360367,0
-73,5,108,1,1,48.47434543157078,0.4440792904626437,0
-79,8,250,5,1,18.569518387385394,0.18577246264277503,0
-77,5,272,4,0,50.47659297090485,0.253710126180705,1
-32,2,270,1,1,72.4166051964706,0.7964200182593585,1
-47,3,115,5,1,52.59080436350515,0.6815229295410152,0
-62,3,29,3,1,45.418149663763984,0.29767550472432436,0
-95,7,5,1,1,46.983589208204315,0.4467230123373853,0
-49,4,62,2,0,25.88166313576201,0.5299805186096838,1
-61,2,233,1,1,40.809725266811284,0.5958017879498584,0
-80,6,88,5,1,77.29920523795192,0.09773923530627415,0
-61,6,76,2,1,45.358677738474384,0.9326209067701681,1
-39,3,55,4,0,29.231261530349638,0.9280218556382318,1
-68,0,282,5,1,49.03709958637951,0.42117692892873015,0
-36,5,284,4,1,54.658299398267495,0.4894126641919797,1
-31,5,99,2,1,53.00186095926445,0.23574366615006848,1
-72,4,44,1,0,54.559244998637794,0.5601128456006358,1
-69,6,61,5,1,57.211196675445535,0.026787288560364386,0
-51,7,202,5,1,47.3958920120123,0.41054536019984234,0
-54,2,236,4,0,62.7449274997886,0.8233832132365506,1
-67,6,269,4,0,30.69429838472181,0.8283945173701613,1
-72,3,146,2,1,57.83036147145419,0.6144231212091987,0
-77,4,149,5,1,57.42335568654573,0.09633436913527038,0
-54,3,257,4,1,46.80589638785456,0.7392168297482733,0
-34,3,130,5,0,24.872244617709278,0.6278490177342105,1
-85,7,257,3,1,39.643215370360636,0.1644889540561968,0
-69,7,67,5,0,44.69151955647083,0.976392224739126,1
-88,3,43,3,1,71.74544842297992,0.44613225833782966,0
-39,6,123,4,1,41.88439044495074,0.9696430251363969,1
-29,3,42,5,0,31.971678507242245,0.7410331022073613,1
-85,6,183,3,1,41.79008730564492,0.2867725307520993,0
-26,5,8,1,1,61.43515538426604,0.7496020570575452,1
-71,6,215,5,0,39.29177719200757,0.6166380812205616,1
-40,4,298,2,1,52.04474799342494,0.9870879840538204,1
-62,1,43,2,1,34.478637805511156,0.7794870602734894,0
-59,1,242,4,1,56.96395987345969,0.72838443435347,0
-87,6,229,5,0,51.086040084743715,0.47042158602666095,1
-36,5,135,1,1,48.325995390057535,0.6816370297014067,1
-48,6,32,1,1,61.167687461037545,0.2451932759094887,0
-91,7,147,3,1,29.542459424110756,0.17341052833681359,0
-31,4,84,3,1,38.04590894804727,0.7329511531051287,1
-37,6,218,1,1,71.55202157699438,0.13539265537351897,1
-61,8,259,4,1,50.18309273323169,0.0012833632293802744,0
-88,4,201,2,1,49.85975377955993,0.884741773903565,1
-77,6,281,2,0,18.82794209041157,0.3964085032994238,1
-47,3,132,3,0,44.97046608563853,0.6245974810193547,1
-85,6,90,1,1,49.99994045768156,0.6934892468921299,0
-71,4,277,1,1,55.15253669103831,0.40648445576967507,0
-48,7,148,1,0,32.62800310531887,0.2670613756850432,1
-34,6,98,4,0,68.53278829165517,0.5395054822435531,1
-90,3,216,5,1,67.95774101043614,0.4901033716245117,0
-54,1,279,5,0,41.56496574323116,0.7504101738471726,1
-39,4,158,3,1,48.11156704796008,0.24979958854249373,1
-60,4,239,2,0,46.562944242273616,0.020190559104281025,1
-72,3,248,2,1,45.31909315413177,0.21289340481729502,0
-78,4,155,1,1,46.21836521475056,0.885409916824533,1
-82,8,181,2,1,39.43767955870577,0.6055240404175403,0
-69,4,299,1,0,49.275413507125286,0.09945312227578851,1
-43,3,226,3,1,42.5303696087339,0.46878581073414693,0
-26,4,141,1,1,38.28994042973484,0.7496722187170469,1
-65,9,271,2,1,36.67923322590468,0.8229349267360656,0
-79,5,54,3,1,66.34161247370477,0.030140517763302288,0
-39,4,90,4,1,60.432231269674894,0.14957609953817885,1
-60,4,95,1,1,43.70797411797838,0.8669095277514538,1
-64,7,263,4,0,53.60238906869299,0.648918754506992,1
-67,6,45,2,0,64.42660730333473,0.416852716263746,1
-89,6,121,1,1,60.39279551752879,0.24735296564315634,0
-33,4,243,5,1,62.339593025346986,0.7336239241326038,1
-42,4,181,2,0,37.79006082480463,0.7299179753469166,1
-92,0,181,5,1,36.78268887720451,0.04964092161631872,0
-55,1,27,3,0,40.765657017257475,0.27884862433360424,1
-90,3,195,2,1,36.87688927301125,0.31767311947286836,0
-80,10,1,2,1,47.12745131208115,0.8276942370111463,0
-80,6,177,4,0,74.63421615913508,0.05521990110867969,1
-32,4,10,4,1,35.35613459575551,0.9466842313982974,1
-36,5,290,1,0,53.82226813586722,0.6210555545150412,1
-39,5,189,1,0,64.3535264663561,0.0937563818654884,1
-85,8,116,3,1,25.011356851830428,0.43240022028969294,0
-90,9,151,3,1,58.924414033932706,0.8184203799729463,0
-82,7,283,4,1,58.037772148729445,0.2509299415778524,0
-81,6,32,5,1,44.34200196032677,0.42068563092776656,0
-84,4,255,3,1,44.294446099979425,0.39078753802460664,0
-93,12,121,3,1,37.427693835138946,0.19896475768460753,1
-77,7,157,2,1,44.063381753122925,0.32907248142979584,0
-82,5,279,4,1,43.32934776770815,0.11217119548074106,0
-77,6,130,4,0,37.295623075171655,0.7373813438870674,1
-55,6,20,4,1,14.243178199873661,0.7520087535303261,0
-35,8,266,2,1,53.96234647839558,0.870627599603582,1
-83,5,284,4,1,68.13261445053747,0.05492542311639437,0
-37,5,45,1,0,40.88259004452034,0.8040007407217661,1
-29,3,116,2,1,52.398322327873004,0.13687172057614638,1
-32,2,271,3,0,74.91408228049684,0.8092241913586461,1
-51,5,118,1,1,71.43675808220152,0.6981192458122928,0
-56,9,269,2,0,52.03090830079087,0.8554334302667076,1
-60,5,275,2,1,27.79004935435788,0.7448375938703949,0
-93,6,10,4,1,30.183335919455935,0.5996555344206397,0
-75,9,29,3,0,48.97093217242203,0.36016055053337404,1
-63,5,206,4,1,63.063331303198495,0.9054359809634767,1
-84,6,55,2,1,69.7529508426463,0.886952439058839,1
-41,5,68,3,1,43.022444202154816,0.13282124593316724,0
-63,2,78,3,1,71.90014849490277,0.20229833490693616,0
-39,3,98,2,1,50.697702562936556,0.03366320416963331,1
-87,3,44,5,1,16.377868333799135,0.08367436213987012,0
-69,3,32,1,1,64.9783573147435,0.9483609984570618,1
-68,5,129,5,1,21.338973603681897,0.5563342866058799,0
-72,0,155,1,0,39.15648448286566,0.7298104977972278,1
-91,4,118,5,1,44.72184079694221,0.8859848236570289,1
-50,4,284,3,1,63.90968051790391,0.8712537240416298,1
-65,1,136,5,1,34.31699924945666,0.44012577495384686,0
-80,2,75,5,1,35.48006942226374,0.9877372121355908,1
-59,10,225,5,1,55.39955516438912,0.019425504177490782,0
-61,7,49,4,1,69.30307882264705,0.898459916663545,1
-86,4,208,3,1,53.25300141937999,0.5672526938598034,0
-41,2,99,3,1,62.30079310566572,0.6276170018349079,0
-84,3,58,2,1,63.71519202428858,0.3261295575959695,0
-73,5,283,5,1,36.15021419564504,0.3052863374010121,0
-70,2,145,5,1,34.489957336123,0.4970829103145161,0
-72,5,163,3,1,44.38258908419241,0.7890252401118069,0
-44,5,243,1,1,61.79673181823979,0.6686534518898447,0
-79,4,221,5,1,64.06306443262908,0.885522416889137,1
-63,6,58,4,1,47.11183064307837,0.7370046732222719,0
-41,3,267,2,1,57.611406655854964,0.8109902105612193,0
-62,3,133,3,1,55.01132717102838,0.39660677738726824,0
-81,4,115,3,0,56.874888073406005,0.18544272438823617,1
-46,4,154,3,0,51.20713528874968,0.12291144187804359,1
-85,6,32,1,1,45.37112717770484,0.13687998974645432,0
-82,2,237,4,0,56.72688592838947,0.7928655644774464,1
-44,6,75,1,1,45.167636743687225,0.5351786401596007,0
-74,5,236,5,1,38.23467937357922,0.17737350796938833,0
-86,1,191,3,0,52.29831670852417,0.6862294308161264,1
-63,4,148,3,1,27.15021179497385,0.7426217293051912,0
-51,5,42,2,0,60.32098900611897,0.5865296572469995,1
-85,5,224,5,1,43.140095604173716,0.8395177196738491,0
-32,6,282,1,0,40.78443227846971,0.5403191404032229,1
-28,6,165,5,1,46.428168818323,0.8283416697105109,1
-48,3,201,4,1,26.247221383452878,0.1682048823540182,0
-41,6,199,3,0,48.280380745141954,0.936531163342389,1
-49,4,101,5,1,54.909978968772116,0.16976344010755906,0
-43,4,188,2,1,51.027951486739596,0.2627643941286838,0
-34,4,238,2,0,44.14350148070544,0.7621530911150485,1
-79,3,4,3,1,40.25242576563453,0.09337947106665745,0
-60,7,236,1,1,51.52722776769307,0.06827803451603742,0
-52,3,147,3,1,55.73628799228286,0.1804698620113313,0
-77,1,99,2,1,34.13262784179258,0.5988105618035469,0
-69,3,62,1,1,43.66541876447432,0.9093369179792065,1
-93,7,146,3,1,54.14594296148657,0.6610790976074561,0
-71,1,283,5,0,48.627195171530154,0.3180904177038125,1
-68,7,247,3,0,47.15090687941813,0.10770058775888203,1
-80,3,105,5,1,58.655575947477246,0.8885271045645945,1
-49,9,26,2,1,31.858030437720714,0.8786647424112171,1
-40,7,219,5,1,56.92896390452235,0.7610729072241664,0
-71,6,163,1,1,45.74398475317304,0.05584449301108296,0
-43,11,4,3,1,72.30708721907524,0.7868641497316774,1
-44,9,203,5,1,45.91789184334387,0.047612273858685716,0
-72,7,55,2,0,38.86907515420509,0.7639291034983515,1
-77,5,185,5,1,56.74984522383255,0.447663250478312,0
-66,8,254,3,1,30.360557900296598,0.45728952649802634,0
-65,3,97,5,1,73.8273455115816,0.6476233870170266,0
-78,2,237,3,1,21.793670391831366,0.6948531348703155,0
-93,5,40,1,1,26.59297784117485,0.15771592028800485,0
-42,6,99,4,0,89.97790792636167,0.08052543134143653,1
-77,5,123,2,1,68.19400030500815,0.9883962490176815,1
-87,3,174,3,0,12.28530728326102,0.07631474479168532,1
-51,8,142,4,1,48.53602866092206,0.6633468314423038,0
-92,1,90,4,1,24.565101437862864,0.15473616100622778,0
-29,7,205,4,1,43.943451499117906,0.8878697917288222,1
-32,2,63,5,1,33.157775558921145,0.21200259665877375,1
-68,4,25,2,1,43.41471242215503,0.31816133859157003,0
-34,3,254,4,1,28.087288627408093,0.3989966262399338,1
-26,5,163,1,1,61.115502181380464,0.6374326055466465,1
-44,6,232,5,1,76.28308449517313,0.8210372385239322,0
-73,3,53,4,0,41.19486171037948,0.669401398075399,1
-56,4,169,1,1,70.49832295001411,0.21641272253256216,0
-54,4,7,2,1,48.30180250684494,0.2679682302063827,0
-60,3,240,4,1,62.173403753936334,0.3877551086839276,0
-45,4,203,4,1,25.356372370522298,0.07846339139347225,0
-37,4,71,4,1,74.66591171000725,0.3811076709159331,1
-65,4,115,3,0,23.22838146301952,0.000979133676900057,1
-57,4,253,2,1,55.91199858278266,0.12217398405535362,0
-63,8,140,2,1,61.835946809311054,0.3762637284434833,0
-92,5,52,1,1,42.61163943623054,0.023369802284423202,0
-44,5,34,4,1,54.25223799589145,0.10915374327237248,0
-69,3,120,2,0,68.2631865112518,0.388622121171072,1
-37,4,54,2,1,49.65239258308881,0.803060046205131,1
-41,4,208,4,1,15.006262638708336,0.012943761012847443,0
-70,9,172,3,1,35.36730029701848,0.7959776887585015,0
-53,3,284,5,0,48.51389439570132,0.9443635912805154,1
-41,6,241,4,1,51.611698329535265,0.21171360129301264,0
-69,7,136,3,1,17.361649766837033,0.5743274756721628,0
-32,6,17,1,1,45.198073231040425,0.728561222249406,1
-69,4,184,1,1,46.20350937802164,0.6103520447105263,0
-46,6,144,5,1,54.22518141165812,0.2404779453321202,0
-59,8,85,5,1,82.8265958769211,0.6557310574524087,1
-72,3,89,5,1,49.17141658223502,0.11552025403187505,0
-42,1,204,2,1,32.096103418308665,0.4377226725337695,0
-76,4,34,3,1,58.19730403507874,0.4975337797059971,0
-56,2,59,2,1,68.9990806591716,0.6525705487339041,0
-72,5,250,5,1,37.73652961302503,0.6998225883522806,0
-53,6,50,2,0,28.484721449572124,0.028318899918321927,1
-86,4,34,3,1,53.650876700852955,0.2619592299176039,0
-47,3,223,3,0,48.346303586613224,0.805421477304979,1
-59,3,208,4,0,65.06097215414566,0.5102501321559869,1
-88,5,217,4,1,38.00144472513046,0.11389515633156333,0
-48,11,91,1,1,32.773838127448,0.6717593616716864,1
-85,6,81,2,0,50.60774123819723,0.5375554226322046,1
-90,6,214,1,0,76.26775269518193,0.6572577420864065,1
-38,5,230,5,1,49.41758409148333,0.04633530417585929,1
-41,3,43,2,1,69.15893191025923,0.9766654321874082,1
-63,5,39,1,1,34.37444996773919,0.24764865558791416,0
-70,6,295,2,0,79.7805567249113,0.7681893121074835,1
-61,6,61,5,1,74.34058786408809,0.13267921171851194,0
-83,5,299,4,0,53.13666968663277,0.4064696537727862,1
-91,2,261,2,1,40.960201946285224,0.5580270391020311,0
-86,5,269,2,1,56.01422207162105,0.03476760313124483,0
-55,6,8,5,0,35.367341205492224,0.2821764022922115,1
-82,5,227,4,1,63.69555519030908,0.717466480600287,0
-89,4,293,4,1,48.45124343882309,0.12553998328432403,0
-58,9,115,4,1,25.39749003137478,0.8037643447438484,0
-56,3,211,2,1,55.615671492561106,0.5225924131298888,0
-66,5,282,5,1,56.88125097197131,0.9271702675938109,1
-50,7,207,1,0,50.86068770232137,0.29202082748825897,1
-78,7,287,1,0,68.1739134148921,0.20676655522943355,1
-45,5,108,5,1,80.3075422878054,0.09388810422118299,1
-58,4,269,1,1,42.80156633748031,0.9941330747058952,1
-80,5,60,3,1,39.103427667401775,0.697399989931918,0
-91,6,236,1,1,55.73578700571856,0.8074532650102806,0
-27,7,91,3,1,51.220354387431435,0.6679788416391771,1
-50,6,225,3,1,20.561629199829614,0.34407183599986424,0
-76,5,70,1,1,64.82189683231427,0.7793093054519453,0
-95,0,83,2,1,51.946501391495374,0.6347296696538048,0
-89,5,44,4,0,41.94114425373495,0.058242496222275064,1
-39,6,209,5,1,53.56631327747097,0.8881250404460186,1
-65,1,94,2,1,48.33108654407374,0.9011583240254598,1
-59,1,167,3,1,24.94513655339085,0.666633740848792,0
-81,3,171,5,1,42.52628052963305,0.3608372350385709,0
-52,7,71,4,1,37.9350863131424,0.3245079786357309,0
-68,1,201,2,1,66.11653504213805,0.10168860155153736,0
-64,8,115,5,1,31.344743958475497,0.5104593834924984,0
-70,4,256,2,0,69.8037916776666,0.24621871505306248,1
-90,6,21,1,1,38.52437375155168,0.6804479860024567,0
-89,7,251,2,0,61.692317067034,0.5091318667929116,1
-40,5,281,5,0,48.939042588589174,0.8783853829301309,1
-43,6,44,4,0,38.23546424127922,0.09283428158451246,1
-73,7,253,1,1,54.705401532389175,0.8886124994634162,1
-63,4,174,3,1,79.40131171202815,0.8403597605766782,0
-37,2,147,4,0,52.48373194241177,0.6789926968583162,1
-43,3,115,1,1,49.146259559640654,0.6179270035655277,0
-27,6,4,2,0,54.93400447331617,0.8625436813526797,1
-55,4,36,5,1,61.55898266247505,0.5294145065767907,0
-49,11,91,5,1,44.73682723233128,0.6444325558840851,1
-65,7,111,2,1,39.07110660288645,0.039809887623239226,0
-37,4,94,3,1,71.63650193864638,0.8226342309888385,1
-88,3,154,4,0,41.715777542202396,0.5336924614639972,1
-70,3,266,4,1,18.540604269295017,0.8981108565142617,1
-73,9,6,3,1,58.426930284084875,0.66607451906959,0
-57,6,38,1,1,41.24120116448195,0.6813115724933623,0
-85,9,147,2,1,50.73718717135213,0.7048403718446835,0
-76,5,113,2,0,46.79363634501242,0.9966227431351713,1
-32,9,212,1,0,56.139623465067,0.921937625974348,1
-62,6,294,4,1,61.03853707832571,0.44216038671827296,0
-50,7,186,2,1,64.59137438227692,0.8241258338365486,0
-72,3,284,5,0,46.02396816495143,0.5204081715689189,1
-28,8,180,5,1,34.768507810480465,0.08905408116868918,1
-73,5,67,4,0,28.130181463813962,0.7183641026617654,1
-45,5,41,5,0,55.76193724123927,0.6560304626598614,1
-57,5,191,3,1,68.88759819954501,0.5574711238341579,0
-68,5,19,4,1,20.194136944443855,0.23752095847817412,0
-46,5,152,3,1,49.71404903219668,0.19546561063218582,0
-31,4,90,3,1,68.10932467212831,0.6153615074785846,1
-38,6,268,4,1,42.410543604658365,0.935499044659669,1
-84,4,205,5,1,33.47490946855467,0.7284699159412469,0
-86,8,284,3,1,73.27669878947654,0.25804350168843804,0
-34,10,119,5,1,36.25036970867141,0.5400297044800302,1
-35,3,17,2,1,45.72956859965691,0.9787403032044808,1
-67,10,179,5,1,39.719658238498454,0.16162313090388725,0
-52,3,3,1,0,73.27460792264523,0.316750475431701,1
-30,4,68,4,1,47.42520434109022,0.366890387350964,1
-77,4,7,4,1,51.056893859886536,0.5818784988349394,0
-38,3,97,2,1,59.819465255142525,0.7582452279550979,1
-48,5,272,1,0,16.861705711946293,0.02405515238755196,1
-86,10,60,1,0,52.82415691918572,0.5408197426451639,1
-95,5,156,5,1,59.172852175935255,0.3181977277051561,0
-56,4,40,5,0,43.721053582056705,0.6480787958111967,1
-32,5,76,2,1,20.258119409192517,0.8861781368259888,1
-72,5,178,5,1,30.669845526114788,0.8221314563856932,0
-82,5,82,4,1,43.52228984274438,0.07039559873371692,0
-69,7,193,1,1,70.20013890254063,0.7549677109588644,0
-36,4,176,1,1,74.97052277125024,0.6873455490098805,1
-78,6,197,3,0,36.16092321615721,0.460764635840778,1
-61,7,196,4,1,65.88958496642553,0.9306523424591755,1
-60,6,290,4,1,35.70719241712998,0.22794303616855527,0
-37,10,146,4,1,60.91603517496315,0.7280257351785495,1
-56,5,191,5,0,36.19538847645382,0.9614038050884081,1
-65,1,67,2,0,72.41623237677416,0.5097755500035495,1
-57,1,112,2,1,43.05568262313235,0.5903138263753435,0
-65,3,272,1,1,31.515664136853008,0.556956991421886,0
-64,2,109,5,1,54.69727168124573,0.6063933459582079,0
-93,5,123,4,1,84.21586135458823,0.18462113163402682,1
-47,5,192,4,1,50.41244549893309,0.6009699839099057,0
-87,4,106,3,1,34.77859425844278,0.8463736096096515,0
-36,4,36,2,1,29.349161883548195,0.23794284610934557,1
-87,3,87,1,1,41.10659498306757,0.6181350117282778,0
-29,2,232,1,1,52.657439087527926,0.4228054073186366,1
-60,5,30,1,0,46.80985633670606,0.18052009088393883,1
-65,3,93,5,0,56.561816240681374,0.11676461125348625,1
-41,4,68,5,1,39.2378580939921,0.10346206992170248,0
-47,3,198,3,1,52.91800748594095,0.14004471812838426,0
-57,4,175,3,1,49.85812283115624,0.9993994089926262,1
-65,8,29,3,1,73.12571126970158,0.8717752398510592,1
-50,3,104,1,0,40.48902864436804,0.7883571168608697,1
-95,4,298,5,1,32.95396007335428,0.023824914450871315,0
-44,3,111,4,1,28.348486083399646,0.037757424257521155,0
-92,6,166,4,1,47.47370457778421,0.9323008324721626,1
-71,5,123,3,0,28.364643695751404,0.4546262990702409,1
-33,5,174,4,0,42.690745282948086,0.8979825321496254,1
-51,7,148,5,1,52.3971023522596,0.8202071593633219,0
-94,3,237,1,0,54.45016957378976,0.18128170344033268,1
-28,5,205,1,0,56.44133090478706,0.29414973149706636,1
-42,7,88,3,1,35.61159538125597,0.26935200891924993,0
-32,6,204,2,1,64.51743216006565,0.5117540861927833,1
-88,6,11,3,0,45.32869009778409,0.586398415156997,1
-54,4,199,3,1,63.660435376143724,0.21175268864813424,0
-46,4,280,1,0,42.59049348754034,0.37290569368012616,1
-54,4,225,3,1,50.66574515558273,0.07462366166150491,0
-86,6,105,4,0,56.13183263299413,0.4062710758711915,1
-92,10,98,3,1,43.27798460774301,0.5523544694740993,0
-94,7,57,2,0,43.99826274985425,0.5608601251469932,1
-75,6,34,4,1,49.77824214085308,0.8833962009858753,1
-51,3,96,5,1,43.50092100705753,0.7090477216027237,0
-46,5,164,2,1,53.95414342089098,0.9664786443926396,1
-95,4,54,4,1,32.82414257731915,0.5886459124712028,0
-67,8,253,5,1,52.67352306966194,0.2583229715147791,0
-41,8,293,2,1,64.72344728085596,0.9171646706460174,1
-76,5,29,1,1,45.30005377931636,0.6943108800335961,0
-64,3,190,2,1,69.86828731006554,0.0007443148890811102,0
-95,3,213,5,1,63.85283898802927,0.6493734780462979,0
-92,5,242,1,1,71.37146587959356,0.3512922761172187,0
-46,6,256,4,1,20.620649742043774,0.8394669884956729,0
-41,3,189,4,1,23.560686795493282,0.4681820760541934,0
-36,5,112,3,0,65.776519386059,0.9893395655192526,1
-46,5,232,5,0,57.45715011526512,0.28047576657230444,1
-28,4,86,1,1,77.04792107362427,0.6644251338333523,1
-42,7,289,5,0,32.64067508663828,0.29503114629123417,1
-60,7,166,4,1,32.27022336088466,0.7158714501742809,0
-57,7,207,5,1,23.23931995629924,0.3039853758238388,0
-71,5,124,1,1,36.00644549800105,0.4638467773898346,0
-86,5,216,1,1,52.67079242098707,0.28131195935755415,0
-46,3,179,2,1,51.4044345699035,0.5960649016580531,0
-39,6,111,3,1,23.79321073328239,0.07673435351271629,1
-45,6,140,2,1,13.998504883487819,0.6918460945501407,0
-60,4,157,2,0,29.812956724733212,0.7888060387483584,1
-46,4,239,4,1,69.70446569356608,0.5168143552325256,0
-93,7,193,1,0,78.10866435920697,0.6542428316639706,1
-95,4,140,1,1,58.40087970986278,0.3682609306539929,0
-80,4,259,5,0,47.17282765021321,0.9005614350022894,1
-59,4,149,1,1,61.05444236277395,0.3485711052046474,0
-62,5,21,4,0,64.92646009749367,0.44043705045524784,1
-61,8,127,5,1,53.57880140582051,0.07484453934119795,0
-81,2,108,3,1,64.96669643014889,0.8060289016661668,0
-84,5,212,3,1,77.8448488590348,0.17781935373531121,0
-43,5,289,4,0,44.58624381047124,0.281324428561327,1
-35,2,221,5,1,54.46866916217763,0.7920911458456091,1
-60,7,129,3,1,39.929185304514746,0.9012014078846223,1
-27,6,72,4,1,67.38657033938932,0.3096234799396299,1
-83,8,195,3,1,42.37100715475959,0.19482535629723952,0
-41,7,19,4,0,52.47988602174555,0.963089447850655,1
-36,8,281,4,1,29.590230108411358,0.7264479897623705,1
-65,6,290,3,0,48.492618208340936,0.6493415434613468,1
-53,2,223,3,1,39.07971641734141,0.36420555678717126,0
-94,7,62,2,1,35.05426500421597,0.6547015449843878,0
-76,2,215,2,1,51.31947101541146,0.3576783332353075,0
-28,6,127,1,1,39.435401870022204,0.2164380014307602,1
-77,5,7,2,1,59.823692204520896,0.11645444367810365,0
-88,4,278,3,0,59.108420876370985,0.6580888002909872,1
-33,8,199,4,1,49.365856979142926,0.18835356438101025,1
-55,7,97,5,1,49.56393052302411,0.7615225162234888,0
-46,7,46,2,0,25.971424667220997,0.5971135050974303,1
-63,4,146,3,1,28.29811382535654,0.0024950577483476843,0
-88,4,273,4,1,64.97898695169661,0.23046644740299005,0
-69,4,249,4,1,69.5341436729799,0.7427841376618295,0
-61,4,237,1,0,41.85968233893847,0.21788798501628526,1
-47,8,131,1,0,47.424251541734854,0.14837266615641098,1
-82,5,149,1,1,40.61369367273927,0.705702306966402,0
-74,4,89,5,0,41.10871199875843,0.7480130728168776,1
-94,8,256,5,1,42.465114623281075,0.041373297034718926,0
-78,6,236,3,1,52.53942578767909,0.21474648542111852,0
-71,4,45,3,1,52.733031168391165,0.603367928866175,0
-78,6,53,2,1,48.63047564871451,0.654486069665355,0
-48,10,154,4,0,34.24334908100645,0.8877523379899834,1
-62,5,223,5,1,45.995040065592974,0.6280849232464205,0
-28,10,97,5,0,27.25789918389589,0.1261730164493703,1
-52,3,298,5,1,57.13906673002369,0.6799491734497504,0
-95,5,213,5,1,44.19028843032144,0.883668942311987,1
-39,5,266,4,1,46.7389805231682,0.4357627921486369,1
-95,5,86,2,1,58.53154733610183,0.3907999839056199,0
-66,0,165,2,1,52.34538931991156,0.18661732010492216,0
-81,5,132,1,1,32.14362855833438,0.6211324627263177,0
-82,8,83,4,0,45.14282737265584,0.32289898175430953,1
-57,7,200,3,1,46.70781685521406,0.012046975608280386,0
-76,7,294,5,1,69.64811039475981,0.025382946062128986,0
-66,2,216,4,1,40.558285791419415,0.930964570142107,1
-50,6,34,3,0,79.21599825782059,0.3809598124437761,1
-40,8,245,4,1,32.29079687588267,0.6514819352444364,0
-91,7,147,2,1,45.629562186579875,0.7352632964197793,0
-45,5,82,4,0,66.23442869583945,0.28666712125797156,1
-94,6,250,3,1,38.723145510288006,0.7433508208772366,0
-57,2,202,2,1,46.95793673722861,0.9213432718185194,1
-39,4,289,2,1,55.24314763623277,0.15665841002228453,1
-60,10,293,3,1,67.00024247994874,0.31125769287269434,0
-89,4,96,2,0,50.753549532868085,0.4858976501063256,1
-94,4,103,2,1,43.493853079683134,0.003051265761076505,0
-89,7,27,4,1,67.32501732478822,0.960125249107352,1
-61,2,171,1,1,45.697408446661655,0.6962280641433584,0
-31,10,126,2,1,79.6854410368127,0.3172025531651843,1
-68,4,291,1,1,47.94291617556197,0.12368388028141564,0
-80,4,194,1,1,42.08317139506851,0.3317161240809816,0
-65,2,222,4,1,48.70833786889091,0.05729402029487285,0
-90,3,201,1,1,44.460562227608165,0.8302633440989503,0
-65,5,161,3,1,38.97352125378684,0.8682099979741763,1
-60,10,213,1,1,26.29322450463199,0.5224816423201191,0
-49,2,145,1,1,36.09662220544049,0.9613916734943073,1
-81,2,62,3,0,40.904235154357536,0.704459447091851,1
-31,2,160,2,0,74.0236813138675,0.5790343446794401,1
-38,5,299,5,1,72.80924971109451,0.5970147507018604,1
-62,4,284,4,0,36.370474315080074,0.43900035052475783,1
-91,5,215,2,1,58.97624886690525,0.9305147333023323,1
-93,6,84,1,0,34.641739882378666,0.7751212061003665,1
-28,7,20,5,1,47.09241240133357,0.7496058817800527,1
-80,11,160,2,1,63.74723650139751,0.8997098566023409,1
-73,2,218,4,1,31.708855431300396,0.1146830051093698,0
-40,4,214,5,1,42.392889696656916,0.11927283827799362,0
-33,2,1,1,1,27.3655507578561,0.6148123888399811,1
-30,4,11,2,0,65.85654757087416,0.14585878158481846,1
-69,1,43,1,1,59.544570445232715,0.6936809738974251,0
-61,3,180,1,1,57.24145378198841,0.8385283726888856,0
-87,5,285,2,1,53.29155893455279,0.6353705088765585,0
-37,2,219,2,1,25.428683454845267,0.1691144574280946,1
-33,4,43,5,1,59.45183836541155,0.21135327854750763,1
-27,6,47,2,1,84.97932458920067,0.9071957996608533,1
-40,8,136,4,1,69.70464568804955,0.9328873933835345,1
-36,7,291,1,1,34.178986583033584,0.43416339173214413,1
-66,13,256,3,1,74.84073836973661,0.38984368235816136,1
-79,5,45,4,1,35.49230068357531,0.11516989434107272,0
-72,3,29,2,1,57.908758294727335,0.8631880329917778,1
-31,6,252,1,0,53.60070971225731,0.8646899874812065,1
-28,5,72,1,1,31.112222774753207,0.3731968487069104,1
-48,8,256,5,1,48.441205303974286,0.599744582701101,0
-76,3,183,4,1,55.460428785538795,0.19882660557045062,0
-47,5,145,4,1,22.802969481201444,0.08177314831314908,0
-87,4,286,1,1,61.413722257412935,0.3626695808807784,0
-29,6,255,2,1,27.758149057342408,0.6186460046232398,1
-68,6,253,5,1,54.745729984688865,0.8683401614273868,1
-29,3,3,1,1,77.80396841275342,0.2950508044108314,1
-71,4,281,5,0,31.805682556983882,0.43670611576077156,1
-51,7,13,2,1,53.69392990110061,0.3053346623864285,0
-78,1,145,1,1,45.683046476716655,0.32080223414635634,0
-50,4,217,5,1,59.776619247220275,0.7503221793267337,0
-55,6,58,4,1,62.15208611403207,0.639462085361417,0
-83,9,189,1,0,68.75454943873737,0.3294161247450538,1
-48,4,238,2,0,41.635082316358506,0.22540917710027186,1
-75,3,25,5,1,50.21244660849234,0.9294800924461317,1
-49,6,17,3,0,48.55038350851352,0.4160183284122202,1
-88,5,111,1,1,50.04435053850016,0.48150599337372224,0
-87,2,32,4,1,37.32751395886672,0.56021988706123,0
-70,9,51,2,1,40.24653787419364,0.22382681614095234,0
-68,6,17,4,1,47.31560085686375,0.7953514211271494,0
-82,3,227,1,1,65.32240891777666,0.6467938459502705,0
-30,5,258,2,1,42.26922381106727,0.6573917430522427,1
-46,7,299,1,1,49.29883081006478,0.356658305585428,0
-40,4,220,4,0,68.8846464784209,0.43504315208652056,1
-32,6,254,1,1,40.46772545284426,0.9804203788323202,1
-33,6,130,2,1,55.46725790383789,0.28682775848064856,1
-81,4,116,3,1,53.68336884129491,0.10644554674678797,0
-92,9,229,4,0,81.02928806562217,0.3289617447470593,1
-65,5,21,2,1,59.90508947769998,0.9312375579434192,1
-55,6,180,3,1,78.36743966539092,0.2466684390837638,0
-78,8,242,1,1,83.16177483144367,0.6500840606196955,1
-47,1,299,3,1,50.573900956637715,0.32926450237570215,0
-42,8,154,5,1,40.892528868409826,0.7108736605855395,0
-34,8,158,1,0,46.37745003666343,0.46172570960341863,1
-39,11,104,2,1,44.82608300638978,0.37057802198119594,1
-62,2,238,4,1,43.0328738268906,0.8647967507816008,1
-27,1,53,5,0,45.041004594128694,0.2992170759749174,1
-51,2,145,1,0,69.37248358855352,0.8948629911317041,1
-76,9,161,3,1,55.06562456355883,0.4686892417535773,0
-80,4,201,3,1,39.08529736619152,0.18163779929545654,0
-50,3,211,2,0,51.8603609684162,0.33182984364865353,1
-92,1,35,4,1,39.727847676554,0.2488616726725884,0
-60,10,107,2,0,70.17026563170768,0.10603836113366949,1
-49,2,269,4,1,67.93432728815435,0.25754728685861605,0
-77,6,107,5,0,47.57219540148907,0.256735212038933,1
-82,8,205,2,1,65.36545255027487,0.9841528668425304,1
-59,4,17,2,1,62.02567639955737,0.3775332030583438,0
-73,5,88,4,1,24.59841772231841,0.6413708514377688,0
-78,7,9,2,1,30.30003170543477,0.9828975246680121,1
-40,4,18,4,1,56.137964577194175,0.30703036322885424,0
-83,6,20,2,1,52.032412391638445,0.8912923838920971,1
-66,4,121,5,0,43.60044681645859,0.4070650310072793,1
-30,5,51,4,0,47.32338050379303,0.30247364561658563,1
-38,7,282,2,0,53.84731059517402,0.03417369393925351,1
-92,2,109,2,1,31.652368031150967,0.6254708117859797,0
-58,4,67,4,0,74.61282484290598,0.5061521972147519,1
-52,6,169,4,1,39.47229020383511,0.665539798735106,0
-53,4,294,2,1,44.44054921068435,0.18255334921708932,0
-28,7,193,1,1,34.53361984959388,0.21446051637989694,1
-38,6,295,4,0,37.14428426343138,0.38692611333553373,1
-64,4,170,2,0,52.05425460453835,0.953530022004771,1
-66,3,2,3,1,38.19080384672158,0.7817929143730972,0
-70,5,152,2,1,37.99839206560584,0.6229792553013127,0
-88,4,152,2,1,60.47858623796867,0.686054386463473,0
-63,10,204,1,0,46.98229408091928,0.5331332499036143,1
-47,5,136,4,0,55.95683026211392,0.02343489828745504,1
-80,3,171,4,1,75.88768419124229,0.6457545645423408,0
-54,7,252,1,0,82.24765097858653,0.012501661146784304,1
-69,7,269,2,1,40.305676876219536,0.2578602738737208,0
-64,5,177,2,1,71.55351235546831,0.4022960992769272,0
-86,4,31,5,1,50.83254466016272,0.5748554892513662,0
-64,4,100,3,1,37.95171144720392,0.6354449098897494,0
-53,2,155,4,1,54.02761870500746,0.06803052796352238,0
-50,3,102,2,0,64.17064789128042,0.6083475084104389,1
-30,4,226,3,1,46.390808299668905,0.2982325275453267,1
-71,6,90,1,1,33.931895204327496,0.32661390678571145,0
-93,7,234,1,1,22.678936711560976,0.6932120208290181,0
-50,4,73,5,1,18.238685551693127,0.4907257912874725,0
-30,3,89,5,0,32.99566883397215,0.25300520630988,1
-64,5,200,4,1,81.80052097442666,0.5033512818629396,1
-74,2,186,5,1,64.75417270442367,0.4034883670045254,0
-70,4,258,4,0,47.864962424733804,0.9893572721303915,1
-77,3,13,5,1,64.72615011847246,0.038446485788183105,0
-48,2,278,5,1,60.32683396586026,0.5323154152526205,0
-33,2,50,4,0,58.1567136515281,0.47848073577606465,1
-30,5,191,2,1,62.191096686031656,0.34536574138596565,1
-30,6,105,4,1,55.14121070105783,0.4344781618993384,1
-82,5,80,1,1,45.83815902713822,0.5692487704487538,0
-88,2,154,4,0,69.58749750407785,0.5183770032056968,1
-51,7,12,5,1,58.49481355481546,0.4885378305016911,0
-91,5,188,5,1,56.79319174631432,0.19431742363122462,0
-85,6,256,2,1,63.44851141799125,0.6015987154373696,0
-33,4,284,1,1,47.43605695811725,0.5372386573827483,1
-88,4,150,2,0,46.9324999268347,0.74594325915415,1
-50,6,173,3,1,61.228139408759176,0.3156220076733215,0
-56,2,21,4,0,26.88129616856312,0.3835886336972276,1
-50,7,36,2,1,51.379984774456396,0.30334923598097385,0
-63,3,28,3,1,56.32734063516334,0.31742011851617025,0
-85,0,154,2,1,54.1841920843905,0.9319692802857061,1
-83,7,159,5,0,38.41572557133948,0.7248318567074157,1
-28,2,53,3,1,52.23307209826426,0.2850119992218413,1
-83,1,106,5,1,68.78648927566985,0.1586206595998576,0
-62,7,97,5,1,51.81402188364659,0.9308120730797638,1
-42,5,298,3,1,33.65646984318612,0.20481202742718319,0
-40,3,140,4,0,59.33566880335413,0.49360544236012294,1
-57,5,90,4,0,76.76193050292667,0.2723851023026381,1
-60,2,60,1,0,70.56136090078238,0.7276029219137533,1
-41,4,270,1,1,72.17573226399995,0.6617924302044036,0
-65,1,67,5,0,57.09266078390163,0.2860270447903638,1
-92,2,287,4,0,62.5919736970854,0.1898398640874599,1
-92,1,200,2,1,40.86502707271829,0.8238349065474366,0
-58,6,110,1,1,60.56248249907959,0.42051721415225285,0
-61,6,257,5,1,37.19260941413706,0.46021446252377485,0
-90,6,190,5,1,55.73053148383285,0.5966872340927463,0
-68,3,216,4,1,37.48395405097378,0.3154294011808184,0
-27,9,162,4,1,70.90070637579807,0.9837688663138048,1
-37,6,155,3,1,66.04545542337524,0.6803706734087294,1
-45,8,29,2,1,44.71761148216715,0.3179737684963003,0
-54,7,274,2,1,44.72434808113371,0.32462905186271884,0
-50,9,243,1,0,58.47936567329758,0.6911525938152693,1
-62,6,229,4,1,46.65132604818454,0.9080558881441689,1
-47,7,13,4,0,56.20520588404314,0.5083645761132098,1
-63,3,209,3,1,46.75607253680876,0.6731147249970646,0
-54,2,216,1,1,71.56632795813789,0.19110160095330475,0
-71,4,139,3,1,59.67447237396277,0.6239759243038153,0
-33,6,66,3,1,52.48296391144179,0.14488226208940425,1
-40,10,188,2,1,66.52342739359722,0.4376292958160978,0
-34,1,102,3,0,31.886983071572022,0.9348889533869115,1
-37,3,187,3,1,41.695504092489,0.42249338198869735,1
-52,3,221,2,0,46.42010060990826,0.8779965158202033,1
-41,4,175,3,1,65.64643522031166,0.9873654234289357,1
-88,5,207,3,1,34.8909497947287,0.5612964528792719,0
-27,3,54,5,0,80.40794093619614,0.7527252999180629,1
-63,5,115,3,1,37.534260309319265,0.4852135279763722,0
-92,7,76,3,1,50.589000487024734,0.6129553688646414,0
-60,1,101,3,1,51.432728346541076,0.9622800588607778,1
-94,4,295,5,1,51.93824594546362,0.17920465422304377,0
-90,7,267,5,1,22.17807439015201,0.7044971850984769,0
-53,2,127,1,1,65.78011635209779,0.7907315627197543,0
-80,5,137,3,1,63.56281659441274,0.4801448800474388,0
-87,5,237,5,0,79.33811419414467,0.272379463028248,1
-54,8,236,4,1,57.53118100127015,0.44728795851419934,0
-71,1,276,5,1,58.492622536226165,0.6770863921820848,0
-31,7,275,5,0,35.722975338421065,0.12225893318824765,1
-27,6,47,4,0,47.83181724982124,0.8342402020843542,1
-49,6,286,4,1,42.529374557084175,0.5077530679281728,0
-83,5,82,2,1,32.9151220315401,0.1896551380417696,0
-65,10,139,4,1,52.02301987679312,0.43679925272693243,0
-81,7,210,5,1,47.0491545853706,0.0759733958037424,0
-82,5,18,3,0,16.27798607663687,0.6714825293075533,1
-76,4,232,5,1,64.02258323130175,0.03681944092282885,0
-51,9,158,4,0,70.32656915005441,0.7919128417073924,1
-34,1,252,1,0,47.711486503199616,0.6696535952509742,1
-76,5,66,1,1,81.17174325989401,0.08102554430845754,1
-69,7,107,2,0,26.038841536229285,0.08034030322363639,1
-80,2,286,4,1,48.460440022058904,0.9243492894550641,1
-35,7,36,3,0,47.08322042249,0.6426291026072943,1
-49,6,15,4,1,63.53561544152021,0.9033214468187379,1
-29,9,73,2,1,68.41214110331435,0.9028080594556858,1
-71,10,31,1,1,29.510478216572345,0.62602986487255,0
-91,6,156,1,1,33.996511057387835,0.9103217638301031,1
-52,3,62,2,1,34.852211763199634,0.836683920977984,0
-30,7,199,1,1,45.58318681325352,0.5325057341857027,1
-78,7,30,2,1,62.69251807124549,0.6638810596638406,0
-74,5,268,2,1,51.42822296271656,0.6282603665388541,0
-85,3,84,2,0,66.86219961292132,0.7096435307834003,1
-57,6,202,2,1,45.54330560964581,0.2149550712064897,0
-76,2,103,3,1,54.44467590440714,0.19180559663321017,0
-48,8,110,5,0,45.41693047494894,0.8731819126024717,1
-59,9,70,2,1,72.82082144428729,0.6465819178377576,0
-71,4,81,5,1,68.90217432452846,0.07256265144008978,0
-78,7,201,3,0,53.60315490369542,0.08143176773316896,1
-54,6,28,5,0,55.69691502767489,0.6556733818151317,1
-44,4,15,3,1,54.24475505845879,0.8815686107022253,1
-48,2,145,4,1,55.90831183166765,0.7329810820400455,0
-88,3,214,3,1,59.57831971666242,0.0392736997745784,0
-80,9,188,2,0,41.17981885976657,0.11697188679245152,1
-42,5,133,2,1,61.787713803079924,0.7370674563495374,0
-74,5,88,4,1,43.19570031208976,0.8433190649535175,0
-31,5,113,2,1,32.52994820272005,0.2497005149310888,1
-37,4,143,4,0,64.76337725513775,0.2959251616681222,1
-39,7,30,3,0,56.25027253622106,0.5705693107532175,1
-74,5,53,1,1,66.3425726514414,0.8349322239618608,0
-92,4,50,2,0,68.38808518694935,0.244113641240579,1
-78,2,205,4,1,43.929143461990634,0.9718243318270673,1
-74,2,192,2,0,37.44249288290923,0.7544383997061894,1
-42,2,275,2,0,31.57804812787885,0.0875468862605161,1
-83,4,34,5,0,11.006408541662786,0.7851312863373637,1
-29,2,13,2,0,30.495800176858147,0.25278431364742937,1
-44,4,275,2,1,67.92655137149866,0.8263747768130218,0
-50,2,31,2,0,51.2397348836615,0.24871329739932568,1
-58,9,185,1,1,56.23644859129445,0.0017948354600553218,0
-28,7,279,1,1,25.3471586010726,0.8599639702413139,1
-32,7,83,5,1,50.170834208178555,0.839834885240168,1
-73,3,42,1,1,40.23497800314862,0.036207106383824295,0
-49,6,57,3,1,47.03916841708528,0.4026700215469491,0
-67,2,258,5,1,44.33795882315446,0.1961668989321651,0
-61,10,85,4,1,52.32820316669201,0.9427844307676558,1
-93,11,32,5,1,47.65400945824375,0.3291493149932443,1
-55,4,91,1,1,44.8807350744467,0.3454272366468094,0
-34,5,151,3,1,40.410572312006394,0.6334355117742867,1
-51,8,152,5,1,47.232034876687194,0.3583051972785619,0
-38,6,34,5,0,40.70849455939558,0.011752573556567003,1
-61,2,86,1,1,24.345577304468986,0.8445026278984835,0
-44,7,29,5,1,17.286140440285273,0.5526935090528085,0
-78,5,71,4,0,57.71390986524716,0.8000763902993364,1
-65,3,156,2,1,64.1860048698946,0.176758047674493,0
-48,1,87,1,0,33.90292819473996,0.6900822405724726,1
-91,2,218,2,0,81.86261733137879,0.33093575348563453,1
-52,1,250,5,0,39.09833619228517,0.19743991240686132,1
-57,3,176,2,0,55.26388201135103,0.1564683323230318,1
-92,5,42,4,0,39.49799489676121,0.9848144319940069,1
-63,8,216,5,0,45.547839754246645,0.3636326604814286,1
-53,7,23,1,1,49.23810946005028,0.9144197107269475,1
-53,3,113,2,1,56.64416195988409,0.7883658713871341,0
-49,8,153,1,1,59.693354986088174,0.37142778395115517,0
-31,4,83,3,1,44.206150390801994,0.03447823831385888,1
-33,8,144,5,1,83.55007030736482,0.8819382457691883,1
-77,7,15,1,1,58.37921149816045,0.813242761597106,0
-50,4,26,1,1,45.370683674736384,0.9495014162300962,1
-93,3,57,1,1,42.657668030441044,0.5850721515691151,0
-51,6,26,2,1,48.96616643273001,0.15505647588686455,0
-54,3,36,4,0,51.748113173842114,0.14452906406482424,1
-48,11,227,5,1,57.80488439078883,0.7840392500587903,1
-39,5,73,2,1,50.87176418868656,0.13429290057226662,1
-66,4,112,1,1,55.72932181582985,0.7927140468480504,0
-52,1,249,2,1,48.552754533843085,0.3708353818381809,0
-48,4,171,3,1,53.995312393141894,0.32686538194211556,0
-78,4,188,2,0,28.401433372774186,0.3862991000467404,1
-87,4,54,4,1,40.42618550470229,0.16398973459406307,0
-78,4,285,4,0,42.39649023562468,0.039784222644689504,1
-89,5,290,4,1,50.46981669516605,0.6094473177713507,0
-27,5,94,4,1,71.14842140080444,0.6557334969590962,1
-29,3,170,1,0,55.56990910674426,0.8412970564766903,1
-90,3,76,5,0,44.43914955061273,0.5615736509833743,1
-86,2,224,1,1,61.60110819062921,0.9115170390869909,1
-67,9,89,5,1,60.06376714156885,0.47619583056430426,0
-61,10,222,3,0,31.728360590647394,0.9888238397034503,1
-73,5,222,5,1,48.073809658049335,0.6078679234528196,0
-32,6,221,3,1,54.154247011623966,0.7228235931977032,1
-59,3,44,2,1,53.34127698758026,0.8023965342532282,0
-86,5,278,5,1,63.43780852281087,0.8949257271374506,1
-44,4,150,2,0,46.78786116625414,0.6749759177912739,1
-72,7,247,5,1,55.977282689846234,0.6169891245835606,0
-46,2,135,2,1,46.60865687789353,0.25450709140810523,0
-88,1,257,4,0,38.26752890272014,0.3213944347391071,1
-92,3,123,3,0,59.1832205459042,0.8776782503720556,1
-68,6,119,4,1,56.73407061371328,0.1387968481947106,0
-73,14,49,1,1,57.67996566278438,0.09929279378025879,1
-86,5,217,2,1,33.40443466721396,0.5792990127461399,0
-91,6,97,2,1,50.69524432577881,0.7903990822836569,0
-89,9,248,4,0,50.62917481517028,0.6070307774474967,1
-93,5,176,1,1,57.72826623555611,0.7180665107553083,0
-60,4,236,4,1,19.72698862820687,0.2809313597898446,0
-61,5,144,4,1,59.740024639680406,0.6502636993146175,0
-40,8,51,4,1,48.820709033967645,0.28202506489691026,0
-85,3,198,2,1,43.42739789880797,0.41861260213764717,0
-82,8,81,1,1,47.27538958591139,0.5619904058198332,0
-32,8,7,5,1,46.47057394961138,0.6895798940223444,1
-30,11,7,3,0,38.19062006301614,0.8471629327063953,1
-40,9,204,5,0,94.00104489816576,0.5111282897589237,1
-94,2,96,1,1,57.66780335344704,0.44705902209652404,0
-81,1,112,5,0,64.58061156342839,0.5609215978790236,1
-39,3,244,2,1,77.11002584124654,0.38707876314205747,1
-74,2,61,4,1,57.36507799296184,0.8006501972603666,0
-77,6,107,4,1,71.76183558607667,0.0138316527805189,0
-69,3,29,4,1,59.69431744819319,0.82114421691763,0
-83,9,87,2,1,82.21664120347114,0.24581111338802064,1
-44,7,287,2,0,45.40313780064303,0.7776895335579316,1
-81,2,27,5,1,41.91979468179345,0.06718209281771614,0
-68,9,268,3,0,7.16124927363159,0.9672879871858036,1
-77,7,236,1,1,27.925454468623172,0.8767532717691339,1
-86,7,170,5,0,41.00765556452861,0.9455331351715159,1
-93,4,133,3,1,52.46290386982129,0.26016763050301894,0
-39,7,109,4,1,51.312707255876305,0.035854139816478336,1
-54,5,15,3,1,46.04656517145689,0.8994323676261934,1
-89,4,141,2,1,60.251461876859494,0.8857075707254585,1
-61,3,51,4,1,47.12197378923405,0.6966652095688864,0
-38,5,227,1,0,24.68899460424277,0.22430862633432136,1
-88,7,263,5,0,46.9693271459166,0.7278585038662536,1
-77,9,260,3,1,41.89520067487113,0.7677302911655928,0
-27,10,115,4,1,67.22824830357311,0.06812908462189249,1
-62,4,37,4,1,68.75808996386542,0.841627527819013,0
-64,6,294,2,1,64.08697718041168,0.062392457441251103,0
-58,3,116,4,1,55.22517891977264,0.10590803840229135,0
-27,8,39,3,0,51.632606563180275,0.21178605165664766,1
-94,7,167,1,1,49.5116459573955,0.44606855024355363,0
-46,2,1,3,1,59.07607244016028,0.3012888236312329,0
-56,4,147,5,1,57.69845091264914,0.027686207992318135,0
-46,4,201,1,0,34.44043689169439,0.6626284948497968,1
-92,5,265,5,1,75.80835433103215,0.9633245550195472,1
-94,4,66,4,1,71.01103022335187,0.8889930462251247,1
-94,4,145,4,1,68.33518326375227,0.7130549596918908,0
-31,6,55,2,0,47.456360384318,0.82161536953545,1
-93,6,112,3,1,23.602313581169057,0.13248855784030455,0
-66,4,186,1,1,32.72272021818044,0.436235813762466,0
-74,3,197,3,1,56.03018750164897,0.6634299891317943,0
-49,7,150,3,1,49.13994784027916,0.310148466085014,0
-56,11,204,3,1,46.21771498442635,0.08242390773615826,1
-84,6,4,5,1,48.75963073494996,0.41668717024970736,0
-61,8,213,3,1,58.21306484759239,0.47336650082726184,0
-89,7,297,5,1,39.52338464714391,0.9353923438804967,1
-27,6,244,1,1,45.257733734285715,0.47512189441949415,1
-53,6,237,4,1,25.946420988713456,0.5591585328687201,0
-68,2,50,1,0,56.59545540798206,0.660852478804474,1
-75,4,289,3,1,53.79559705676696,0.663257624856191,0
-33,4,105,3,1,20.78307464066481,0.45544012507759424,1
-90,5,293,1,0,37.43631595513237,0.9927965174673155,1
-39,5,127,4,1,74.85352669217926,0.3218046448501245,1
-46,5,76,4,1,37.66708121646971,0.293878891484604,0
-39,3,8,5,1,53.39041133578342,0.1328096095505159,1
-66,4,287,5,1,30.434406654993147,0.11777691840641469,0
-83,8,12,5,1,67.66760915127988,0.57042977035577,0
-87,5,60,1,0,37.04733651286126,0.8774530309594293,1
-32,5,5,5,1,64.34591493088504,0.33917560620742515,1
-41,5,178,5,1,56.35387861951833,0.7387925453751276,0
-85,4,20,4,0,48.899835369337545,0.8065583658052184,1
-55,5,268,1,1,71.81005523709138,0.9716627860141356,1
-82,6,94,2,0,49.729404509657456,0.631831971047396,1
-83,5,252,4,1,43.3477376953768,0.6870468973684187,0
-65,7,10,2,1,62.15518852458171,0.2846370872215849,0
-78,4,259,2,1,54.53086260991211,0.039382123273216996,0
-83,6,188,1,1,30.96922927147416,0.7864139148895052,0
-67,1,228,5,1,43.43961506245475,0.17278920456672842,0
-42,7,76,2,1,25.096117858904414,0.30596214931032906,0
-32,3,234,4,1,73.28397371532299,0.7831004843325561,1
-31,13,155,2,1,52.73090731894406,0.6690016658462381,1
-28,9,201,4,0,58.69986010795885,0.7258206850925089,1
-90,10,14,5,1,59.25942323311864,0.7725457468608395,0
-29,5,156,2,1,46.8277530623315,0.4335055581536278,1
-60,8,267,4,1,28.64858713645126,0.9108189568220749,1
-26,2,102,1,0,71.70106385221796,0.23460641681375594,1
-43,5,71,2,1,56.6703626794215,0.9550792411450078,1
-71,2,212,4,0,50.02759406561004,0.1749430968135408,1
-42,4,130,5,1,77.1098214860141,0.26831614276466054,0
-94,9,269,2,1,52.230852502351894,0.5346199166159713,0
-41,7,154,4,1,67.71678272334941,0.24565215263060536,0
-40,3,228,2,1,48.58547266309358,0.05000339738296611,0
-68,8,23,5,1,74.61044647405204,0.9857877119252321,1
-77,2,227,3,1,66.00677368928316,0.545275606601166,0
-90,6,185,2,1,80.42121374074945,0.7285539813868227,1
-87,7,290,4,1,59.75382376282868,0.7298876844380988,0
-74,4,284,5,1,22.744159046596238,0.4009183198856964,0
-27,4,283,2,0,57.11449017910856,0.08502626835322535,1
-89,2,257,1,1,53.46540562288149,0.05356011724834908,0
-55,3,48,1,1,56.94652639077546,0.9868784389891038,1
-40,3,214,1,1,48.516480361489386,0.828683758708124,0
-27,4,109,2,1,48.80747497941529,0.11138647410537161,1
-71,4,216,3,1,47.72510116747216,0.6763694173796942,0
-59,2,215,2,1,41.84492521042524,0.8825656684855675,1
-48,1,281,4,1,49.485870720513574,0.8388640772393573,0
-30,4,120,1,1,56.1056714649091,0.9499709132437084,1
-37,4,12,4,0,69.9302903311416,0.37531255501506255,1
-41,10,86,2,1,22.655615203491454,0.9232795412941368,1
-90,6,96,1,1,42.36687206869623,0.6298299133778246,0
-48,5,181,2,0,35.93578571464444,0.777005460495953,1
-61,3,150,2,0,33.33405383031419,0.30981085154223875,1
-89,3,150,5,1,80.46825932214483,0.807848663942971,1
-64,6,252,5,0,44.38974570183584,0.15275300027115202,1
-48,3,131,3,0,48.712547033652264,0.15481704340979374,1
-89,4,147,3,1,49.85758384409256,0.7487640801377465,0
-94,6,268,1,1,38.25042277430926,0.12143647301220517,0
-65,4,289,1,0,58.867176202261454,0.8713602721874951,1
-92,2,232,2,0,62.72311679530162,0.5103186738821225,1
-53,4,141,2,1,41.0686530342972,0.03739326139555932,0
-60,5,76,5,1,61.65585347549077,0.04404293621391331,0
-27,7,162,3,0,46.349808702075485,0.8684272331675332,1
-83,3,136,5,1,52.211792118264675,0.3693055799651901,0
-34,6,275,3,1,52.24043177213247,0.4489342837224328,1
-62,5,274,1,0,95.28459289116863,0.5111737656541316,1
-58,4,83,2,1,48.28123055542134,0.9124573330084168,1
-58,3,15,4,1,50.36370215986337,0.582606497428755,0
-49,4,156,2,1,20.20270820678015,0.6396278568346602,0
-63,6,26,1,1,45.18936846397335,0.8700133426956475,1
-57,4,22,1,0,71.61288423427612,0.2011242947670444,1
-88,5,77,4,0,60.06096521747332,0.18029791047876864,1
-81,6,295,2,1,43.25809931866347,0.9982364438975082,1
-73,10,76,5,0,45.728639549834256,0.3336295752794086,1
-38,4,215,2,0,41.910948607378764,0.6554435470149194,1
-29,1,245,3,1,62.38898891908114,0.2588699490969971,1
-59,3,209,5,1,71.86964172551534,0.9798595939734737,1
-26,2,27,4,1,33.32317288448857,0.04109680417270789,1
-58,2,120,2,1,66.5493342898755,0.8004308074818899,0
-92,9,195,3,1,50.409938971624115,0.27059997833352734,0
-60,4,19,3,0,53.29286997358837,0.14951943541302737,1
-39,9,19,3,0,20.81867747107912,0.8382402376209519,1
-38,7,172,4,1,55.15528662155789,0.4383020989620501,1
-46,3,60,2,1,15.076821474840571,0.7192566957365676,0
-69,5,105,3,0,65.30045481299454,0.16924187134467128,1
-74,5,80,4,1,56.084806768036444,0.38104424518121416,0
-53,6,78,3,1,43.18770298285495,0.06589343886963506,0
-84,3,247,5,1,36.964056975261315,0.362662005996614,0
-68,3,83,5,1,54.32387592691302,0.8577958057986174,1
-42,9,239,5,1,51.15370047961478,0.7461145888784169,0
-66,6,272,5,1,22.54251828573673,0.7616999448659605,0
-87,4,33,1,0,23.29465396677721,0.3638349758087587,1
-33,6,141,4,0,44.624348041868885,0.011052853055677492,1
-29,4,59,2,1,36.084221814896985,0.28054569145118524,1
-92,5,234,3,1,57.76194347976573,0.2860475966177689,0
-33,13,133,1,1,41.46936735147972,0.012000975906958145,1
-73,6,244,1,1,58.01822370226569,0.9673555573275167,1
-81,8,51,2,1,65.16695753470086,0.32406819418493826,0
-28,4,208,1,1,57.23494954734173,0.2521088493351663,1
-67,0,244,1,1,49.95459384575057,0.4041504155001473,0
-36,8,103,2,0,39.7511956178616,0.06178377197935503,1
-48,5,135,1,0,77.0500166443407,0.7574203798550285,1
-94,3,63,5,1,54.649288644721736,0.8264835480340096,0
-73,4,251,1,1,30.13541517909869,0.20833374436274643,0
-72,9,249,1,1,49.47512188641521,0.37939396606352704,0
-91,2,132,4,0,72.45228734771841,0.03486161585317349,1
-83,9,45,3,1,53.911532370674195,0.5666748318986836,0
-78,2,235,3,1,61.19550575477142,0.7512813144311353,0
-50,6,55,2,1,57.15113276107748,0.6402829798092562,0
-85,6,269,4,1,36.616993129195556,0.44992174336995305,0
-66,4,299,3,1,48.10174482712301,0.7437143071981449,0
-50,8,184,2,1,32.39908498499197,0.779974049778931,0
-64,5,225,1,0,31.932145138431814,0.25795042669550705,1
-32,6,267,4,1,54.39601617185036,0.41436333187119423,1
-60,7,258,2,1,53.37887815202557,0.7191587116085972,0
-48,3,32,5,1,30.803426546622962,0.6930898681887464,0
-90,5,223,2,1,38.63057768719959,0.5029315679541506,0
-91,3,68,3,1,43.024874872581194,0.48885522383308033,0
-51,6,175,4,1,57.82744177440474,0.02754127865747813,0
-82,3,256,5,1,67.4542371421278,0.8090433890318336,0
-49,6,35,5,1,70.08958675841583,0.9083152511814419,1
-48,1,259,2,1,44.94820139360263,0.08048013830124467,0
-50,3,239,5,1,53.97673710142609,0.8393096784423265,0
-39,5,195,2,0,23.379632755748894,0.15711393312742106,1
-60,5,13,2,1,39.72337748504174,0.7252835773491391,0
-43,11,91,4,0,40.205063027844155,0.9169702504055911,1
-53,3,68,3,1,48.257381158350235,0.3126199787535783,0
-34,2,243,5,1,35.823492405012374,0.34105478618520557,1
-32,6,280,5,0,50.04104404166155,0.7675686900033954,1
-30,6,258,3,1,42.93854962045381,0.9594778796251466,1
-52,5,175,3,1,44.40924212483007,0.9581176277382623,1
-52,6,106,5,1,39.83123481126272,0.33538010538426033,0
-89,1,201,1,1,30.780738993545853,0.4220885651760451,0
-62,5,193,5,0,55.888635153325914,0.7900627572524193,1
-29,8,168,3,1,27.151161027422436,0.5198921968937671,1
-53,4,134,1,1,63.570876638611196,0.818232125205534,0
-71,9,26,5,0,68.70640742508593,0.5907065334700149,1
-44,3,217,3,1,60.131142240062296,0.05316482619380636,0
-31,8,30,5,1,41.24751256955482,0.8188890277779766,1
-80,4,4,5,1,35.1193462114081,0.8611318746157088,1
-85,6,93,2,1,68.56206528246419,0.4709777068478139,0
-92,6,68,1,1,40.69359618656607,0.04931021289845805,0
-26,3,164,2,1,43.24568881128533,0.8381994495624814,1
-33,9,232,1,1,19.54386655086734,0.31151294886912284,1
-80,5,224,5,1,59.359666787020366,0.02567601891793536,0
-94,5,275,5,0,55.452446561660956,0.41910398276676686,1
-33,4,265,2,0,42.35276210616641,0.6296442077957873,1
-85,9,154,1,1,62.74785634841474,0.34357763002200603,0
-54,7,129,3,1,43.7595329771855,0.5118900332448204,0
-28,6,153,2,1,58.56248610267532,0.9636615174607245,1
-27,9,206,2,0,89.77342325863182,0.9697975952248331,1
-33,3,15,3,1,50.62057670781992,0.3617858446834169,1
-32,4,20,2,0,77.38136091178357,0.27586942567010875,1
-29,7,153,4,1,22.190343854250585,0.6201278340300835,1
-39,5,183,2,0,35.190061690400285,0.3550757130827874,1
-77,3,87,5,1,48.52908731235816,0.1445718704140868,0
-60,3,51,5,1,45.736550257059314,0.17652195315470331,0
-88,6,50,1,1,61.817211618293385,0.9848575314811426,1
-83,7,11,2,1,44.78141917804817,0.10246239733794549,0
-94,5,128,3,1,46.563128055432394,0.32893328787676723,0
-45,6,11,4,1,38.33838139578698,0.5669768293898065,0
-55,4,133,5,0,36.65255204801891,0.09769774978343315,1
-68,6,71,1,1,47.796876673723574,0.6567313025480612,0
-59,10,46,3,1,61.53647848206816,0.2946422290443811,0
-26,6,91,4,1,88.84408508140018,0.24402659450050357,1
-31,4,29,2,1,61.26885870315268,0.44439053208635404,1
-71,2,17,3,1,46.917608595096844,0.20199346454277634,0
-81,2,197,2,1,35.22641763320114,0.8106429943234317,0
-36,3,32,4,1,43.44763755319218,0.8923287636881861,1
-28,4,180,3,1,40.778433287828506,0.3814169278677553,1
-71,5,204,1,1,62.17341987035255,0.8965872771837329,1
-41,6,5,4,1,57.03429616248502,0.9128647058937184,1
-84,5,68,5,0,61.04634905661531,0.2422259190928775,1
-27,3,29,5,1,46.39661196069998,0.7887693470793061,1
-85,7,125,3,0,50.432964955519886,0.36975439545009536,1
-44,3,152,1,1,22.49814887731761,0.33735470249685284,0
-54,5,267,3,1,43.32176298126613,0.40710722918773523,0
-40,5,184,4,1,60.304209411314375,0.3585534031696779,0
-90,5,23,5,1,61.94814897104167,0.7509293450113751,0
-71,9,47,4,1,47.67339676059066,0.4794784861324771,0
-53,3,197,3,1,37.5040944423202,0.36159944939871513,0
-32,3,171,5,1,54.96172895913748,0.6469311795989625,1
-56,7,194,1,0,46.8222318784699,0.5553700761348718,1
-54,7,165,2,1,46.23891673473907,0.7721483245249682,0
-65,2,270,5,0,65.91512703816635,0.33932658971386787,1
-63,5,183,3,1,28.720982503167914,0.19280394545377022,0
-50,5,173,4,1,59.06217622293849,0.21630240363113762,0
-32,3,170,4,1,44.71165960759552,0.8270895487742987,1
-80,6,96,5,1,67.14846345044461,0.13260395076306875,0
-54,0,222,2,0,28.080465939876056,0.9648739293875448,1
-82,3,274,5,0,56.0243133146885,0.4257647768239601,1
-56,5,141,4,1,58.24289733020797,0.9911091724571401,1
-62,4,206,3,1,52.54033556288393,0.3200183149719248,0
-57,4,113,2,1,36.64952768706286,0.5947598801286852,0
-86,4,284,3,1,63.9376606531233,0.5960267451413723,0
-71,7,288,2,1,43.63190349226788,0.40185134042893655,0
-53,3,59,1,1,55.13727815021206,0.35638239483784684,0
-48,5,197,5,0,24.84211813516277,0.11508193026190805,1
-57,4,282,5,0,39.716290568621986,0.21533938734190294,1
-64,3,197,3,0,49.97127856055115,0.8998245484695201,1
-27,4,219,1,0,40.8632458426147,0.32790071080218364,1
-45,7,81,3,1,27.614203147746153,0.24942000041374146,0
-39,3,31,4,0,44.003176687237406,0.4338590464100369,1
-41,4,283,5,1,34.922046177447555,0.9024567839275512,1
-73,6,285,4,0,69.47826810464564,0.2860392707857582,1
-57,1,159,4,0,56.64489059174286,0.34185263880886485,1
-88,3,139,4,1,60.04246335582502,0.9001725242116244,1
-57,2,72,1,1,52.14369389796404,0.6966861494653432,0
-62,3,31,3,1,66.53907503626601,0.6589255431996476,0
-92,7,189,1,1,55.56360588306318,0.5079667833839123,0
-28,5,9,4,1,50.76703672182468,0.9015172887801466,1
-75,5,173,3,0,72.4905810442854,0.654531896617394,1
-56,4,79,5,1,48.12819606317683,0.8940031595160183,1
-45,6,156,4,1,85.33952211407939,0.33025050597650873,1
-32,6,250,5,0,75.97475651064322,0.6042366718076924,1
-59,7,37,4,0,33.06308097868238,0.41403710587114506,1
-44,5,202,4,1,73.21238466872131,0.9056590745985504,1
-64,9,90,4,0,40.28244077188539,0.624033308932908,1
-43,6,134,2,1,81.94424970301117,0.5395975532578707,1
-76,9,233,1,1,48.438489767791985,0.23070163306177005,0
-95,9,293,1,1,34.42347993040965,0.22643934130916488,0
-36,3,35,3,0,66.01165377067649,0.748734692867722,1
-46,8,261,3,1,58.1703384843708,0.0809772524997453,0
-45,8,150,5,0,67.51170824957019,0.7314856706749227,1
-72,7,198,4,1,63.36390618109293,0.8745756177448458,1
-81,3,96,4,0,69.02311282371032,0.621252880011898,1
-94,7,126,5,1,64.60430845671354,0.24880171265739137,0
-27,5,56,5,1,55.03954201851978,0.8682057577202308,1
-44,5,33,3,0,35.155927488877886,0.7093762608501236,1
-43,3,249,3,1,63.71020740547342,0.36942598428300344,0
-58,4,217,3,1,36.982970221094284,0.06927156401709267,0
-73,3,26,4,1,49.92850941960517,0.6760986376536918,0
-30,6,299,3,1,42.633477219845986,0.9571681653324896,1
-38,5,21,5,1,73.22179235953473,0.15644353963939872,1
-85,2,55,3,1,68.18799114315672,0.3390714298501034,0
-51,6,24,1,0,75.1149922356869,0.16593245794914868,1
-66,2,143,2,1,44.1447532554312,0.8440143682522989,0
-77,6,157,1,1,84.22440559994558,0.9053920616587324,1
-94,8,265,3,0,38.85011480050765,0.175519363372857,1
-75,5,241,3,1,47.28206114563653,0.157625926650238,0
-60,7,272,2,1,80.63986644187656,0.055382325613112626,1
-53,5,91,4,1,58.555456159549166,0.6469613199464878,0
-48,6,187,3,1,58.46927242655828,0.33195034111926036,0
-69,5,181,3,1,49.70942738438824,0.9298821563844271,1
-55,2,62,4,1,45.265921487485635,0.8292275037730703,0
-70,6,270,4,0,64.58078885925349,0.9032596416520672,1
-53,6,64,4,1,65.40965495111578,0.4343820243869694,0
-35,6,223,3,0,52.754399316183026,0.5488921924056246,1
-43,6,55,1,1,44.64981579870293,0.3387213661717555,0
-85,3,226,5,0,50.1035042385587,0.847516097320114,1
-48,2,224,4,0,56.95464047418669,0.8479531432016316,1
-55,8,68,1,0,90.31811091296814,0.055541921182915455,1
-45,7,271,1,0,42.88658567618816,0.028740334571612625,1
-77,5,19,4,1,41.08749675529894,0.6894168911606876,0
-51,6,69,5,1,50.42453538589965,0.5418337955618625,0
-47,4,211,3,1,60.51757030509749,0.8838453772259509,1
-71,4,77,2,1,58.984301466754346,0.014827475584839878,0
-41,11,180,3,1,59.56143832503929,0.3057424247799513,1
-74,5,130,1,1,58.40754853750426,0.28614963340513444,0
-73,5,249,3,1,81.48980555168008,0.5675276299989936,1
-46,6,236,3,0,58.682228467201284,0.5175296479563761,1
-66,7,190,2,1,47.212911239135266,0.4517862374567764,0
-83,2,76,2,1,52.734466217930084,0.6061388022894457,0
-38,2,270,1,1,38.015949130788464,0.7098496180425107,1
-29,2,231,3,0,61.09030724829881,0.3876300568059188,1
-72,5,129,2,1,53.93244725725483,0.8302352861025298,0
-27,5,243,4,0,59.79370214510163,0.12233049617545222,1
-66,5,87,2,1,58.23760095331606,0.19251073861827483,0
-47,6,249,1,1,49.59945285276729,0.9062946964065184,1
-88,5,44,1,1,43.03615126522566,0.824182462773351,0
-44,6,67,2,1,70.43561047099885,0.036370383620085156,0
-83,6,291,4,1,55.8768530433664,0.18334378701787746,0
-41,3,200,5,0,12.053547336616035,0.019737169503681984,1
-46,5,23,5,1,55.74652259509245,0.10525330589657189,0
-65,6,57,4,1,47.54219209755136,0.9591218463745709,1
-46,4,26,2,1,69.04905153858807,0.07499425729612985,0
-55,7,11,4,1,63.46829099840113,0.11047308677034018,0
-53,3,55,1,0,45.4038417297659,0.8785336482633653,1
-42,3,235,4,1,56.555904373111055,0.77431110323758,0
-35,5,276,4,1,28.158169484489356,0.4059190971182377,1
-31,1,165,1,0,30.6341432431295,0.12796207240205348,1
-59,4,85,2,0,66.12136892713369,0.26655389588593126,1
-36,1,18,3,0,37.87150365845676,0.6348877302115816,1
-84,4,68,1,1,67.9183447925777,0.9566090274517296,1
-93,1,1,4,1,37.91835409864012,0.6872869382480532,0
-63,4,155,4,1,55.83745695143374,0.8173904642120949,0
-32,1,143,3,1,53.20392518855698,0.9337247680847556,1
-73,3,115,3,1,22.509378415685983,0.07327805635489892,0
-62,2,111,4,0,68.25380763277718,0.021893414200887862,1
-93,5,258,5,0,57.71142247198203,0.8584685836933077,1
-41,3,208,1,1,24.02572217226608,0.6805274551095913,0
-47,8,166,4,1,58.76228639053191,0.9532155024874462,1
-50,5,118,4,1,50.46665848892093,0.5413413609570784,0
-32,7,260,4,0,32.96773497561486,0.8869285544558353,1
-33,6,258,3,1,41.27160276536455,0.6557763660952958,1
-44,4,157,4,0,50.0488568722293,0.6745352570270431,1
-72,3,184,3,1,67.92728765195497,0.4027019359215107,0
-84,5,106,5,1,60.65111910158057,0.5083883519006137,0
-47,1,120,5,1,61.281960530055585,0.6079540266315794,0
-88,7,19,5,1,38.89029641522244,0.3102470388403198,0
-26,6,205,1,1,96.1045000809298,0.03530270416096626,1
-46,6,254,3,1,49.49883853171201,0.6756365247277853,0
-69,4,210,4,1,42.49626761287601,0.7176917722618247,0
-90,3,221,1,1,58.607569120355926,0.5214364527087448,0
-50,5,124,1,0,24.059284909120507,0.333153745157454,1
-69,3,289,3,1,32.20694978672298,0.3366690730617692,0
-73,3,153,4,1,40.57165654909639,0.35884491206045543,0
-55,4,172,3,1,42.67493829979976,0.3804877578870467,0
-31,9,233,5,0,66.16058620893831,0.05744513409935392,1
-42,6,203,1,0,73.45245049354975,0.11552299873890248,1
-50,6,228,5,1,52.91022147005096,0.9888168812075658,1
-95,9,107,1,1,61.02323160816824,0.663953319981606,0
-52,6,260,5,0,65.51169999280754,0.3504496684952999,1
-90,1,73,4,0,37.620280499211304,0.4966412482649142,1
-55,3,66,1,1,39.160320700244846,0.5599233002387604,0
-26,4,118,3,0,59.2283565952505,0.34347180810663713,1
-53,3,249,1,0,54.73547889408371,0.036046298130815946,1
-64,1,1,2,1,60.243039545487946,0.5459771310435905,0
-39,3,109,3,1,62.08288928496402,0.3798666267486198,1
-87,3,233,1,1,64.44031757160356,0.765478752922702,0
-40,4,77,2,0,42.876509336263425,0.3132313115408625,1
-26,4,287,2,1,60.15172694551144,0.4149987579612022,1
-63,5,52,4,1,43.42936399764534,0.27299858190060877,0
-92,2,36,1,1,48.938632658233864,0.07874957941035232,0
-94,6,106,3,1,38.15384543178974,0.9032906493953777,1
-39,11,251,2,0,40.9171912498871,0.6041760968139308,1
-53,4,151,4,0,62.28253521280766,0.8855622255659371,1
-54,5,220,3,0,48.610864682299315,0.7676244681458474,1
-52,3,278,5,1,84.07638684059663,0.48415241457288116,1
-90,8,69,2,1,22.035773015658485,0.8828092593769454,1
-79,4,180,3,0,34.583559630737454,0.9833174195085536,1
-33,5,222,4,1,55.07362537595351,0.7956060491094153,1
-53,3,219,3,1,45.84617673544969,0.6115762844878767,0
-67,8,156,5,0,39.89027861288438,0.5006644173289009,1
-67,5,100,3,0,67.81729144317052,0.754503413387211,1
-76,4,91,5,1,52.11875616899611,0.1848127925983225,0
-78,5,84,4,1,53.23035299757499,0.696398293413665,0
-89,11,185,4,0,46.169640115135266,0.01518737077491883,1
-82,5,169,4,1,42.642159629949,0.8892660329136184,1
-31,4,215,5,1,54.093953236261115,0.1554609036002329,1
-69,6,193,4,0,55.75754591084021,0.4472049731338894,1
-82,3,253,3,1,66.73385707348967,0.5467995226957598,0
-69,5,20,2,1,65.35750844350864,0.0051003053587134195,0
-28,5,122,5,1,36.448927624800774,0.7322411048017239,1
-86,5,202,3,0,35.31918443770295,0.5480928188084517,1
-93,5,33,1,1,64.14185736571775,0.2347734043851063,0
-77,11,235,2,0,46.637133271670756,0.3107539972835991,1
-34,9,181,3,1,71.90655226594427,0.8774073052319356,1
-81,6,253,3,0,50.582066256870945,0.3246572343662598,1
-72,7,31,3,0,50.367252866813075,0.49859145205777644,1
-66,3,277,1,1,48.79030216536919,0.9018884281513103,1
-78,3,223,1,1,50.97729737814642,0.3200522180020908,0
-35,8,67,1,0,35.28572217616936,0.7127455753333084,1
-38,6,91,5,1,40.34382074846998,0.24911588051209532,1
-39,10,101,5,1,57.66175314761255,0.16577451208692462,1
-81,3,205,3,1,70.00439280662508,0.0771381839976677,0
-92,4,151,3,1,68.45929766657466,0.5428407642274949,0
-91,4,270,5,0,30.635768183530256,0.3483834858486198,1
-36,1,194,5,1,48.907549670232804,0.9975359830816896,1
-87,4,203,2,1,65.805576944121,0.17232876796762053,0
-62,6,270,2,1,54.47550668804059,0.3465914237134754,0
-40,8,71,3,1,21.80090960942385,0.9704668060547984,1
-60,2,150,2,1,45.340383775641044,0.1749206836637497,0
-29,7,168,3,0,60.27362424833249,0.45433862277153203,1
-37,6,139,2,1,17.66357731744131,0.9737089799328215,1
-64,7,146,2,1,27.547571562936614,0.9432808260057571,1
-54,6,146,2,1,47.3406598851387,0.02566239544640847,0
-77,6,109,1,1,51.77475422183675,0.6215490561782147,0
-33,3,142,3,1,58.00943614080771,0.06863683361620576,1
-45,5,223,2,0,55.44449215143551,0.48456640734004186,1
-28,3,209,3,1,32.78929637719631,0.424403044745576,1
-92,5,297,2,1,61.493814441516434,0.8679009495573746,1
-37,4,210,5,1,59.70501302555954,0.3251396063368691,1
-38,6,210,4,0,54.68652426077868,0.5482836961498082,1
-55,3,54,3,1,45.68820227135068,0.199777071870328,0
-89,5,246,1,0,50.03121912358775,0.963803741311063,1
-69,3,262,5,1,71.71236373189903,0.20867827218001267,0
-48,1,287,2,1,64.31912537172977,0.6201133833419443,0
-47,3,184,1,0,61.933650474304706,0.2747640443660184,1
-49,4,123,2,1,53.34441249861037,0.33195445306080396,0
-88,7,248,4,0,65.15505574680884,0.4286568301018422,1
-27,4,110,4,0,43.77554713468446,0.2532564068125579,1
-32,4,188,4,0,48.08301353374913,0.4809909957427998,1
-38,6,234,1,1,53.92471325746326,0.6009498084781025,1
-70,3,75,1,1,77.33298606932745,0.6587529840348395,0
-53,3,67,3,0,35.088104922363804,0.600468947664389,1
-50,3,298,4,1,66.69578099418415,0.03133765165800617,0
-54,4,182,5,1,26.463477368166576,0.7386268401195986,0
-64,2,175,1,0,53.56021718789895,0.43285439805529125,1
-36,4,160,3,1,62.38028520469703,0.6557585389064013,1
-94,5,233,3,1,66.12995688971513,0.6994707701724258,0
-94,4,211,4,1,70.52112103067566,0.40447667548916044,0
-95,10,254,3,0,69.85475096562303,0.08348033824163659,1
-46,8,294,1,1,52.031451175855416,0.8700159819292618,1
-26,4,18,3,0,30.891267211384914,0.007302001273524317,1
-49,2,6,5,0,53.069367170315594,0.19098075835410888,1
-27,6,35,3,1,70.2841610264872,0.8198854752386784,1
-43,3,200,4,0,48.737260971938944,0.5155987170843354,1
-90,5,136,3,1,64.13876230263722,0.2295396301195164,0
-28,5,65,3,1,69.02814657205933,0.022127636102699078,1
-58,6,54,5,1,66.17875366991647,0.1561119454817197,0
-70,4,107,5,0,64.945984066005,0.7980369569444418,1
-65,7,114,1,0,79.45884122607238,0.4211115590549537,1
-83,0,42,5,0,34.25380916481251,0.26465931522932173,1
-30,7,122,3,0,59.92134149383093,0.6274425724226002,1
-32,6,214,4,1,50.21577732736292,0.8828879046404543,1
-62,8,167,5,0,45.74230372651788,0.5961638441578995,1
-89,2,242,3,1,58.633191685668486,0.13301306714937589,0
-86,6,137,3,1,70.25803753591816,0.9423601247951323,1
-56,5,183,4,1,58.20274258074118,0.4716420121160376,0
-54,4,119,2,1,72.92299124416769,0.35631492833336575,0
-66,5,74,1,1,40.473684154693316,0.4739288890145288,0
-89,7,132,5,1,39.71806382373453,0.8616898971813266,1
-41,4,63,2,1,18.48654999668782,0.8993284991357424,1
-53,2,186,5,0,60.15377740978528,0.14538566408763187,1
-94,4,242,3,1,48.398306553311386,0.0040622841595401304,0
-34,8,205,2,1,37.26675280428079,0.33114788717249677,1
-74,7,67,5,0,33.76790792893739,0.6291747152852124,1
-63,5,278,2,1,58.15783755396502,0.32194115026671055,0
-47,7,15,2,0,45.43446775720326,0.9055861522468038,1
-65,8,63,5,0,56.50133231232109,0.18853189560521577,1
-64,4,131,2,1,70.77579416247528,0.6826007776023695,0
-55,3,155,2,1,40.1205731893849,0.971461055841975,1
-85,4,130,2,1,36.66324709345186,0.36590120282521355,0
-51,4,158,5,0,43.04998766346322,0.6353630189829578,1
-30,3,194,5,1,71.1039350395508,0.9200892998522318,1
-48,6,281,5,1,43.455159155076835,0.1098912146981944,0
-41,4,171,5,1,75.64651591003074,0.32554727590055976,0
-36,6,247,1,1,35.374352779772224,0.37766847608686316,1
-72,7,68,4,0,53.5252107379974,0.4775779593943378,1
-56,2,73,3,1,64.83431134541232,0.2608928246456622,0
-61,5,24,1,0,42.82576727494055,0.39139792171041476,1
-75,5,12,2,1,16.97545505563233,0.8092133595761616,0
-28,3,5,2,1,36.94459002045146,0.4431605554534057,1
-80,8,266,5,1,43.535945624849944,0.2998493460468774,0
-90,10,164,2,1,62.00793524241027,0.6182545059293629,0
-72,4,18,4,0,55.554634663456554,0.38517032555290776,1
-87,6,90,4,1,43.22616149708263,0.47774221902143243,0
-66,7,257,4,0,43.356069953306026,0.0013236286719449097,1
-72,2,84,1,1,34.327562479282975,0.9576164822197224,1
-66,2,78,3,0,66.61591090239844,0.9499945436409993,1
-28,5,115,2,0,14.43914146724758,0.14899617191358006,1
-87,3,145,5,1,45.3264966353386,0.8948856735832014,1
-47,4,172,1,0,48.75970411780949,0.17333944972676263,1
-45,5,183,3,1,32.810435421387695,0.19828127335010537,0
-54,6,256,1,1,64.9352679572225,0.47508238860906193,0
-50,3,297,5,1,46.22329713602601,0.4542615288098979,0
-57,6,85,1,0,44.54258445027666,0.9383376485752539,1
-36,3,269,2,1,55.9082372717025,0.9243198360779501,1
-71,3,186,1,1,36.2592223219181,0.5654365895089609,0
-44,4,109,1,1,38.84566157004222,0.7823491689270832,0
-95,8,40,1,0,59.20329658572051,0.03330499058041925,1
-27,5,244,3,1,39.75741609683733,0.3230870783197831,1
-79,4,263,2,1,50.013303293377504,0.47149455751540226,0
-60,2,35,3,1,63.49810583886972,0.8423630678957627,0
-28,5,173,2,1,63.90643863524575,0.10793251286333139,1
-90,4,230,4,0,52.27412876796273,0.8898580143717039,1
-35,3,194,4,0,47.56333279642941,0.7784995788405381,1
-89,2,110,3,1,25.571534802831515,0.4359690817813634,0
-74,6,183,3,1,35.70641381327379,0.3191460616049976,0
-94,9,287,3,1,42.51787968156271,0.9217063305302376,1
-41,6,27,2,1,75.92710740364168,0.603971777152516,0
-34,9,209,2,1,62.64395844363738,0.6708609418520612,1
-54,7,21,5,1,49.29125464919961,0.9174776504994314,1
-59,6,194,2,1,56.84911168808614,0.07655195827675043,0
-38,4,142,2,0,36.875254472079924,0.457472730703548,1
-87,3,119,2,1,69.51363574269595,0.5525081602467127,0
-69,3,58,3,1,47.6559448200808,0.07615636181123453,0
-50,10,9,3,1,35.424769459834046,0.6839871058300631,0
-38,8,74,3,0,65.31820552252812,0.984613656778483,1
-73,3,152,1,1,60.82097608417236,0.12395899345343653,0
-70,3,171,1,0,28.806757772305584,0.8824630625479328,1
-91,5,90,1,1,60.20314292255878,0.752206104836236,0
-49,4,251,4,0,33.937171305173294,0.9677442571932995,1
-71,6,188,5,1,61.07080709296615,0.051051199910965184,0
-92,5,124,4,0,28.13635051770365,0.37148344013825296,1
-93,3,259,2,0,61.31043194494467,0.23055645211530984,1
-87,2,246,5,1,58.68704012962752,0.07131738823124079,0
-29,5,100,5,0,24.26195650937928,0.948399598836667,1
-88,4,293,4,1,59.47374089736185,0.4552623730947938,0
-80,6,212,3,1,65.11548916504864,0.3916600923589073,0
-55,5,16,2,1,59.01793324606881,0.876754809387134,1
-74,3,131,5,0,44.808502219680534,0.8326461317742371,1
-81,3,251,1,1,54.75475370551628,0.34801367034936614,0
-26,5,190,2,0,69.99495854243932,0.28620805854153386,1
-46,4,17,3,1,20.453065254561402,0.08952974353531551,0
-50,4,149,3,1,23.89389133696202,0.5711696204732667,0
-27,4,46,5,0,39.614660722355076,0.20910751195668054,1
-50,4,187,3,1,56.21944414309242,0.3637245470510636,0
-31,4,161,4,1,44.342759924392006,0.9431825303394372,1
-37,4,193,1,1,35.78565634957941,0.7372780166620805,1
-80,4,186,2,1,59.938222800455655,0.5139092507769671,0
-92,4,164,2,1,73.1944042809142,0.41349138393507323,0
-45,5,287,3,1,40.99025827747976,0.9566081225473033,1
-61,9,243,5,1,34.85214674589987,0.1628508181559407,0
-60,5,44,2,1,26.887442723770263,0.5040049595255212,0
-70,6,221,1,1,56.691682287070336,0.19445133188487196,0
-76,4,5,2,1,67.72780096988566,0.05482967061386235,0
-44,5,7,5,1,32.20213966362406,0.33450904709075413,0
-28,6,165,4,1,44.71694403352315,0.45419805223180953,1
-72,0,53,2,1,46.77373107344441,0.5038058389992257,0
-70,4,13,2,0,64.54759339498057,0.6577751528376089,1
-28,6,92,2,0,52.248784825094546,0.25173279841501994,1
-70,3,102,2,0,36.8593455959808,0.35353372385364434,1
-39,6,58,2,1,40.029461942295306,0.1555742767712297,1
-71,4,234,5,1,28.55771688341723,0.628427028284498,0
-79,5,96,2,1,63.957071165231724,0.7645005915744486,0
-62,3,164,2,1,38.07907970139233,0.4069728525518729,0
-35,7,221,3,0,35.929813299301394,0.9408582021478272,1
-31,7,231,4,1,22.844418108650263,0.513393978306116,1
-50,5,257,4,0,62.18301614626773,0.9725386333275438,1
-59,5,160,1,1,37.91011821822749,0.9688999044021633,1
-75,7,61,4,1,43.884104661379666,0.19021241097227437,0
-81,6,282,5,1,49.564964831874974,0.7646763189409035,0
-37,10,221,2,0,53.4985860387329,0.043533210330802374,1
-79,4,32,4,0,26.75458534767805,0.8191252065959235,1
-71,6,45,1,0,65.16647799755452,0.23473070455314327,1
-37,9,258,1,1,39.32270261453087,0.9573413902913589,1
-62,6,123,4,1,21.070339746109337,0.2296203423327361,0
-82,4,141,3,1,51.0926760267306,0.2168761197179303,0
-62,7,10,3,1,59.71490652487915,0.7095650069544407,0
-50,4,176,2,1,63.586295366260934,0.246764762202629,0
-68,7,74,2,0,60.127283963341426,0.4773670912705046,1
-38,1,110,1,1,26.918089152259693,0.015100122076510014,1
-68,7,66,5,1,49.13929057110104,0.532607397216225,0
-69,4,257,5,1,59.2839317815036,0.4667553478227219,0
-35,5,262,2,1,62.0044390889748,0.12226397766388919,1
-52,3,184,1,1,67.92951234006286,0.7535284694133223,0
-49,6,297,5,1,48.99997267011127,0.8230278629979039,0
-93,6,89,4,1,73.62516640859305,0.08960946978420081,0
-74,3,74,3,0,62.57656696025349,0.0016434853500431057,1
-66,7,237,4,1,54.61146235714213,0.7944813033362209,0
-81,6,41,2,0,36.61230629996779,0.3879267483940141,1
-69,8,156,5,1,39.05524866463563,0.24709796926380767,0
-88,4,9,5,0,43.789502016760196,0.6500013755174257,1
-56,5,84,1,1,57.024672340200446,0.500165261804784,0
-55,2,102,5,0,54.20971411208072,0.9201064364824221,1
-35,3,130,5,1,42.7486921332481,0.7614102645624203,1
-90,5,245,1,1,53.25068599485638,0.6605186193291939,0
-93,6,115,4,1,44.19810421921725,0.46121743331526566,0
-76,1,270,1,0,76.29408711654827,0.36460985486959674,1
-84,2,137,3,1,36.40883509823661,0.5929292537268355,0
-84,7,51,4,1,58.755972067802574,0.2982154426508766,0
-61,6,52,1,1,18.326637060091837,0.4681769489156974,0
-76,2,122,2,1,52.5296388907978,0.8266121508360837,0
-61,6,60,3,1,62.89451403729028,0.6834659702307272,0
-61,6,254,1,1,51.414639153628926,0.8729841457105889,1
-38,4,111,2,0,47.043063527211956,0.41665359963644966,1
-92,7,97,3,0,56.085117123675005,0.535186206259405,1
-44,5,169,2,0,37.99332879628011,0.2388458703600308,1
-81,6,23,4,1,37.72303842279991,0.9687804297648188,1
-68,6,101,3,1,55.20945411350121,0.013493982667112547,0
-78,6,213,1,0,50.68335747545762,0.017654315578186086,1
-27,6,195,1,0,53.09122934679976,0.33695035132193507,1
-68,4,123,3,1,15.713201617614104,0.03934131405379848,0
-45,2,263,3,0,50.371672170235954,0.026157688457715267,1
-46,2,123,4,1,87.90888822047006,0.36086731016336016,1
-27,5,77,2,0,47.885021209002126,0.5729336773976137,1
-92,4,245,1,1,45.45306078813999,0.43397080350396644,0
-89,5,102,3,1,53.9760935674723,0.32324956972474694,0
-51,3,195,4,1,55.95155807811528,0.211075230186619,0
-35,6,167,1,1,66.3689548024224,0.5426804475114407,1
-73,6,287,5,1,51.66522050423084,0.5618687187871413,0
-67,4,90,3,1,49.14960793070555,0.774041798353772,0
-31,6,294,4,1,62.391344686287184,0.6107310689682462,1
-54,3,85,2,0,50.358462579213366,0.03576159101005749,1
-41,8,159,4,1,36.98654010549582,0.11198195322955795,0
-31,3,196,2,1,64.30748887927216,0.5925247127296103,1
-89,6,214,1,1,38.36683941537516,0.457254508000809,0
-41,10,57,2,1,61.55185978635005,0.4051518401045052,0
-51,5,218,3,1,47.65220773191763,0.181170689735346,0
-33,4,262,2,1,69.70440885579816,0.11116399145972156,1
-33,3,114,2,1,45.77516930367405,0.9139595793619968,1
-93,6,3,2,1,51.437728021722975,0.8013418616069817,0
-69,5,127,2,1,70.00367860083382,0.985573366606571,1
-45,8,124,1,1,65.5314264964181,0.92246685681108,1
-39,2,137,1,1,73.0542472630803,0.6564753416908377,1
-51,4,254,3,1,33.081499508177615,0.28015582038251774,0
-43,6,10,4,1,50.8956551109264,0.368944409275728,0
-77,7,4,4,0,63.73388220932577,0.9152522516269077,1
-91,8,142,3,0,32.22337097099036,0.2137975443240432,1
-72,5,59,2,0,36.10124717393984,0.8153423730379632,1
-74,7,257,4,0,42.500826190865766,0.8533059018952699,1
-84,4,260,1,0,39.20669427705616,0.27981465999455835,1
-91,7,32,5,1,35.23412659322016,0.33011043261590123,0
-63,11,174,3,0,42.359334820876185,0.2007347458751465,1
-29,5,259,3,1,45.51050317318381,0.8614477945444319,1
-48,5,190,1,1,55.2621444418135,0.8086961743850025,0
-44,4,160,4,1,60.20995065906783,0.706427049620257,0
-70,9,264,1,1,41.464389503105785,0.37933840367539373,0
-89,7,282,2,1,42.26318888755037,0.8580708527609514,1
-69,6,80,5,0,36.81651801464851,0.1948097069279382,1
-26,5,69,1,1,44.25892468702321,0.6520699178712835,1
-71,5,117,2,0,49.56276641561596,0.8386916423137765,1
-44,9,146,4,1,83.44965485018648,0.11016653144462618,1
-47,6,191,5,1,51.25646349492696,0.5618939096659855,0
-44,11,164,1,0,40.49453799833762,0.03415411232180787,1
-74,3,270,1,1,26.638687006853228,0.942172277404497,1
-64,3,186,4,1,38.63225945848569,0.8616105150929673,1
-56,8,195,5,0,22.57350080369424,0.26352168350276484,1
-29,11,290,2,1,57.887205234687556,0.9299128943039948,1
-61,5,111,4,1,54.64690500088106,0.14797828731964935,0
-78,4,21,4,0,26.699974981517826,0.6298943379923359,1
-92,8,84,5,0,52.495920103642554,0.9962003946183561,1
-33,3,279,2,1,51.93634961147372,0.41383704601892324,1
-60,5,68,5,1,42.16875997563468,0.6345825629705679,0
-46,7,234,3,1,28.545090303182118,0.878667803428624,1
-86,6,149,1,1,41.28415352519653,0.2643111679899963,0
-88,5,32,1,1,63.678029716943996,0.23454799258695336,0
-28,7,116,1,1,40.51966537333175,0.9582118813364219,1
-36,8,277,1,1,35.628876840296705,0.07832183522605529,1
-27,5,148,3,1,44.15594683930394,0.1931082673814174,1
-35,4,269,5,0,80.51298964954191,0.7683290245985398,1
-34,2,155,5,1,44.408541877120655,0.4168444374157534,1
-37,6,7,2,0,49.36216099244274,0.42425399248285867,1
-85,6,97,5,1,52.991653246627955,0.4306096058596256,0
-35,6,248,2,1,55.73986147392978,0.007408351189298501,1
-57,4,245,5,1,69.04506155542536,0.24439555460030649,0
-61,9,256,2,0,26.810499261298013,0.3720527247193999,1
-92,5,196,3,1,44.83598955770087,0.8939743330785219,1
-85,5,194,1,1,66.60311512619857,0.5532732088138175,0
-42,3,281,4,1,50.416583765011595,0.4033067379759492,0
-35,9,241,4,1,61.66834060638429,0.8317839201138396,1
-28,4,75,5,1,62.703364956463155,0.7118800082161346,1
-54,7,131,3,1,23.160927158468223,0.8560378767029793,1
-73,7,234,2,1,62.218698074382914,0.9196072635207505,1
-65,6,8,5,1,30.707930113641655,0.7039097112346703,0
-29,6,240,3,1,47.21416258608856,0.19355726857519262,1
-52,7,18,2,0,32.388864134021745,0.28997304494952536,1
-54,3,297,1,1,28.507227991098848,0.6604651752011809,0
-92,6,191,1,1,33.111137185763525,0.8761851826047935,1
-67,1,53,2,1,52.09107070788021,0.31572859647014895,0
-69,5,128,1,1,48.078608702647095,0.055404291049445886,0
-52,7,146,1,1,50.15060098639205,0.8175009361305937,0
-88,3,248,4,1,48.22584650024002,0.34887946508772605,0
-34,4,170,4,1,89.75012864114314,0.181953671008111,1
-42,5,157,2,0,21.82409997815907,0.8154714759167369,1
-55,2,13,3,1,50.00170232248437,0.19401771514887323,0
-80,5,76,2,1,71.37441456595718,0.5795556172266294,0
-35,0,209,4,1,68.70135975563988,0.13360084335277755,1
-66,6,15,5,1,63.23112157479938,0.6066710407276236,0
-87,4,192,3,0,54.878917495785,0.29767548917444275,1
-69,8,265,2,1,22.12134389525807,0.9060170948840542,1
-55,4,176,3,1,38.42081321416654,0.2679879688130733,0
-84,1,266,5,0,34.176183701709135,0.5230554950436641,1
-67,8,126,5,1,71.20271358979089,0.31172255606236887,0
-86,5,258,2,1,66.40828102684362,0.46902343965575755,0
-85,5,280,3,1,60.33305149835738,0.8967496381529622,1
-38,2,146,3,1,51.02156600360186,0.9268187900593003,1
-56,6,22,1,1,68.9560922412476,0.7730291207749918,0
-39,3,225,3,0,64.34455618180067,0.46848891030971207,1
-74,4,184,3,1,35.680160808422116,0.7134802102972821,0
-48,6,258,3,1,30.552376143463974,0.624016487561575,0
-45,10,276,5,1,62.90581447142891,0.7652379652166795,0
-85,5,61,1,1,76.17610815321157,0.5533085459508817,0
-68,5,244,5,1,22.45707481859079,0.17685066237519764,0
-28,4,54,5,1,51.54229082554234,0.07167298856961257,1
-90,2,205,3,1,41.06945407728158,0.043771667385835045,0
-86,6,126,3,1,54.43294478785979,0.9584892450045638,1
-35,5,238,5,1,45.865805550277905,0.19451935924864716,1
-26,6,75,1,1,68.66390394922058,0.6165616118056024,1
-89,7,89,3,1,46.710239106031246,0.10868913774349787,0
-68,3,244,5,1,69.05858740211798,0.9477549260522014,1
-78,4,91,1,1,64.27686134029304,0.7846569056731458,0
-85,5,45,3,1,72.9924671213933,0.6602524418183088,0
-44,5,63,2,1,43.3233783284326,0.9559332619360846,1
-94,4,157,3,1,38.80740664639715,0.014535629401502659,0
-86,5,94,4,1,48.70194595181134,0.8773223351881069,1
-57,2,276,4,1,46.625604377559334,0.3897501861724948,0
-33,9,61,3,1,56.50685998200069,0.7804505098288108,1
-50,6,187,1,0,28.962114316401973,0.34924221614779194,1
-53,1,169,3,1,71.67353279180176,0.9102059981969132,1
-55,7,78,3,1,40.51446254805269,0.5675694868517948,0
-62,4,1,2,1,65.97686211109601,0.4188456615574807,0
-74,5,116,2,0,31.993904140186995,0.9196219624135762,1
-93,3,279,4,0,50.300376711727615,0.5185589248179294,1
-73,4,74,4,1,58.90447836901943,0.6670428420461705,0
-77,6,254,1,1,50.691286666690814,0.12531999739196586,0
-83,3,292,1,1,82.52597524601654,0.9404860099555467,1
-94,6,245,2,1,30.600633531280682,0.46415438724473257,0
-77,5,3,4,1,39.15056918166052,0.7660804107817271,0
-36,6,203,5,0,40.957488254788004,0.5179938815668275,1
-55,2,175,4,1,25.55359175995936,0.015013040702665736,0
-46,6,122,2,1,3.3939639577884293,0.501715652275899,0
-36,3,103,4,0,60.29735425548362,0.5824576617148417,1
-42,2,50,4,1,40.886507443868865,0.8574194800820722,1
-61,7,57,2,1,40.95323421224026,0.7628208112311101,0
-66,8,230,5,1,42.78934544459881,0.1847284932457015,0
-84,8,59,3,1,39.548128193845386,0.8329946128337928,0
-47,6,293,1,0,74.93527452893827,0.5336743645135117,1
-29,10,101,4,0,53.09692894665917,0.8661606977983219,1
-91,4,126,2,0,40.10973219936352,0.9132299883557977,1
-83,1,174,5,1,64.63938763332237,0.6895738175449045,0
-56,4,18,5,0,65.89071735398159,0.2807202249273185,1
-59,4,47,5,1,50.02502728041119,0.9303898067549699,1
-34,3,197,1,1,47.74524652460087,0.6645868057777861,1
-59,8,93,5,0,61.68946198013794,0.3470304408819733,1
-49,4,232,1,1,37.85783725835487,0.2822903524028233,0
-55,8,61,4,1,28.14272345097818,0.8794848084960494,1
-48,5,20,3,1,64.70452684455555,0.0071276200919007104,0
-72,5,40,4,1,61.33051307815612,0.18961276455496545,0
-34,6,288,1,1,84.91991966390627,0.952562554030726,1
-36,8,114,2,1,33.74046437728213,0.47599324924540565,1
-27,4,296,4,1,52.79319841833755,0.58405366067518,1
-54,4,128,3,1,58.30484684308699,0.6759873939582062,0
-78,8,53,1,0,30.792657295204222,0.7990545937688205,1
-72,7,204,1,1,34.57332419846502,0.47137962872787786,0
-37,3,11,4,1,41.19380295451303,0.7388262242378112,1
-92,2,292,5,1,51.90080348513338,0.7362503416434524,0
-75,2,260,4,1,62.58335713891192,0.16439257535675078,0
-92,4,299,1,0,60.89277440281175,0.11421931853818779,1
-95,5,227,4,1,48.25891487750166,0.43715146483972855,0
-33,5,248,1,0,52.90817807436387,0.1865116378582895,1
-32,7,193,1,1,72.86617261229334,0.36418664913562826,1
-81,3,212,5,1,26.873637315891767,0.180687333357049,0
-80,14,276,2,0,20.737827106256344,0.5098548183359403,1
-76,8,44,5,1,46.865281605232845,0.9971752626658099,1
-30,7,61,4,1,54.893526866621855,0.6202449550106269,1
-66,6,186,1,1,42.960274600318215,0.9933485226745459,1
-35,6,221,1,0,80.50760879908972,0.9984648598946629,1
-41,3,51,5,1,41.365773321924166,0.0832816028997646,0
-91,7,159,5,1,50.97551773120989,0.6646082503659578,0
-85,3,112,4,1,50.999940646039946,0.42531044222764525,0
-51,3,45,1,1,57.02497578674567,0.39366655318310717,0
-37,4,147,5,0,50.60621626406424,0.9609543230755714,1
-62,9,269,5,1,40.64715954343065,0.36267889612024384,0
-47,3,281,5,1,54.839945508956845,0.8742975862461198,1
-64,3,108,3,1,41.82180951661924,0.8482390783296475,0
-81,2,228,5,1,39.8941436812309,0.5481131289020319,0
-95,5,5,3,1,32.49223375994192,0.45934394225906183,0
-83,7,55,1,1,65.71020780413593,0.6823970414648326,0
-26,4,34,3,1,40.353644145361585,0.07128887210811641,1
-41,3,231,4,0,52.715991603209815,0.6827390706070622,1
-70,8,57,2,1,50.70287586326967,0.13853511401569685,0
-90,5,172,5,1,57.50177088591043,0.18216608423243796,0
-32,1,11,1,0,52.61733963904916,0.31487657823098647,1
-67,5,229,1,0,51.77112323831189,0.051711627361090806,1
-46,4,189,3,1,71.99214245709432,0.6177616529946296,0
-41,2,282,3,1,31.214406312205195,0.18214204363962405,0
-35,6,237,4,1,42.5024618666114,0.02402189383677167,1
-69,7,148,3,1,16.1459898032211,0.7952214988989144,0
-84,4,89,2,1,38.42441635198696,0.8955337277145653,1
-37,7,278,3,1,63.218425882944445,0.22861268512263366,1
-45,3,44,2,1,39.822192971358525,0.8214984056997537,0
-44,6,53,1,1,53.58238075059026,0.575458122131831,0
-49,4,85,2,1,38.85674866979423,0.1304863480022852,0
-48,4,223,2,0,18.30857252225315,0.08644704102927125,1
-31,6,89,4,1,43.81481592918458,0.8042159327204306,1
-36,4,56,5,0,51.2797505776592,0.6740282646394133,1
-95,7,3,5,1,69.88615362228822,0.2863770402097462,0
-83,5,132,4,0,22.012999372542904,0.5447763078255985,1
-37,9,55,1,1,65.83401498196862,0.4728953357555342,1
-66,2,104,2,1,55.34175310570745,0.28942301829800854,0
-67,7,284,4,1,53.50246565228537,0.07470980594293297,0
-30,6,67,4,1,29.151274496053837,0.3937849733990898,1
-42,4,179,4,1,51.52265980696359,0.5034662971479918,0
-89,4,203,5,1,40.58359595688397,0.5868900136284286,0
-95,3,41,1,1,40.65559270421236,0.8249885515593165,0
-64,12,285,5,1,54.215904456067705,0.5507281840389623,1
-52,4,125,3,0,63.096842993274706,0.8611346423084097,1
-39,2,219,1,1,33.95727411026313,0.16087427405049182,1
-65,5,21,2,0,51.06715902107943,0.04065319508463805,1
-87,6,264,2,1,28.21178317002127,0.7157985863286739,0
-30,5,251,3,1,33.08927175606773,0.8677103715760776,1
-53,3,19,4,1,36.84656930858283,0.12796724806440563,0
-89,4,203,2,1,70.11731562371918,0.06499750417711836,0
-82,5,105,1,1,53.04878702706662,0.12284863608136731,0
-62,2,257,3,1,75.72738499236046,0.3107191871312145,0
-94,6,56,5,1,34.21110912284476,0.12676436057506824,0
-37,3,142,1,0,41.75555442979927,0.8184579119209288,1
-86,7,30,1,1,39.74897280692662,0.6526178754545597,0
-39,5,38,5,1,50.458854325835,0.3454208905048969,1
-79,5,223,5,1,54.128488026366085,0.5308262211269705,0
-31,3,179,5,0,58.55098484358007,0.2861522782941136,1
-93,4,118,5,1,54.96240024872849,0.6599577358721496,0
-84,7,175,3,1,31.74651600814674,0.07347582588372925,0
-69,7,294,2,1,45.952806423683846,0.17680627945165905,0
-84,5,21,1,1,28.821315485627256,0.8192541482490389,0
-58,0,202,5,0,35.05824693400854,0.6987162074067506,1
-60,2,272,3,1,27.70628085996204,0.5912559126168473,0
-56,5,218,4,1,51.2640712721714,0.03998301055573561,0
-89,4,21,2,0,33.37143182524382,0.34431433768409647,1
-83,8,140,2,0,43.51153234651778,0.9139823837511264,1
-84,7,208,2,1,55.213163504992444,0.16116702531299398,0
-41,11,73,3,0,42.13608234145653,0.4440685773895937,1
-74,3,145,3,1,74.12432947775781,0.028476608024549654,0
-89,5,265,1,1,38.62063957645643,0.7715601320405954,0
-72,3,63,4,1,48.86565467099317,0.48058097827158575,0
-88,4,52,1,1,67.09873993336214,0.3197693600424364,0
-45,2,291,1,0,58.74327459744386,0.914211914696477,1
-89,5,286,1,1,42.857655477767494,0.4797657439682662,0
-57,6,177,3,0,52.28502259924046,0.8793264855926733,1
-67,2,75,2,0,33.60329555281721,0.9099707740291122,1
-35,8,119,2,1,38.05431936468041,0.10256369164752932,1
-84,6,6,2,1,63.349605860977434,0.7323371383291847,0
-37,2,194,4,1,51.693025786320796,0.5618020046905091,1
-45,3,210,2,1,56.69284267759679,0.8881058496798795,1
-44,1,120,4,0,47.339653106422496,0.07741020374939178,1
-71,7,141,5,1,34.30395945346635,0.31244142302970046,0
-67,4,260,5,1,52.20317905662467,0.7009594688429334,0
-38,10,171,5,1,52.20377025328974,0.09388343603123062,1
-37,9,238,5,1,57.26991121400515,0.43994908326053295,1
-57,3,283,2,1,54.31247758202664,0.28913347787944776,0
-34,2,55,1,0,68.64505772704405,0.18684209487281633,1
-92,5,274,5,0,43.84201503151528,0.5830158814917501,1
-71,7,102,3,1,31.892758229234698,0.9965054216462622,1
-79,9,46,3,1,38.62391446431613,0.24352752821442225,0
-54,4,35,5,1,53.37837484858708,0.1074724873831101,0
-34,5,112,4,1,77.80804766699508,0.8470972670277709,1
-81,8,219,3,1,48.2348524616987,0.27756147154044575,0
-93,7,14,5,1,62.16714077755876,0.5478139550041575,0
-40,3,57,5,1,48.92897962923784,0.49467380787784954,0
-76,6,172,2,0,50.81977082530385,0.8704878348015257,1
-72,5,237,5,1,56.46053446978745,0.9009592345794113,1
-43,3,265,1,1,35.41542458456763,0.3919018059686301,0
-60,4,56,5,1,67.92862186867066,0.9113647097173506,1
-53,5,279,2,1,64.37591222653005,0.40028922716767024,0
-34,4,238,3,1,47.80683234727862,0.834789259347077,1
-58,4,157,3,0,56.953734702861375,0.1853808118501553,1
-81,6,206,5,1,43.49051044165826,0.0677591855704075,0
-43,8,4,1,1,41.87020389720757,0.8985196768787925,1
-31,6,128,3,1,40.95611200566367,0.3493751256912009,1
-61,3,211,2,0,70.71506710943913,0.899706123487349,1
-29,1,3,2,0,62.581162723480794,0.6797640889071814,1
-66,7,122,3,1,58.43963002351177,0.5401489131443724,0
-46,8,34,2,1,37.42236604601295,0.9813992769372434,1
-39,10,290,2,0,55.01226099852755,0.45833017519339414,1
-82,5,262,5,0,66.16253365001214,0.8969455542617095,1
-48,5,280,4,0,50.016129390739025,0.28588456153837516,1
-36,1,202,4,0,22.7878356574352,0.42343316579525114,1
-72,5,223,1,1,71.52854840069678,0.6517172095154652,0
-53,8,214,5,1,54.401681138646886,0.19260636530923292,0
-77,5,261,4,0,37.44574342974685,0.7098558831552559,1
-46,3,151,5,1,39.81920775057455,0.8686965865295402,1
-88,2,162,3,1,67.21711590943255,0.8734944749195748,1
-40,2,296,3,0,44.17001518983782,0.8037062042233104,1
-45,5,78,2,1,44.203905073379616,0.5134298841813639,0
-27,4,139,3,1,49.08305039302511,0.5987511993470641,1
-70,5,1,2,1,50.21906580174909,0.6385103296144475,0
-31,2,154,4,0,54.46823319082593,0.17174634742123218,1
-93,5,83,2,1,59.568483215141754,0.8839413184952315,1
-80,10,107,4,0,69.49016947927763,0.15959369289795433,1
-60,7,52,3,1,63.78489583580971,0.7261565517557599,0
-78,5,131,5,1,45.784430071099145,0.5903106756930506,0
-70,9,152,5,1,39.16306336852325,0.44687555177379656,0
-48,7,189,4,1,62.35904562392822,0.0628983176814999,0
-65,7,56,3,0,44.31224763845387,0.11206261585381949,1
-76,5,171,3,1,40.014972320748726,0.2629957753981105,0
-87,2,255,2,0,38.1488422343104,0.09467039043567194,1
-64,2,105,5,0,44.96416887379187,0.15451981451557972,1
-48,4,271,1,1,71.63511424727025,0.5789148988570235,0
-33,8,95,3,0,58.65327802232201,0.4994166530821471,1
-58,4,43,4,1,60.535439603072824,0.259484213023789,0
-47,7,73,4,1,48.94764561907312,0.9006098243997138,1
-86,1,98,4,0,66.60638673608958,0.8653204809939223,1
-79,1,238,1,0,42.08759411331394,0.06120489283520747,1
-55,3,90,3,1,69.5983380350502,0.18156176311741923,0
-80,6,247,2,0,40.48310580265428,0.5937739100376069,1
-32,5,281,3,1,26.359775649206114,0.7784483791836347,1
-38,9,90,4,1,38.41778462665393,0.6655802690520757,1
-95,2,164,4,1,56.51612038495613,0.7743401801397389,0
-59,5,91,2,1,41.47695625363793,0.8846091692185655,1
-35,2,191,2,1,51.17909718021666,0.4299802176509616,1
-70,2,171,3,1,74.04399842324528,0.3894575196059913,0
-39,1,209,3,0,64.42137379605543,0.5448003227321566,1
-79,8,89,3,0,36.48733567044058,0.8658916587930648,1
-61,7,297,3,0,65.81387590411393,0.9775832368632142,1
-48,4,147,2,0,22.919454882493664,0.04558955169877843,1
-85,1,39,1,0,45.29819996437601,0.5280563789310138,1
-60,7,198,5,1,62.07697790572696,0.43218588471234387,0
-64,3,298,4,1,65.69157525714004,0.055004755575803865,0
-94,9,172,1,0,64.88741983318164,0.8329165933371856,1
-92,3,63,5,1,45.48101306174982,0.8127178397352586,0
-85,7,174,2,0,25.165646179268787,0.39217683356935584,1
-58,3,9,5,1,34.06914428934667,0.771381920953923,0
-64,4,186,4,0,44.32335111156213,0.9680385017972736,1
-74,6,264,5,0,54.58668608320307,0.47003429246127126,1
-26,2,36,2,1,39.53232779067791,0.8444302804945785,1
-47,5,223,2,1,46.795590723198686,0.10465032448095568,0
-58,5,2,1,1,47.385900133292736,0.13117349486122432,0
-48,9,47,3,1,34.25353805169833,0.6504116113967042,0
-42,2,93,5,1,62.56253290253496,0.880530721655422,1
-86,8,246,5,0,33.12327271085075,0.07844298007290207,1
-65,6,77,2,1,11.861273293706269,0.12613466099046844,0
-58,5,105,1,1,13.584341266812068,0.5936224201372878,0
-71,6,61,5,0,70.7586809657802,0.37665009125594984,1
-37,7,282,5,1,39.37942812244904,0.9038033368486655,1
-47,2,136,4,1,36.08933489401559,0.13305978308512856,0
-55,3,142,3,0,42.61959787546106,0.1985089160925939,1
-69,3,103,3,1,35.01267585409522,0.7688164424256408,0
-56,9,56,3,1,49.2739671316427,0.0191101628032726,0
-60,2,147,2,1,69.25447690254968,0.23237805319973426,0
-57,9,55,2,0,58.96836648678125,0.662151497309115,1
-51,7,298,1,1,48.81065674699156,0.46355545699185907,0
-51,5,197,1,1,48.31811441064354,0.34018121776785204,0
-84,7,37,4,1,56.71052586915245,0.7494234933956002,0
-26,4,46,5,1,63.10799746882804,0.1386057385651519,1
-49,3,238,2,1,66.49608825684395,0.38712891457567133,0
-75,4,112,2,0,53.279073831689075,0.9030038619753518,1
-55,10,277,1,0,42.040922236638316,0.16953500773364572,1
-43,10,118,3,1,46.00852475246923,0.805211814999022,0
-83,2,250,1,1,47.025493978856765,0.3947661138435419,0
-54,6,26,3,1,47.77901575595177,0.6828206786530777,0
-79,2,59,4,1,75.43416824947866,0.4235048110968108,0
-70,6,51,4,1,53.82855027105181,0.8862465707105531,1
-88,4,121,1,1,46.33064359319686,0.3990548210729692,0
-47,9,214,2,1,56.24125407251326,0.8418613805611891,0
-57,4,231,5,1,12.595520706793252,0.9466153695040136,1
-31,5,173,2,1,32.38992406706913,0.9712948257187102,1
-50,0,152,2,1,41.732491710866384,0.6093668325114155,0
-78,4,77,5,0,57.05495765102686,0.08284189901894301,1
-90,5,212,1,0,62.730664261624185,0.6017956966684208,1
-66,4,74,3,0,72.5883192769666,0.13351140704164077,1
-95,1,295,3,1,68.57896920915154,0.42729987781946466,0
-74,6,102,1,1,58.216909131178284,0.6298778621796512,0
-70,2,280,4,1,53.91380385066415,0.584323166769958,0
-27,12,239,2,0,50.46590708538706,0.45107382479942604,1
-64,5,111,5,1,58.22759956498514,0.7670586915202087,0
-73,8,126,5,1,59.63251179960554,0.5596681731860392,0
-58,7,97,4,1,45.835098054339035,0.5826469935373867,0
-34,7,155,1,1,60.520476542475635,0.17118195943770653,1
-52,6,269,2,1,55.671735937293754,0.3946683804234553,0
-83,3,21,2,1,78.36461308323234,0.33573289636637527,0
-33,3,156,4,0,53.49997647830888,0.8466787145536686,1
-92,5,45,5,1,45.095790481860455,0.033585000019860756,0
-31,4,26,4,1,53.04318385168175,0.027115049071886776,1
-57,5,56,1,1,35.10877537010303,0.6503021702843962,0
-68,5,129,5,1,55.827202728409084,0.004407649668200508,0
-44,5,199,2,1,57.9590603425269,0.8685411164608376,1
-28,5,248,1,1,69.87525593584928,0.1184871454224401,1
-93,5,166,4,1,38.383797267164326,0.07932543505912648,0
-74,2,34,3,1,56.71813119186045,0.9308812152580858,1
-41,10,233,5,1,42.09289068724754,0.18457879374128072,0
-63,3,195,5,1,58.186437821069205,0.8512085497808488,1
-45,7,228,5,1,46.63536969571258,0.6154534856616894,0
-94,2,247,3,1,49.34209534241294,0.9972924127590999,1
-76,11,39,2,1,56.99870431586106,0.5068641279416647,1
-51,6,87,1,1,35.79841266260111,0.844743061362904,0
-77,6,35,2,1,47.61113274473946,0.7550868248904223,0
-71,9,158,1,0,48.763957948701346,0.20391890288336767,1
-26,4,126,4,0,38.31798354519161,0.23774726868971696,1
-88,5,62,1,0,54.516047252122895,0.0016415783293450836,1
-77,7,120,4,1,42.088883726082614,0.2015482805335277,0
-51,5,186,1,1,34.94508582129232,0.642268421944959,0
-52,0,172,5,0,52.511632352774654,0.2631604486531808,1
-75,7,249,2,1,32.531453257536306,0.6107033434214247,0
-67,5,214,2,0,50.36280942066275,0.6799869619800036,1
-74,4,273,1,0,62.596167053203686,0.5452157580791216,1
-32,12,219,5,1,78.83300590889598,0.03996761920917524,1
-47,10,118,2,1,37.04627240288258,0.011074536248939726,0
-92,7,127,2,1,22.578839132415762,0.2925344560583296,0
-57,5,7,5,1,37.53815926289893,0.4907029679302678,0
-47,7,216,1,1,39.10750195464075,0.61091883707987,0
-94,4,4,2,1,32.20762147303384,0.5143392348753101,0
-37,3,169,3,1,33.19996138509218,0.28756918583787217,1
-79,6,193,3,1,41.52434377912692,0.6229592627329691,0
-74,4,146,3,1,66.29378608327461,0.8467041886397946,0
-88,6,285,4,1,66.48020545470548,0.9048254715309964,1
-90,9,146,2,1,31.833046262413546,0.4905675058786396,0
-27,9,181,1,0,37.15553187083275,0.11196344260238766,1
-73,9,233,3,1,47.416149569661485,0.6137145488867869,0
-77,5,280,4,1,62.109274118661475,0.5330267982558303,0
-61,3,89,4,1,56.82158063458063,0.00011613978421121107,0
-57,2,39,3,0,50.678597581100234,0.1401779955194532,1
-73,6,53,5,1,40.05216758749714,0.897601863208795,1
-62,4,174,3,0,46.7490794041158,0.8622928589562476,1
-72,6,191,5,0,84.86388108422395,0.585912498380981,1
-41,3,89,1,0,50.219347118814326,0.3769335236826338,1
-37,5,208,5,1,59.10001576280841,0.924551548065956,1
-85,5,94,5,1,54.085406898306516,0.5245548403103456,0
-50,1,286,5,0,41.24843199035293,0.7705874091394969,1
-31,3,163,1,1,39.10549926391795,0.14675192785561797,1
-40,5,45,5,1,41.98039756527003,0.6537659961963203,0
-30,7,156,3,0,43.6378133451991,0.7696606573673948,1
-74,8,111,3,0,35.16509501224628,0.7714719747262383,1
-27,6,92,5,0,55.441610401730564,0.9412748580212976,1
-86,3,180,3,0,44.30611676842513,0.8966289517716616,1
-67,6,185,4,1,67.61273059152192,0.42692580103043154,0
-41,2,11,5,1,46.06751884668533,0.37668833148957426,0
-36,7,191,1,1,60.764851736120605,0.20065771657333165,1
-85,3,267,1,0,54.631238188707826,0.5702877022583487,1
-43,7,222,5,0,53.58728114464938,0.5026473785348812,1
-40,9,11,4,0,62.47507203224548,0.7248243479698765,1
-86,1,180,2,0,71.01387540474893,0.6882453404132697,1
-29,2,277,3,1,67.37782921176775,0.35322509778753874,1
-87,8,157,3,1,51.42137758240926,0.9792209971281175,1
-84,9,210,4,0,33.82938270955154,0.8728371990202122,1
-74,4,232,3,1,5.47323960561161,0.9029073354013695,1
-46,7,28,4,1,40.23733798657395,0.6378296950517653,0
-90,7,41,3,0,47.77007709967386,0.6693451372953363,1
-65,4,126,2,1,42.94470854973728,0.6954281791504849,0
-79,5,129,2,1,53.46386032539784,0.7790356113722069,0
-76,5,153,3,1,48.810083787607105,0.5222888661055365,0
-56,3,127,1,1,44.63898460638647,0.846757356662869,0
-56,2,118,2,1,49.225890111904185,0.6929584779340483,0
-58,4,129,2,0,39.97502630080234,0.21584557419872274,1
-86,7,267,3,0,67.75796984492112,0.11543735286477286,1
-46,2,278,4,1,35.29288039383117,0.1822764012934246,0
-81,5,115,4,1,43.46058654432992,0.07329484570047029,0
-75,3,208,5,1,41.71140904335223,0.6949583598960435,0
-85,4,202,2,1,21.796859647713664,0.3657732950128433,0
-50,5,275,4,1,66.64404337020014,0.3370253556728352,0
-89,1,148,3,1,51.45545852960883,0.5896935140789579,0
-59,2,137,2,1,54.3841095709939,0.5847162181801574,0
-80,3,106,4,1,57.23430254524767,0.9162557408472048,1
-55,7,177,3,1,69.97699943365151,0.3413044536832609,0
-93,6,189,5,1,74.73330059568512,0.4577760473775344,0
-91,6,116,5,0,50.343393302675885,0.2919424456462878,1
-66,3,191,4,1,46.528326549405335,0.34206087680729336,0
-41,3,114,3,1,34.541864754001594,0.5429491375419353,0
-35,5,285,1,1,45.98064225729745,0.9410687359011349,1
-85,4,10,5,1,43.98389876992219,0.7904220317922639,0
-73,5,294,1,1,71.07749921628553,0.016294195326594152,0
-66,4,144,1,1,40.1086358401359,0.8302472073465933,0
-69,6,286,2,1,71.74134352593755,0.9245185584668284,1
-44,8,234,2,1,59.317315710904836,0.7564660119395336,0
-69,6,240,5,0,54.497638243360655,0.6611810258636206,1
-61,7,291,1,1,47.6096674203867,0.059543329965277114,0
-38,3,25,4,0,54.56748607024295,0.09087570749193663,1
-83,4,269,3,1,73.40131504971632,0.18649143389286116,0
-55,11,153,1,0,72.26791510448483,0.9490325116266806,1
-31,4,134,3,0,43.69456793316497,0.8669418260791785,1
-70,4,265,3,0,58.060565135133174,0.10731948676815573,1
-38,3,205,4,1,51.35615122865912,0.694067187616221,1
-42,3,226,4,1,47.13387649919062,0.6992494481902861,0
-81,2,167,1,1,54.31937005884353,0.7660145473300026,0
-89,3,277,2,1,35.02102759886465,0.9505269378820449,1
-50,5,90,3,1,59.53545592607985,0.7283635985600678,0
-29,3,190,1,0,30.410855537066197,0.5590799207256321,1
-84,4,273,5,1,45.83872692252526,0.969692653724781,1
-87,7,7,5,1,40.08757864482281,0.9859905005920527,1
-64,2,41,1,0,50.54110413077468,0.35837244268355994,1
-46,3,45,1,1,59.58166234328065,0.48710874617307887,0
-89,6,84,5,0,80.68124681033075,0.929037496128832,1
-91,4,6,5,1,41.78087583660222,0.3848309815131554,0
-90,4,269,3,0,29.804145014624805,0.40965886151262354,1
-51,5,247,2,1,58.920310128343374,0.8019712002760803,0
-35,7,59,4,0,29.35655773768836,0.4652285476146202,1
-63,5,204,3,1,48.645302320028804,0.9408000396366385,1
-49,4,100,4,0,50.60689872565038,0.4684291028176325,1
-48,2,234,3,1,37.77560630938768,0.6095145891048009,0
-90,6,174,1,1,52.26496256066009,0.8040157862488417,0
-29,4,130,3,1,48.40509321860593,0.7662061475869146,1
-29,3,12,3,1,36.80622983975583,0.9614001350270543,1
-51,3,10,4,0,19.870478382388498,0.2455573908402099,1
-39,4,264,1,1,67.23297069596669,0.36630034334012185,1
-31,8,22,3,1,33.8553658817059,0.7391129321080172,1
-75,7,122,3,0,38.91192346242562,0.7793884797772697,1
-39,6,266,3,1,54.89384467221631,0.5383166043215442,1
-38,4,99,3,0,68.52921557532605,0.533712748836934,1
-78,5,126,1,0,53.63517264859324,0.4986540409046294,1
-27,11,280,5,1,44.37298083587772,0.6760411510814897,1
-27,3,270,5,1,22.464748914510785,0.8601253422962107,1
-49,1,34,1,0,43.344105325848794,0.2501735650657876,1
-77,5,227,3,1,14.332850036896588,0.6444475075898467,0
-51,8,260,1,0,39.24373944076794,0.0588244310611733,1
-30,4,121,4,1,50.47622518248513,0.7630379038607417,1
-79,2,291,4,1,40.21122777587884,0.8009573896934242,0
-77,6,116,4,1,36.821808772437926,0.1312121500010761,0
-60,7,159,3,1,41.135497344345026,0.15185609103557396,0
-26,2,266,4,1,37.374969124540286,0.9958586595442002,1
-58,6,13,1,1,32.35279936942683,0.2214595140398392,0
-90,6,146,2,1,52.511759189130615,0.20434761325586892,0
-61,8,5,5,1,48.77363721449422,0.08634677775506727,0
-59,3,272,2,0,52.24757649698736,0.09719734813880165,1
-48,6,171,2,1,40.40963168202038,0.714397100707578,0
-79,8,268,5,1,36.24043498634815,0.9009736028511428,1
-32,4,253,2,0,53.50073017394357,0.845222055464087,1
-94,6,159,3,1,47.384835991061344,0.66038843885921,0
-67,3,162,5,1,67.30375836791822,0.9420659566545672,1
-85,10,234,1,1,36.807999120164375,0.3366619305655112,0
-37,3,47,4,0,68.90253007343482,0.5677567033058917,1
-83,1,119,5,0,83.82481505763266,0.23335343897134753,1
-33,7,245,4,1,39.1622593935509,0.9356397536522988,1
-27,1,199,4,1,68.1450199961622,0.7368058354965477,1
-42,8,230,3,1,59.981620642866055,0.9784315377541174,1
-41,4,111,3,1,69.73954076756114,0.1748065244338488,0
-39,9,83,3,0,58.73443884143401,0.08073264291530635,1
-34,10,48,1,1,70.51911152042915,0.3890294352144792,1
-86,4,251,2,0,59.04453878630834,0.38812784043837456,1
-27,3,260,3,1,64.6802490058152,0.10365202510101401,1
-47,8,215,2,1,18.70694674519634,0.3614306350694064,0
-52,6,38,1,0,55.495112255078006,0.8929311828259087,1
-73,6,144,5,1,83.85167788981286,0.33626905487276426,1
-75,4,148,2,1,71.35313996852531,0.214804347198167,0
-84,8,164,4,0,50.7308516804288,0.7556749307154439,1
-73,7,1,4,0,50.84768777738814,0.123396436301768,1
-29,9,98,4,1,49.81390768428074,0.2268976304805832,1
-46,7,215,1,1,54.74214718217749,0.8958899051158327,1
-58,4,27,3,1,59.609535335776215,0.3933117497630455,0
-88,2,173,3,1,61.097949406610496,0.3231980283578073,0
-42,9,109,2,1,66.8475200382018,0.4272072180188181,0
-26,0,99,1,0,52.70183070951276,0.9975383658284536,1
-50,8,240,1,0,59.02454794630854,0.5223151586336727,1
-30,5,287,5,1,66.15808993301422,0.35728619865239997,1
-90,1,170,2,1,14.573598334723187,0.6652824394537331,0
-81,6,252,4,1,61.25741602379264,0.08747995280775378,0
-82,5,289,2,1,47.90845673683505,0.016618788076234625,0
-69,6,243,4,0,71.38966987238959,0.23176566540405452,1
-40,3,276,2,1,58.34220832805943,0.0736959710746754,0
-43,7,112,3,1,23.311267564239248,0.23297591877229862,0
-63,8,137,5,1,33.92790155719463,0.17186458134026883,0
-69,2,3,5,0,54.6482406110282,0.1671176816619362,1
-57,8,298,2,1,65.54458716516041,0.09595962056739515,0
-44,6,17,5,0,59.92803990125063,0.8507249913672272,1
-63,8,89,5,1,82.47677481408854,0.8553911580215593,1
-71,5,253,5,0,42.14089484991426,0.2983539350617844,1
-67,4,14,3,1,52.84238788354666,0.9850035570515672,1
-74,5,16,4,0,57.75445431134047,0.036897876175256195,1
-71,5,132,5,1,25.001018116687497,0.9308717828381347,1
-71,3,232,5,1,42.549386991818245,0.2189127278550258,0
-72,7,164,5,1,47.93341396038349,0.07924200400681625,0
-39,2,218,2,0,66.15484086106147,0.8728707077214075,1
-61,7,155,1,0,51.10706006399863,0.7081652139361997,1
-73,2,51,4,0,40.35385687142326,0.066852765505515,1
-73,7,134,1,1,57.0994390133853,0.4547926027172755,0
-79,6,128,5,1,46.628059911389435,0.5629618562796115,0
-95,1,107,1,1,56.03530126843989,0.1533332148210793,0
-56,3,51,5,0,50.9081832992349,0.6302445701818143,1
-74,5,297,1,1,28.70515183414249,0.6746447096482922,0
-80,6,268,2,1,63.384802163058254,0.6333172087475545,0
-50,4,57,4,1,59.09369352125741,0.7559383840777869,0
-50,6,166,4,1,63.81908729801349,0.5224146422290782,0
-81,5,278,1,1,55.35667640947286,0.22976508554540742,0
-43,5,21,3,1,34.93899192581529,0.44638573982998,0
-81,4,119,3,0,72.7560838279103,0.25674756493686113,1
-58,7,105,4,1,41.40189433597744,0.8838710166161918,1
-78,6,295,5,1,47.88772102936273,0.05955098408711135,0
-44,3,202,4,0,74.2918295348849,0.29373506759927426,1
-59,9,104,2,1,65.6909295226144,0.02310598220936666,0
-68,4,284,4,1,66.52163951543909,0.10771683678860311,0
-70,4,255,1,0,28.558074566549152,0.12131825492796633,1
-84,9,248,2,0,55.835615087336606,0.10811425542469877,1
-89,6,275,2,1,84.035661058537,0.46146074221843913,1
-84,2,202,5,1,41.47527514408343,0.7255507166350357,0
-26,6,201,3,1,53.59360781310531,0.5740064608606645,1
-35,6,152,5,1,35.355504797291935,0.9639466197949512,1
-43,4,211,3,1,41.23531401007527,0.4326685647154924,0
-38,5,189,2,1,76.75126428282249,0.8803926872866012,1
-95,6,40,5,1,52.321358318376056,0.9261727351144866,1
-73,2,27,3,1,72.16436825935236,0.9461730610306095,1
-69,3,195,3,0,35.120850774818265,0.2838995865147381,1
-41,7,222,4,1,44.3212744899811,0.04380007604925862,0
-40,8,133,5,0,58.20246861269204,0.4679089853213132,1
-52,10,240,3,1,43.14134912740952,0.26821511662885245,0
-77,5,119,4,1,45.63539937514169,0.7010014428045324,0
-47,8,54,5,1,49.297072431236295,0.031575713190969856,0
-51,1,91,2,0,51.16614256015718,0.838960832664477,1
-35,3,292,2,1,66.27439351393059,0.008489248893897683,1
-30,5,21,1,0,36.35342689257716,0.6796308488782048,1
-82,8,117,3,1,23.67781935444561,0.22078505668419202,0
-86,8,85,4,1,61.798056257671966,0.5122354236940914,0
-77,3,225,1,1,33.19978140612783,0.9430204849195566,1
-76,7,281,3,1,65.44301616995013,0.07397429154406321,0
-30,5,295,4,0,14.220111956247337,0.8205037303723468,1
-83,6,132,5,1,47.26956052094033,0.0428631259387835,0
-32,8,11,3,0,34.652446116831186,0.5672624295060782,1
-37,4,186,5,0,12.36523929202697,0.5695135964159953,1
-48,8,139,1,1,66.08732651983753,0.8264512228572864,0
-37,5,150,2,1,58.23747496214182,0.9234823685721658,1
-35,12,78,3,0,58.83659399845909,0.21671818037377577,1
-53,2,275,2,1,58.13802437241569,0.9858782302390365,1
-66,6,230,4,1,43.04532043814238,0.18985954901607938,0
-48,6,47,1,1,59.730177829736334,0.9121686717829298,1
-90,7,175,4,1,66.85374334842184,0.11310453744050919,0
-52,4,140,3,1,30.038551029622397,0.9801058074424479,1
-47,2,109,5,1,42.841738109028384,0.07279737003926567,0
-48,7,56,1,1,51.82977548323206,0.8993461204826652,1
-50,7,268,3,0,48.270727070051976,0.3658875430521883,1
-37,3,156,2,1,51.24615671037821,0.6289424024867766,1
-28,4,84,5,0,78.02200888972922,0.6728355665953556,1
-53,2,254,4,1,68.42247699368006,0.8741130398055963,1
-86,2,255,2,1,29.240271089982414,0.6785107957154913,0
-71,4,237,2,1,62.37318011818796,0.8906460507441722,1
-31,4,247,2,1,37.77865764215984,0.5348213507723067,1
-84,0,14,3,1,59.328416073058555,0.4332058767527812,0
-71,11,72,4,1,36.88809710916717,0.09248687760740149,1
-31,5,235,5,0,25.088181517423195,0.8749513999200131,1
-69,6,19,3,0,46.7503120022858,0.5493500523413476,1
-39,5,73,3,1,73.4187532022239,0.3149632565649625,1
-63,4,140,4,1,59.43845648726449,0.1844848301329577,0
-63,6,185,5,1,74.77553030113025,0.9424572167813653,1
-42,1,31,4,1,71.15969092707644,0.28947200714947197,0
-36,3,155,5,1,57.34431245236812,0.722569099174266,1
-46,6,84,3,1,49.04924867947464,0.794202239914408,0
-56,5,157,2,1,48.37231531660235,0.9194766322064342,1
-59,8,79,4,0,40.96004266605152,0.8716845005012508,1
-86,5,294,3,0,69.2326743470216,0.26832651474703073,1
-80,5,101,3,1,65.53937879744812,0.15112472372465646,0
-63,6,9,1,0,38.63218797655303,0.6590687148023171,1
-29,5,113,2,0,22.757114732428022,0.2004298809392393,1
-44,0,32,1,1,61.58478274204411,0.32625148215473954,0
-66,3,95,4,1,63.75516527047141,0.5606719947430622,0
-61,5,258,5,1,64.51459317851794,0.6595929975455969,0
-92,9,281,3,0,21.117268909458975,0.6724076692894153,1
-57,8,241,3,1,51.57978803186477,0.9609106311925408,1
-79,7,124,2,0,41.849440424325095,0.17287275020088233,1
-92,7,131,3,1,85.78489552932878,0.1018907937660849,1
-34,5,130,2,1,38.260366675873584,0.3814648400257188,1
-85,4,64,3,1,42.05447144155775,0.2839373643558689,0
-36,7,266,1,1,60.41173427080438,0.6908295808880967,1
-49,5,157,2,0,47.795418241030816,0.4768813788719848,1
-54,5,203,4,0,39.15195059775382,0.018222968440292142,1
-92,3,277,5,1,43.677207233067826,0.958460862493794,1
-54,6,108,2,1,19.01470271189978,0.7691574375258012,0
-27,7,69,1,1,47.86900189935819,0.026242481221505076,1
-66,3,63,3,0,45.506513697575926,0.1834123280488884,1
-58,4,16,2,1,45.7319331469008,0.09742688289244894,0
-46,3,154,3,1,52.18729097145692,0.12855260855181816,0
-89,8,56,4,1,25.41351101864463,0.05547275508141958,0
-66,3,88,1,0,56.01839001686197,0.5533954483704244,1
-81,7,216,5,1,31.833673017426356,0.8065084637882626,0
-30,7,74,1,1,42.35264185794772,0.5585855542701806,1
-50,3,96,1,1,40.89973200274498,0.24778177009337177,0
-59,6,24,3,1,43.10003320580159,0.21204728144672835,0
-54,6,177,5,0,35.96254571800083,0.9526175517984088,1
-73,4,62,2,1,68.39680286459713,0.11801270421302457,0
-68,4,190,2,0,33.28637367481534,0.6314047798689246,1
-46,5,235,1,1,45.94645889015041,0.8507495966745882,1
-63,5,55,3,0,64.18916426885514,0.6188314497587254,1
-39,2,251,1,1,63.75742451422811,0.16326222934297174,1
-39,4,213,5,1,72.01106354692888,0.05726819166468122,1
-38,4,240,1,1,53.722969056916924,0.00969011439622025,1
-92,5,269,3,0,46.150852086679066,0.4364371637234774,1
-70,6,258,2,1,69.38174102845852,0.42535542748900657,0
-30,10,51,5,1,52.31364103457286,0.37345333390966473,1
-28,6,221,3,0,69.36637538649079,0.544688686854613,1
-52,5,238,4,0,43.968213272473804,0.9763857052217986,1
-65,2,197,5,1,69.9430896095624,0.06672163401294973,0
-32,6,124,4,1,47.55932864461275,0.4588177206578854,1
-50,5,27,2,0,31.11199664314556,0.45103976204508534,1
-70,5,191,3,1,15.755200618377188,0.8328370640885299,0
-61,6,238,5,1,86.73892978902353,0.7115300092915097,1
-72,4,273,1,1,48.77229870995835,0.7482191796815088,0
-26,11,131,1,0,25.66937725609215,0.02256791768352151,1
-83,8,242,3,0,36.09639285451434,0.35246478091656375,1
-68,6,76,5,1,30.572384978586374,0.8223864076801732,0
-78,6,26,3,1,35.66641964772494,0.9101185300440596,1
-89,2,254,5,0,69.43973265252632,0.018226884967541546,1
-35,7,91,2,1,65.6647307759965,0.73423602365008,1
-37,4,187,5,1,20.584599032085833,0.8851065754281086,1
-86,4,192,1,0,43.99496052503534,0.0427653403388879,1
-51,4,280,4,1,38.935229993093,0.5814632624956018,0
-90,3,223,3,1,59.950604695138,0.9268132652109778,1
-73,3,163,3,1,40.75165058854286,0.7820017988689676,0
-60,10,158,3,1,58.30926150316943,0.8050197193270832,0
-55,2,102,5,1,36.26415292740967,0.8670534753046839,1
-92,4,285,1,0,40.19515527143293,0.2251102153806609,1
-79,8,64,4,0,38.73427986076594,0.11437212549599274,1
-83,10,137,5,1,55.95889491727732,0.4611866775063669,0
-38,7,118,2,0,59.39712969466958,0.54938245035409,1
-48,9,81,2,1,43.73443457006105,0.4211613518024536,0
-75,4,286,4,0,51.512677254898804,0.006892742736276269,1
-72,6,224,4,1,65.47963067120136,0.9743895844654111,1
-60,8,87,2,0,75.941144779962,0.18566954436216354,1
-81,7,179,5,1,50.708744377877316,0.30038625347735415,0
-61,7,29,3,1,65.34274374712301,0.5458266359108075,0
-75,5,243,4,0,41.71247910747627,0.5813276010750644,1
-46,4,25,3,0,39.18985549579352,0.03152967191285205,1
-74,2,66,4,1,77.09497351037564,0.27592268614372706,0
-95,3,49,1,1,51.51691910403478,0.47236232382104837,0
-55,5,111,4,1,44.079446348256695,0.7435905356855468,0
-31,4,139,3,0,68.17457762621501,0.22935080898313887,1
-85,5,198,5,1,23.60776303966415,0.8259729846793964,0
-61,5,82,3,1,64.74933388036652,0.06021344617059854,0
-38,4,118,3,0,79.1321515171515,0.785535200864181,1
-31,2,29,2,1,54.18894731842464,0.44636199020064116,1
-31,4,173,1,0,58.272419381377084,0.5497641407563197,1
-53,6,99,1,1,62.20780075781797,0.7295838617400087,0
-93,7,160,2,0,14.122909214484636,0.34753359012238094,1
-65,9,93,2,1,53.08763958092556,0.01374341536485535,0
-33,6,17,2,0,36.519194339127225,0.8662345527376019,1
-74,3,141,1,0,34.87817855961229,0.6899196544457629,1
-36,3,204,4,1,49.88727778417218,0.41446751475271426,1
-49,3,37,5,1,67.4162696663526,0.4865123087808556,0
-93,8,254,1,0,54.085325946092546,0.6335678852239361,1
-45,6,162,2,1,33.095290359229324,0.9227380972737245,1
-56,6,89,2,1,46.31195052452964,0.008745017430682123,0
-66,1,192,3,0,48.86431229182975,0.1447724257663413,1
-38,8,230,2,0,36.9840975902887,0.9293718709938338,1
-63,3,235,4,0,58.6871170701352,0.4829984978710389,1
-38,3,57,1,1,45.79948892807982,0.23174968783433214,1
-44,7,257,3,1,13.220814193759601,0.42448330597889217,0
-52,4,274,3,1,36.26744728784796,0.46537533350237636,0
-44,2,213,3,1,96.86580766400317,0.28006041895831235,1
-55,6,97,4,1,38.96165639800638,0.2807341529607359,0
-60,4,51,3,0,51.20412149134397,0.07592570306458868,1
-32,6,29,3,1,55.07275940893821,0.5779494328927345,1
-35,4,289,5,1,48.790724883238305,0.2754176112838185,1
-28,6,128,4,0,32.63608170862139,0.48265394893715385,1
-67,5,153,1,1,57.48530588638035,0.14049307482758744,0
-91,7,111,3,1,20.869597059953403,0.040904861708853324,0
-73,7,284,4,0,64.05277141438447,0.034782747065574604,1
-64,2,172,3,1,60.48112260423249,0.9064432242122313,1
-32,2,263,1,0,53.101497494664216,0.14491770569376927,1
-68,6,88,3,1,49.188046962715326,0.7996199368725502,0
-67,7,120,5,0,46.38187445000061,0.3742951466941641,1
-88,4,171,3,1,80.30484067039005,0.2663527463409726,1
-72,7,73,5,1,37.73151385855081,0.2744200527259465,0
-91,4,192,1,0,47.790128076726056,0.8693827503152008,1
-37,9,262,4,1,60.812453618717214,0.2040755339175453,1
-74,6,181,4,1,54.777216050513225,0.060051250535606004,0
-55,10,241,2,1,21.71504920831695,0.7228869585892236,0
-65,5,27,1,1,49.27142199851926,0.42128836282921167,0
-67,4,211,4,0,78.1748616996039,0.9123598694406166,1
-51,3,198,2,1,31.434342572414227,0.38986114697189045,0
-51,3,281,1,1,48.38744974065187,0.612702544309042,0
-58,6,237,3,1,31.417442887918913,0.788349559287096,0
-79,3,101,4,1,66.02207791316913,0.07792801935071503,0
-68,6,121,4,1,53.73060335356529,0.21942254162336916,0
-66,10,223,5,0,35.88385916086068,0.9893655599706145,1
-78,8,92,4,0,43.61121323031422,0.7411640027372566,1
-66,6,139,1,0,63.32112996711247,0.3447000700949183,1
-79,4,42,2,1,44.085482337898256,0.568394334962377,0
-34,5,99,2,1,44.48131716745088,0.671862420719731,1
-30,4,7,3,0,57.33868637538221,0.32237310585828616,1
-61,3,237,3,1,67.71789588348418,0.6606687957998677,0
-85,5,174,5,1,62.92633998753812,0.1471764166004944,0
-62,9,88,4,1,72.21203274999466,0.7432968902773425,0
-64,10,73,3,0,41.297516198406335,0.5712975158416396,1
-53,4,83,4,0,51.5616659852648,0.20234799300314,1
-62,3,229,2,1,14.45492517137059,0.890741243950107,1
-34,11,130,5,1,80.29571974747742,0.41404016131390675,1
-73,4,77,5,1,43.6665287400106,0.179152610058529,0
-38,4,130,2,1,62.024454980222444,0.7940062955977409,1
-40,1,170,1,0,84.36238125901727,0.04637635365675363,1
-87,7,128,3,1,45.77610409886286,0.4578575403363442,0
-58,7,91,1,1,51.986771970922646,0.49839086977207847,0
-38,9,27,4,1,75.80491824873071,0.889827625552956,1
-56,6,280,5,1,36.44410708679595,0.874299380502617,1
-73,4,105,5,1,44.48301221148487,0.009427148243593142,0
-54,6,54,5,1,84.38975835592632,0.647941535485333,1
-62,3,102,1,0,49.084535864082795,0.8777233221329369,1
-46,2,79,4,0,37.328595553684615,0.9534994609635931,1
-67,2,65,3,1,19.510462045061498,0.3922238762285959,0
-39,6,125,4,1,59.829133894530734,0.7990013198496779,1
-63,1,267,5,1,36.15720546548567,0.14808877618140037,0
-40,7,59,4,1,29.656619342380075,0.8330225187976915,0
-79,3,62,4,1,45.702945638559626,0.807915759812086,0
-58,3,21,3,0,11.365692090616399,0.9248633493213542,1
-79,11,84,5,1,61.82273255484744,0.06656217029875666,1
-62,5,57,4,1,71.72003212581276,0.07452494388579123,0
-95,3,154,5,1,56.83089203872425,0.8022715695017688,0
-41,2,141,2,1,47.67230524589828,0.2406469549775142,0
-60,2,141,4,1,79.08881733142057,0.8947268052822231,1
-82,6,235,2,1,41.77818294011328,0.500856417164145,0
-65,8,55,5,1,56.94956170110887,0.8768458325453161,1
-94,6,18,1,1,44.87465551416898,0.5132371789178942,0
-72,6,231,5,1,38.718612590842206,0.9144559535436856,1
-63,5,114,1,0,50.980402709139405,0.8562142092532524,1
-52,5,285,1,1,60.806306095749505,0.9242159516096689,1
-88,7,83,2,1,53.5292793318047,0.4866922737745971,0
-35,2,14,5,1,49.172269608919734,0.6823590981205424,1
-47,3,97,5,1,37.20313269479488,0.913569160893126,1
-78,5,200,4,1,44.29964908449493,0.47307616556355947,0
-78,5,183,5,1,58.7204076164755,0.004679361640026247,0
-75,6,268,1,1,25.954801888286905,0.180512191660677,0
-69,5,158,3,1,51.81986121291964,0.8964107553091025,1
-85,6,11,3,1,68.62798811256934,0.9040148464236696,1
-47,4,270,1,0,43.27010882286768,0.477788863125842,1
-95,7,239,2,1,57.48257779555528,0.7069654703588821,0
-60,5,63,1,1,32.35793887012474,0.0008104470869035874,0
-29,3,163,5,0,67.4555270460782,0.6452689900121767,1
-43,6,98,3,1,71.52344872462047,0.095606151027543,0
-74,6,4,2,0,52.362964430020604,0.17769295918259842,1
-41,13,145,2,0,22.996350682619127,0.26421578615303976,1
-91,1,68,2,1,56.97772520035969,0.6948546783162862,0
-46,9,260,1,1,28.379819449475356,0.9618741071985596,1
-85,5,76,5,1,45.75528311959721,0.7395263929694876,0
-60,3,26,5,1,66.46066218707843,0.05831286872858743,0
-55,5,155,5,1,59.26190840317203,0.035807297807483374,0
-39,6,215,2,1,105.21173259726862,0.7042777293606237,1
-54,3,194,4,1,27.251978129119962,0.09654984203605588,0
-36,5,281,3,1,70.73342606446863,0.005456583710034213,1
-88,3,242,4,1,45.69504293473443,0.503819128547145,0
-35,2,87,1,1,64.90514332337823,0.46741993613614274,1
-61,7,59,1,1,54.271564066152735,0.2707282636532402,0
-71,3,42,4,1,50.829134390966146,0.689879755800351,0
-31,6,241,2,0,44.2055938388816,0.44286607209089646,1
-68,4,136,5,1,68.69485654334208,0.6535133098562338,0
-68,2,15,2,1,58.907841802331035,0.7213268790655814,0
-37,6,109,3,1,33.43798721675937,0.27767503517299075,1
-45,7,253,1,1,34.4219767232256,0.03960720474006085,0
-83,7,203,1,1,59.43641753676714,0.8145892236030547,0
-76,5,263,5,1,50.42417435019766,0.32460280856450496,0
-53,5,25,5,1,68.56853656796159,0.6613030882480143,0
-89,3,124,1,1,22.291517338514044,0.4374958049850488,0
-76,1,162,5,1,32.50118166026914,0.46578619729053683,0
-35,5,278,4,1,77.11053521266095,0.8023489534163225,1
-50,6,142,5,1,41.27338727498234,0.3004552600154906,0
-94,5,127,4,1,54.070146909599146,0.1781365978210172,0
-83,5,137,2,0,56.263881910070026,0.7725647014054083,1
-72,6,75,2,1,48.39484067772697,0.7777623185779262,0
-50,7,286,5,1,58.22459022922067,0.4290014836569468,0
-69,3,53,4,1,62.46912587905797,0.7617046921220246,0
-26,2,48,1,0,58.62595738702039,0.9034002519710873,1
-44,1,264,2,0,57.19697537539341,0.5995509541949889,1
-51,1,82,2,1,59.50601996493608,0.6328200276547318,0
-87,8,15,2,1,35.24886099495575,0.7397181379698226,0
-39,3,38,4,0,34.11593234132478,0.8064527059495693,1
-60,7,2,5,1,43.289741823091745,0.13179747041798628,0
-86,8,132,2,0,45.528698660209656,0.5731160519571037,1
-61,4,100,1,0,74.02960307014133,0.9233570342978508,1
-72,4,19,4,0,54.84411572294623,0.9345203618426989,1
-95,8,6,1,1,44.089076201022905,0.2843838483971237,0
-81,8,55,5,1,51.31513301525939,0.8151525953184059,0
-30,6,206,1,0,51.244408023393916,0.5332303119270722,1
-54,4,106,1,0,30.91587448926322,0.8425800540888893,1
-65,6,68,3,0,62.05919726100107,0.9353518652069222,1
-82,5,288,1,0,64.85965981093422,0.9038009154460063,1
-89,5,250,4,1,27.424335648069956,0.1234982267901179,0
-48,4,138,1,0,42.21720990445984,0.24709712297837794,1
-41,4,72,4,1,52.527297434813036,0.21063927589992204,0
-65,3,246,2,1,65.23133283046143,0.5674920718679366,0
-39,0,145,5,0,26.38135306106518,0.41049640879353444,1
-46,3,108,1,1,31.642245396517374,0.03289676362509131,0
-26,3,203,1,0,31.697220374988394,0.4216882579341553,1
-80,4,16,1,1,64.10151955324598,0.9101192802466309,1
-76,4,101,1,0,90.09094249299082,0.5256725018621323,1
-61,6,186,1,1,38.69355348056949,0.62760258731378,0
-48,4,26,4,1,49.501410344708304,0.9225971904934162,1
-46,5,81,3,1,72.62327392070264,0.9885051679024108,1
-90,7,72,4,1,58.30993141581489,0.4266722487871064,0
-61,7,244,3,0,39.62298730638962,0.7403279022224273,1
-84,5,297,3,1,44.260153818223166,0.41449272632519085,0
-84,4,72,2,1,39.227609341083806,0.6853825598067395,0
-56,10,175,5,1,49.52433925497171,0.14310015864026815,0
-84,4,62,3,1,45.23860997021712,0.8210111007883965,0
-30,3,43,2,1,28.25217948518024,0.8633561519173082,1
-50,5,120,2,1,46.2351411721887,0.1533137626350609,0
-71,4,3,1,0,53.06971698391521,0.2078949876336007,1
-86,3,209,3,1,43.081857488056166,0.6764203281364858,0
-82,3,61,5,0,39.687156836579874,0.403312510944536,1
-37,4,9,3,1,67.18445211305907,0.4532509561550716,1
-63,6,96,4,1,16.038139559817296,0.7212946202659195,0
-28,6,82,5,1,35.4441887381239,0.8244663778339926,1
-53,5,193,5,1,33.44109064452283,0.09287534299188316,0
-29,3,279,2,1,51.93953514054761,0.337988641638314,1
-58,5,99,4,0,48.752648487641814,0.7674140287452335,1
-80,4,74,1,0,27.519958706731714,0.9766270290493716,1
-53,4,81,5,1,33.97357853705891,0.13994565775687506,0
-81,4,266,2,1,72.28366076736393,0.5163629158062054,0
-53,7,233,4,1,59.0515511054525,0.8174207189784531,0
-48,4,248,3,1,48.36927544660435,0.7334852974229649,0
-69,6,64,2,1,30.277157207799334,0.025603291662331218,0
-30,5,154,2,0,77.98022903823819,0.4418058844735876,1
-95,7,68,3,1,36.91912142491579,0.4324803902407529,0
-60,9,83,2,1,52.49340905890819,0.36204215503815873,0
-90,5,186,4,0,74.06406527963985,0.9066265657553721,1
-63,8,46,3,1,33.52019979901223,0.25913697842708283,0
-63,4,157,5,1,25.931863925593255,0.01791734083862595,0
-31,3,86,3,0,59.088942795437966,0.7351240126796921,1
-30,3,179,1,1,69.6281782992899,0.7200145435657512,1
-56,6,89,2,0,68.96355265991625,0.3155438962923708,1
-82,5,124,4,1,34.048029453530724,0.7581798563348546,0
-91,5,168,2,1,73.54520071783031,0.2878732598665211,0
-28,3,176,4,1,59.603978183113455,0.2939219559806522,1
-62,2,298,2,1,52.99699295760534,0.5062704942763271,0
-54,5,56,1,1,55.802123127905965,0.10676319874726459,0
-29,10,122,2,1,48.120396632045136,0.8570687907334745,1
-40,3,269,1,1,37.97902101436614,0.2680840425788543,0
-73,6,244,3,1,44.92776967524305,0.15018875125217135,0
-49,4,209,4,0,53.14764617412183,0.7387660102630493,1
-65,6,68,3,1,55.095291523604594,0.874988711772606,1
-79,5,156,4,0,58.653611173940256,0.8324858315960876,1
-47,4,181,4,0,68.08289187787233,0.14887496017161173,1
-70,6,61,4,1,64.20727936066578,0.2962785348200633,0
-61,6,218,2,1,60.864394557198715,0.08385018120878973,0
-27,3,4,2,1,51.13781256990246,0.2768908651612172,1
-95,9,203,4,1,54.95566410376481,0.0967097040217123,0
-37,4,19,2,1,45.064679703595225,0.15745088386454065,1
-50,4,176,1,1,48.29179777370485,0.31428452471315127,0
-29,4,287,3,1,66.98766011698507,0.011899976584023753,1
-33,3,251,5,1,50.42365040706547,0.3214898795792308,1
-76,2,86,3,1,44.94442230943515,0.6217822494648296,0
-95,7,286,2,0,42.85139149424487,0.19208053901730326,1
-82,6,105,5,1,66.93997676943874,0.006278402546455841,0
-64,4,32,5,1,38.98106051339668,0.3490582871819876,0
-26,9,16,3,1,78.53829528357441,0.05067715979008691,1
-81,7,62,4,1,47.854897327786254,0.6951980104421526,0
-86,4,278,4,1,31.69805915449829,0.8018850832568266,0
-43,3,271,3,1,66.2102577858467,0.7466386398040858,0
-67,6,193,2,1,63.880281802305944,0.06777690940256864,0
-45,6,229,4,1,56.947031384826985,0.5701036588693167,0
-73,6,41,4,1,37.78886385090555,0.737922258765336,0
-73,6,103,3,0,73.34684730041067,0.3725877191216763,1
-52,5,52,1,1,55.43401237963417,0.15515710544528505,0
-39,4,159,5,1,37.31540325320792,0.9060351440202081,1
-72,5,223,1,1,52.53365434406219,0.8503283810042204,1
-76,6,227,4,0,55.60492043166652,0.8108366325048446,1
-33,6,190,1,0,44.54000715180549,0.12474071566806488,1
-49,8,292,1,0,44.24696119063869,0.18946512227577772,1
-31,4,65,3,0,50.80121259592002,0.863698406973685,1
-43,6,227,1,0,51.766807850029956,0.03265598117231405,1
-95,6,103,5,1,51.699688362077836,0.7331576566233234,0
-46,4,181,5,1,44.683115309930415,0.8321830142125585,0
-42,6,240,3,0,32.50115000669395,0.6268907447638986,1
-31,5,205,3,1,38.235356672461705,0.24420434114104506,1
-63,5,150,5,1,41.447576302280694,0.010586355192799046,0
-88,5,173,5,0,56.35364428172332,0.0753059387818773,1
-66,5,90,1,1,50.93138896706222,0.0595476750512538,0
-70,4,107,2,1,58.82680676234576,0.9930370163937596,1
-67,8,206,1,1,54.723784105106894,0.8503750144235958,1
-37,9,218,4,1,52.57337540818038,0.8242375163338415,1
-64,4,223,2,1,51.52583405784383,0.1735697560281596,0
-30,4,30,3,1,42.9108330482392,0.05674948150988779,1
-92,5,212,1,1,61.874283212294756,0.779284683577158,0
-92,4,50,1,1,53.499588413543236,0.923402059647134,1
-27,5,173,3,0,18.861314306638402,0.8040429237513461,1
-46,4,83,1,1,71.04766652982426,0.43262581201062,0
-71,5,200,3,1,66.36563048969025,0.9285146399174783,1
-65,3,253,1,1,64.46379955659616,0.3648868260812107,0
-82,4,189,3,0,58.52619717662033,0.2265240297042429,1
-62,3,193,5,1,54.09860834421317,0.39631685698959596,0
-75,2,251,3,0,82.269839678837,0.4656099028020676,1
-86,6,9,2,1,41.935358315666704,0.19182643045064807,0
-74,4,156,3,1,64.95435286508275,0.4124958138332634,0
-57,5,73,2,1,56.55382111357268,0.015061734425114937,0
-69,4,32,4,1,40.91342360935501,0.744854069362624,0
-78,8,63,4,1,43.39118195175148,0.7008860034768012,0
-55,6,193,5,1,44.72520019053444,0.9232610242949975,1
-31,5,120,2,0,64.12730903841162,0.5843239747095872,1
-38,9,282,4,1,41.526169270455966,0.5289419950789618,1
-86,6,240,2,1,53.944330439942696,0.4322868041604657,0
-31,4,99,2,0,55.98271285763818,0.44884305217062637,1
-42,4,33,3,1,44.84480746078762,0.7249218030324875,0
-65,4,137,5,0,52.087807458673986,0.19227126730334032,1
-73,3,277,1,1,42.21904238553487,0.12966617929350577,0
-40,5,265,3,0,87.11630856905475,0.926670846827001,1
-68,7,112,3,1,30.439100855674386,0.11401136221774744,0
-95,5,173,3,1,24.042559752057063,0.14494664628259313,0
-69,6,167,5,1,63.19236368605468,0.26869587039467235,0
-29,3,17,5,1,33.798910190862415,0.3594217768972031,1
-40,6,273,1,1,56.41774924190436,0.1852907194035035,0
-81,5,78,3,0,54.9072575044721,0.5676486152884017,1
-30,5,162,4,0,51.23902471136238,0.6986831849271575,1
-83,5,140,5,1,58.683420855575974,0.3413654149710036,0
-59,6,121,3,1,31.400032644393555,0.524844682163885,0
-63,4,38,1,1,69.63773807208959,0.6567776555781616,0
-57,5,230,2,1,59.91349985090045,0.20881962477774185,0
-30,1,154,4,1,71.37860119398643,0.6946811520083138,1
-86,7,196,1,1,44.403082038557926,0.5911027371441107,0
-93,3,74,4,1,98.02681757557477,0.3003506489153498,1
-66,4,213,1,1,34.863707120646936,0.5842066785115605,0
-80,4,183,2,1,47.38865706682206,0.37792559303268114,0
-70,6,216,2,1,22.305711864102783,0.2700710469494063,0
-33,9,107,4,0,48.5207981693011,0.4613613055288027,1
-94,6,198,4,1,23.574731077415272,0.2935919858259194,0
-35,6,110,5,1,44.160441180160454,0.7876314366970855,1
-89,4,221,5,1,30.0877129439601,0.9434711601511173,1
-60,4,12,2,1,47.560414392174195,0.8384245851439073,0
-58,3,238,3,1,51.254502457965486,0.028245268641557075,0
-69,11,129,3,0,52.466923095194375,0.7282017909462609,1
-42,5,41,3,1,22.911927267829125,0.7680320827428763,0
-42,6,98,2,1,46.567587464528835,0.5945078398588447,0
-62,8,244,2,1,70.55870319481559,0.8037063723219054,0
-73,8,63,1,0,48.58114896069669,0.8199458090392607,1
-93,8,119,2,1,71.78053332693636,0.9045021212903779,1
-84,4,54,2,1,50.32666468695966,0.10862763225384708,0
-79,5,224,1,1,54.69055784899572,0.1583937029844661,0
-73,2,49,4,0,24.474410268879296,0.02613985664825136,1
-93,7,102,2,0,15.385761337945496,0.6237906851048259,1
-56,8,102,1,0,31.289255747604212,0.9488246951725395,1
-61,4,28,3,1,46.541521150110945,0.1519730505008211,0
-29,5,185,5,1,39.82912657979874,0.24662054144389822,1
-94,3,110,1,1,49.85964420357113,0.4814406084751083,0
-56,3,251,2,1,36.13836134825426,0.0167848716589708,0
-55,12,156,4,1,42.98074573569723,0.5743637571826798,1
-75,5,255,4,1,46.363394555039726,0.8637584357941456,1
-93,5,94,3,0,56.32860485182135,0.7874024241707718,1
-41,7,189,4,1,49.921938262947066,0.9828488371354669,1
-86,5,86,3,0,44.5516554547592,0.8559662302890301,1
-31,4,115,3,0,38.41989103601368,0.4538084074702722,1
-67,5,281,5,1,61.22407194541628,0.22822766593623156,0
-43,3,178,1,0,42.00886457184935,0.4170406753494731,1
-91,1,223,5,1,46.77134740269959,0.020229160348111397,0
-46,6,230,4,1,45.21180246658709,0.8553278398717652,1
-34,3,231,4,1,62.64698520094524,0.6291987299165052,1
-42,4,299,1,1,38.810585270176716,0.4119488586536739,0
-35,7,281,2,1,68.46440873946509,0.2459618697737781,1
-53,4,215,3,1,20.038857014617488,0.4180882210916229,0
-52,5,82,2,1,44.13582294367504,0.7234204242928864,0
-71,6,194,1,1,40.64827101601608,0.31775223944799824,0
-37,5,233,2,0,67.50650590130519,0.7948798539834896,1
-62,7,158,5,1,47.27040093016448,0.899418141071708,1
-44,9,139,5,1,48.913590973165974,0.11678281666035517,0
-33,7,218,3,0,41.169323840263765,0.21647865682185663,1
-60,4,73,1,1,47.083352829766774,0.7232756918804822,0
-72,6,275,3,0,41.022409735580354,0.4014881011407764,1
-60,10,26,3,1,37.96894997600701,0.80504404542318,0
-85,9,255,5,0,26.80745311964383,0.9389449307002757,1
-81,2,92,4,0,74.46567202809828,0.007991533945599039,1
-46,5,112,3,1,57.47280566764979,0.3415027195106173,0
-66,6,108,1,1,74.52753959629138,0.13642507369832457,0
-74,4,127,1,1,34.17059918205792,0.2241172842546595,0
-48,7,234,2,1,54.67491910949069,0.13611562893756912,0
-71,3,110,4,1,42.36523684692716,0.8519002857293334,1
-71,4,239,5,1,53.42976967423411,0.00847728720915053,0
-28,3,160,4,1,48.094428292587544,0.8394478168194807,1
-80,4,45,3,1,25.229532176263223,0.03228672739930194,0
-78,6,27,1,1,48.65582638190868,0.6037765497758473,0
-44,6,278,3,0,12.935886636520195,0.11783114297379049,1
-29,6,271,3,1,52.48995649632475,0.05601867749477585,1
-87,6,20,3,0,63.128682292140795,0.575618248142197,1
-71,7,143,4,1,73.2708530893554,0.4563718285243852,0
-52,4,249,4,0,35.63660006294911,0.785728059207456,1
-81,2,112,2,1,70.44655630024243,0.9565725172950833,1
-47,1,87,1,1,54.19460225611703,0.9075374170678531,1
-84,3,63,1,1,49.85344726163768,0.8201401786080039,0
-46,5,114,3,1,50.88911073247067,0.8699737669656148,1
-26,5,238,5,1,41.561204090356895,0.7558050558484318,1
-57,4,110,5,1,86.2671294920371,0.6314163853966814,1
-28,7,216,3,1,53.691881036340575,0.4993144277359619,1
-41,6,191,5,1,47.07955824467436,0.2353861686599722,0
-71,4,286,3,0,18.129042816047946,0.9024219296465643,1
-87,7,33,2,1,53.008923171542335,0.19156457304200958,0
-71,7,217,2,1,65.41891679449742,0.7186027443067806,0
-57,4,101,2,1,51.52731518744005,0.6698087251048863,0
-64,3,116,4,1,47.10208489023765,0.49806876450765425,0
-46,7,2,5,1,36.72569225756497,0.18186944739479882,0
-41,5,98,4,1,43.53489740358331,0.6210403328996639,0
-32,7,259,4,1,23.287449520983888,0.9612310674198383,1
-62,3,297,4,1,36.69265549714177,0.3914985308062997,0
-71,6,259,5,1,36.72464908119743,0.39743706485582886,0
-28,4,166,2,1,50.84537419588996,0.49084732146764565,1
-57,5,50,3,0,33.32794471772484,0.5370871450308451,1
-36,3,151,3,1,41.620689726516865,0.5243606906560275,1
-81,2,287,4,1,47.960746842658516,0.30955314823373425,0
-77,3,61,3,1,68.82120573449352,0.7762187406021996,0
-32,9,136,5,1,43.67375283275252,0.30469419258298835,1
-52,4,71,4,1,42.041682659286906,0.8168244710530753,0
-76,1,205,3,1,36.68112164884875,0.11385135798975032,0
-62,1,230,1,1,78.70684274359482,0.5397490588828371,0
-83,6,136,1,0,19.35800814355171,0.42579102576602457,1
-27,8,85,4,1,35.91516506295561,0.5566359937876021,1
-56,5,247,2,1,61.43599097778525,0.9659328739922112,1
-83,7,100,3,1,33.53077419141795,0.1564107886527304,0
-69,4,219,1,1,44.62634667596079,0.7418788671602761,0
-65,4,197,4,1,54.66285016431357,0.8232716027224342,0
-84,5,177,4,1,56.33939719984155,0.23009630942528259,0
-39,3,116,2,0,36.59793571530725,0.9616059200585171,1
-37,3,136,2,0,62.984946583571556,0.9483783204927172,1
-64,2,29,1,1,46.4157007284831,0.5921441360962264,0
-47,2,10,3,1,53.89540634996631,0.889385095197193,1
-75,5,104,4,1,43.22294412240376,0.8509834331953974,1
-66,5,36,1,1,42.30222401402439,0.07658642450446862,0
-34,5,123,3,0,36.10987828633147,0.3116795495224741,1
-57,5,159,4,1,47.705278935305024,0.7153906912374535,0
-78,1,79,5,1,54.06868939023505,0.02970208420142295,0
-38,3,263,3,1,50.075406621975496,0.17664281047203767,1
-64,4,94,2,0,26.94572551072905,0.8485464216354357,1
-83,6,282,5,1,49.33835719525304,0.033839221176822365,0
-91,2,236,4,0,72.30086738432912,0.749322789446312,1
-71,2,83,5,1,54.29489803681843,0.32952173760899184,0
-88,3,35,3,1,39.52662379990011,0.3681104084078308,0
-68,9,165,1,0,43.999169031024955,0.6356250637591676,1
-47,5,142,4,0,53.07961960736672,0.11335603544639838,1
-49,5,129,1,0,45.206414549405736,0.6436103227961631,1
-52,7,177,3,0,63.308277027141976,0.6981742376858379,1
-65,5,291,5,1,59.682223907520594,0.7239949631448694,0
-83,4,14,3,1,35.80099969872564,0.8200351462044363,0
-58,4,225,5,1,41.019679278043746,0.4920024286411715,0
-84,3,259,4,0,46.174650505397246,0.5616653823771726,1
-78,4,145,2,0,59.337989952160314,0.5641610495695367,1
-67,4,52,1,1,63.123136185758895,0.6599813341345503,0
-37,5,247,5,1,70.1120616208172,0.17350046003178543,1
-72,6,138,4,0,49.37971608110285,0.3614003800426894,1
-36,4,196,2,1,93.34454549472042,0.8682824779995022,1
-95,2,115,1,0,45.653170633820714,0.34381540839554836,1
-87,2,11,1,1,46.15450179479194,0.37799792113761077,0
-94,5,52,1,1,38.5115027754511,0.38381685606259763,0
-52,4,128,1,1,65.48279911733663,0.36148444392090173,0
-53,3,241,3,1,69.37583994581271,0.4397411656508555,0
-76,7,159,5,1,64.03173289509978,0.12137827217369768,0
-61,3,199,1,0,62.37552348386737,0.9785584365247078,1
-94,4,278,5,0,62.19859353568936,0.943565556619328,1
-39,3,99,1,1,29.967956757810825,0.6969974599141742,1
-85,5,31,4,1,55.01672050436984,0.5239994895533131,0
-67,4,251,2,0,50.98967543550523,0.7196912889089386,1
-48,5,219,2,0,53.01457469788013,0.5477908533707269,1
-41,10,169,2,0,74.61080134111538,0.5188364911387162,1
-48,6,225,5,1,37.786847160728186,0.11925083344918963,0
-56,6,186,1,1,68.1625573889527,0.9245878959345392,1
-66,2,40,5,0,25.46068321046261,0.6329300788879382,1
-58,2,233,2,0,42.66590339162149,0.41034042306761576,1
-85,3,111,4,1,40.02443793317971,0.13911221370096594,0
-72,3,84,2,1,55.858612205257614,0.07198493559839825,0
-77,7,57,5,0,59.07449358988405,0.4352772728632365,1
-64,2,197,2,1,37.32648369384988,0.5552467126748015,0
-32,10,147,3,1,76.38987589656891,0.8986530158325841,1
-54,4,87,2,0,68.73636995620359,0.5782835149154907,1
-74,7,135,5,0,54.63860737604326,0.6854248897535636,1
-34,4,210,3,1,59.512969644614714,0.6653613387012587,1
-57,2,233,5,1,40.093692403779606,0.5117940058121316,0
-31,8,129,5,1,18.077987948996476,0.7910766258748684,1
-91,4,284,5,1,46.49678368264774,0.8525609321215698,1
-54,3,139,2,0,37.920151609630494,0.4780230782498296,1
-57,1,293,1,1,34.78048308629087,0.023648667521779076,0
-90,5,132,4,0,19.43897447852748,0.33926941518258436,1
-47,5,100,2,1,43.564898000007496,0.4034100244232539,0
-59,9,55,5,0,52.84262339669444,0.6034679198136945,1
-82,1,199,2,1,27.50682890610542,0.3371959469655945,0
-55,1,131,2,1,93.23037547822722,0.2522125205254854,1
-40,6,274,2,1,57.66989065851743,0.41594072984109887,0
-86,4,265,5,1,48.44969885107943,0.03547833499467079,0
-85,4,277,4,0,68.67452378882643,0.34172687530500023,1
-27,8,17,3,0,30.56871157463795,0.7591639607454838,1
-71,6,185,1,1,35.48035438477351,0.7915858279214585,0
-33,10,231,5,1,72.69143454818138,0.4648321851134215,1
-92,6,167,5,1,60.06756862827372,0.8245720242591132,0
-71,3,204,5,0,48.04852931177729,0.9465767186313263,1
-66,3,72,4,0,43.865591553576785,0.6607347671717477,1
-84,1,71,1,0,58.34945923083103,0.784577864055246,1
-50,4,250,5,0,34.380634037603194,0.8267046975547732,1
-35,6,35,4,1,83.31167533808221,0.45771567686221837,1
-73,6,220,3,1,51.929272830508644,0.2556278186907207,0
-65,5,10,4,1,52.79616117388771,0.710612924862805,0
-39,2,58,5,1,42.149474211588206,0.9115219778877812,1
-34,2,117,4,1,45.630099821991,0.7049429096010964,1
-52,5,131,2,0,36.86123195143644,0.919626984305211,1
-63,3,160,2,0,41.79513834369821,0.8942861503154493,1
-50,7,97,3,1,27.754964740305756,0.22036121211677762,0
-84,8,182,2,0,41.16231235705195,0.5832659442675097,1
-45,4,202,1,1,49.833732370491134,0.5417038453001618,0
-57,4,207,3,1,67.57199459463439,0.8755709875379476,1
-72,4,201,4,1,60.36052315134663,0.27616938503087585,0
-60,5,19,2,1,58.18540703077861,0.03571163134010569,0
-29,4,121,1,1,51.44010604867849,0.9453306915356681,1
-74,6,251,5,1,63.70545052135257,0.9626776922337739,1
-31,2,242,1,0,54.66951020169396,0.9059494792238386,1
-68,1,217,3,0,71.19644774185672,0.5777895645243009,1
-61,2,16,5,1,77.83136697501665,0.8999811575952446,1
-69,5,119,5,1,43.048322875499025,0.5765666183597504,0
-77,11,234,3,1,55.850364176934995,0.4582002223458145,1
-47,3,241,5,1,63.9844319287583,0.9908090099950743,1
-40,3,269,1,0,72.74563303135497,0.9934144605822682,1
-28,5,69,4,1,27.688629891488088,0.03791865602929023,1
-53,3,246,4,1,43.3895326105126,0.44153130419333875,0
-41,4,178,1,0,41.72826392599504,0.36056832414397244,1
-55,4,270,2,1,54.98143300754873,0.5774318886867612,0
-78,3,211,5,1,63.78797802207562,0.6197612894740295,0
-78,6,133,3,1,41.81294889462906,0.35539799051511967,0
-94,2,292,3,1,79.79001610984717,0.04420375854584513,0
-56,8,254,5,1,61.59518647282617,0.7458746915971299,0
-45,7,86,4,1,58.02930237172657,0.7612441415334618,0
-51,1,280,5,0,46.724405499855585,0.6411319435840692,1
-64,7,210,2,1,46.21297610011726,0.293040823045277,0
-78,3,51,5,0,55.044141488898354,0.4780012585318314,1
-70,6,49,2,1,36.731074399711645,0.4494175472371701,0
-95,4,219,3,1,22.077908614157543,0.5098630113906912,0
-82,6,268,2,0,55.420960366114684,0.6479727626551695,1
-60,2,105,5,0,64.08020010375029,0.4747043125068221,1
-55,5,2,1,0,37.96134646509309,0.6014174415353648,1
-61,5,147,4,1,39.95988492842562,0.14301672164331647,0
-69,6,217,4,1,63.32312196234813,0.20719693413228824,0
-34,4,220,2,1,57.60011038514982,0.20413893642089365,1
-90,7,272,3,1,39.531810695794206,0.32038255572148333,0
-87,7,63,3,1,23.531233545138747,0.6680043190124897,0
-87,6,273,4,1,47.877316543024044,0.32066314317615685,0
-58,1,222,3,0,47.38318570262127,0.008995392338820296,1
-68,6,179,5,1,78.83899533268944,0.07807491518734999,0
-84,8,233,5,0,31.121278517976997,0.4945193761329887,1
-39,5,132,3,0,54.25449047334159,0.956247657129796,1
-38,5,35,4,1,35.678644844210105,0.6591592905717112,1
-57,5,133,3,1,54.8132366717502,0.6978949731749692,0
-89,2,263,3,1,52.807688874193126,0.533269284034712,0
-72,8,240,4,0,43.65092138102499,0.5190711799360467,1
-84,6,43,3,1,64.54992265511044,0.3362759771425582,0
-73,5,249,5,1,32.76830160203369,0.5537068970053134,0
-55,3,276,4,1,24.403902368328243,0.15032296849496474,0
-56,6,217,2,1,45.808707297743204,0.16414520300166413,0
-70,4,97,5,1,62.91861452897771,0.3025074669329936,0
-49,6,281,1,0,42.9655805203605,0.6789929963473826,1
-36,6,77,4,1,45.633413489027575,0.2572914471901754,1
-73,8,50,5,1,28.104669727671588,0.9299157996045505,1
-87,4,225,5,0,65.96829699781247,0.30734836997292003,1
-43,5,238,5,1,64.0722675720288,0.6220230110448861,0
-90,4,22,3,0,46.22185982865901,0.2776333069676107,1
-84,5,225,2,1,47.16930431436322,0.8973250173386327,1
-82,4,294,2,1,29.673902855722353,0.8784692284005959,1
-56,5,229,2,1,82.9927572132406,0.8111819784806055,1
-35,2,71,1,0,57.964705615452,0.6345080169733205,1
-45,1,242,2,1,41.484105019975715,0.3462020521088318,0
-91,6,78,1,1,47.14881505922064,0.6291775318004127,0
-40,11,111,5,1,43.42463358485213,0.3840316836614899,1
-59,5,16,5,0,38.08512265579771,0.1435894829999721,1
-40,3,231,2,1,64.76682141039052,0.7219394538454208,0
-49,3,110,1,1,42.448433558834274,0.1858986776932371,0
-75,2,11,3,1,67.26479792605696,0.010697734448507967,0
-30,9,131,5,0,47.97195862554467,0.10834112596482692,1
-62,1,124,5,1,47.20158501732606,0.877009520603856,1
-46,6,289,1,0,40.09937555419826,0.45309313745714375,1
-38,1,1,1,1,46.906438078931046,0.9219319474319155,1
-91,5,240,5,1,46.65475257730151,0.15070521680081927,0
-93,7,190,2,1,54.084913017942625,0.023779437293541483,0
-30,8,202,3,1,48.64611558826154,0.13186657424227322,1
-71,3,8,1,1,29.886428458613977,0.8792442327316726,1
-36,1,42,2,1,59.7293501512752,0.6729156434362925,1
-35,4,59,3,1,62.45310529267437,0.2686441793510339,1
-70,4,259,5,0,41.79457153532817,0.8771591217570517,1
-66,4,215,4,1,49.78692671748216,0.9198879043976746,1
-91,6,43,4,1,71.47785895506206,0.8820121196941438,1
-59,7,216,1,1,26.964772134567564,0.9155463839185118,1
-33,10,8,5,1,35.489352833807445,0.27734705703173623,1
-28,5,173,5,0,33.81755177646791,0.19799010188192478,1
-74,3,111,5,1,32.024228098415634,0.11460614575752581,0
-81,5,96,2,0,41.62235464339249,0.2724461461375779,1
-47,1,201,4,1,51.45348172452854,0.2327012941984602,0
-92,6,187,2,0,48.76962698300949,0.6827544672152708,1
-35,9,221,4,0,19.636294544695154,0.6208178737323523,1
-27,6,14,2,1,25.07172058426542,0.8906076099873114,1
-71,5,280,3,1,82.7136469803419,0.2083680822090691,1
-57,6,220,4,1,27.60635826357553,0.5511619685079292,0
-64,5,169,1,1,53.97755063157719,0.6187865983467516,0
-53,8,179,4,1,58.87263306552785,0.015433249046840958,0
-48,4,152,3,0,52.74919682529698,0.9715239190099222,1
-46,8,205,3,0,38.05602992466938,0.8630922640980163,1
-69,7,213,3,1,56.87610128710974,0.46334062445162005,0
-88,4,276,4,0,45.17465191155458,0.391049084132161,1
-58,4,26,1,1,53.776320031002776,0.8469246415331297,0
-76,7,215,1,1,30.563969670064512,0.9514239123559285,1
-34,6,31,3,1,48.96344284426399,0.2576890349997404,1
-92,4,167,2,1,72.98066541681743,0.894332563754259,1
-63,7,177,1,0,43.94974273171657,0.3405993662003668,1
-65,2,67,5,1,60.94463092935794,0.8224449744113093,0
-59,5,30,2,1,47.92900216864239,0.10433719935119212,0
-49,5,89,3,1,72.81626582070467,0.9957195042940772,1
-47,8,176,2,1,31.29709680211964,0.46784719364918115,0
-81,9,108,1,1,54.91736514091599,0.5044945540169042,0
-94,5,154,4,1,48.52455417392851,0.5002468516002953,0
-30,4,193,1,0,21.242768687837287,0.40462533022134506,1
-54,12,201,3,1,48.088301505589406,0.09818522794141626,1
-85,8,277,3,1,57.54518920725847,0.883199286901074,1
-31,4,102,5,0,42.03731566593709,0.890493151742559,1
-86,8,299,4,0,56.117905724535966,0.8034742084750484,1
-69,8,144,5,1,71.24682106250478,0.5498429580058809,0
-66,6,21,3,0,67.28735784761373,0.3311370210714858,1
-27,7,257,1,1,49.08938134545885,0.027627875876370056,1
-71,6,215,2,0,59.463601073002486,0.5820019355301677,1
-43,9,111,5,0,43.682352908714925,0.7022329850078181,1
-38,3,15,1,1,35.91632888989001,0.3176214116177999,1
-72,3,298,2,0,63.65087980486971,0.32864952341761544,1
-94,4,186,5,1,37.52384923141335,0.7326206810214344,0
-65,3,126,4,1,47.31710258625587,0.025503178152655237,0
-93,4,176,4,1,64.05996516334906,0.12528094373052834,0
-38,6,205,4,1,41.83056150372258,0.5315051668105086,1
-87,2,10,3,1,64.39271893438367,0.08142849857185419,0
-49,7,199,1,1,64.87159148445105,0.7580499799286222,0
-61,5,108,4,0,60.348288812008676,0.8032184014271471,1
-30,5,169,5,1,57.43611582445814,0.862361697519053,1
-83,6,192,1,1,43.61147954548949,0.6548605981239323,0
-71,4,177,1,0,63.99016524537787,0.7227405666585875,1
-26,6,237,2,1,60.80839373314009,0.22505037453906684,1
-86,5,169,3,0,44.43506042718593,0.9075145957728711,1
-48,6,20,3,1,45.52842834152785,0.10071124869115733,0
-55,3,91,1,1,52.54484250633349,0.733716973005951,0
-65,7,89,3,0,43.10172597206336,0.019129694944508002,1
-65,9,152,1,1,24.937329737004433,0.4445367425514052,0
-36,5,256,4,0,50.77138410828325,0.824441393598448,1
-52,4,92,1,1,62.146759673154584,0.6792124610001558,0
-28,4,29,3,1,54.11365298648983,0.7384458363637347,1
-50,2,38,4,1,52.76028328392657,0.36124585190709724,0
-94,7,176,5,1,36.20954909739749,0.2828832366696269,0
-47,5,90,2,1,68.3032780018223,0.49007507657403393,0
-62,5,249,4,0,54.41784286556855,0.8324007167132816,1
-74,4,214,1,1,34.821368653899476,0.9470964611851778,1
-81,5,297,1,0,62.16185075125904,0.9987296497208092,1
-31,5,181,2,1,49.62686083193339,0.7242000521738615,1
-42,4,273,1,0,68.536941841241,0.13817097915278864,1
-56,6,192,2,0,70.34749435994729,0.7504166217753019,1
-93,0,33,3,1,25.652721659665065,0.10435867930433496,0
-60,6,110,3,0,50.3962423360479,0.1920417697038983,1
-82,4,269,2,0,63.8574814215227,0.21037360172408526,1
-51,5,276,5,0,52.56254408964131,0.6776001404930987,1
-37,3,41,1,1,70.1505238890447,0.11872387160824749,1
-44,3,143,4,0,40.38686421544655,0.5884099479245409,1
-39,4,175,5,1,51.46958827437526,0.6151451814094254,1
-63,3,32,3,1,51.83143897845119,0.6530483153006477,0
-65,4,49,3,1,46.39436177866208,0.26072978548268855,0
-30,8,231,3,1,47.16551050347852,0.9274545320095161,1
-77,8,109,2,1,59.071645719886334,0.766731821078883,0
-34,7,52,3,1,35.19727296441048,0.19873995848446746,1
-69,5,146,3,0,87.77450872657194,0.7056230130252257,1
-82,4,168,1,0,55.04502344722074,0.18868286470887796,1
-36,1,255,3,1,64.01260548679979,0.2903840072826577,1
-89,3,258,5,1,59.47164154374897,0.15166882192879128,0
-86,8,187,3,0,50.731619216652895,0.429825759918407,1
-86,7,160,3,1,59.05436985768081,0.28620707276098534,0
-45,5,246,3,0,44.201720599868295,0.6368900887497475,1
-73,6,229,5,1,64.37546340641418,0.2782730251425689,0
-44,6,233,5,0,45.329404980344236,0.6941846819427415,1
-90,4,107,1,0,32.79967555739286,0.0202424689700873,1
-29,7,164,5,0,67.00354917494909,0.8965082045189383,1
-47,6,46,4,1,38.28580572449598,0.10276235653389898,0
-45,7,27,2,1,68.0289699309156,0.6655815627903898,0
-40,5,163,4,1,54.56477855440407,0.5535126488358367,0
-74,6,103,4,1,41.78635990587327,0.2894814389370427,0
-54,5,184,2,0,38.16410114805458,0.9919748998803326,1
-86,2,197,4,0,33.44095091550608,0.18395710787047725,1
-76,5,141,1,1,64.9064621636656,0.6976729099475202,0
-78,8,109,3,0,44.55101454912594,0.40616286666852297,1
-27,5,16,3,0,30.319615126040958,0.3892435189365414,1
-54,7,30,3,1,54.174045488118665,0.5072937010161392,0
-67,2,89,1,0,68.02377509097722,0.34176362036323316,1
-38,4,203,4,1,31.30017576877684,0.8037371042476144,1
-56,6,174,2,1,63.806026106480076,0.5580654696178163,0
-80,5,255,3,1,59.6392911736491,0.49647020440368517,0
-40,3,247,5,1,65.46442678179739,0.20353873421587332,0
-64,4,171,5,1,30.862033143460305,0.45707498859563445,0
-47,4,110,4,1,61.29686575191776,0.32245752257269733,0
-86,4,62,5,1,60.731287876924966,0.7298161363577517,0
-30,4,244,4,0,50.754632986431176,0.8466105953726557,1
-60,2,15,4,1,42.707366637240135,0.7373892378628814,0
-79,5,290,1,1,57.628373601303245,0.06639917520354155,0
-76,6,202,4,1,85.30008007622749,0.8527757131866426,1
-68,4,127,2,0,41.346526229239785,0.6449797294606652,1
-57,4,125,2,1,47.749723667540955,0.9189809798910772,1
-31,7,125,3,1,61.29857412225039,0.1173353826166349,1
-27,4,7,3,1,73.16116388104587,0.8586391366418185,1
-44,4,260,2,1,52.111603586408485,0.7491301707551334,0
-39,7,163,2,1,55.102781996371206,0.19462778820367965,1
-38,9,2,1,1,44.91601905094843,0.26918487080938436,1
-84,7,55,1,1,25.397868858439967,0.43626213765057387,0
-52,6,13,5,1,37.28089382361252,0.6735630516580412,0
-86,4,117,3,0,57.161154583149624,0.6963430619598678,1
-87,8,222,4,1,85.3489220277543,0.9425452906553687,1
-82,5,161,1,1,73.25090714865765,0.22221283343806175,0
-61,7,7,3,0,46.53092709749503,0.1721034576798801,1
-68,5,137,2,1,39.10775123347996,0.5012606899074,0
-82,6,268,2,1,33.660991090132775,0.12314239356982182,0
-32,1,62,2,1,78.24063309335745,0.45554263743960666,1
-51,8,48,5,0,97.33635764434385,0.6121822202225895,1
-76,3,28,4,1,39.58816923009929,0.6982579211032989,0
-59,7,34,2,1,49.287841109569946,0.030843557928017518,0
-47,3,23,3,1,67.39718136315747,0.8743926825739908,1
-60,6,184,3,1,53.949140067498156,0.7356521548434938,0
-62,4,84,2,1,52.65226998634782,0.18708181878578078,0
-49,7,238,2,1,39.46230415838275,0.32462509922773586,0
-61,7,94,2,0,55.873690978254324,0.6970307257635152,1
-57,4,178,3,1,61.57659438308306,0.42573382070530863,0
-34,7,100,1,1,46.08685814867928,0.37771732831806504,1
-40,7,158,4,1,77.33204768575548,0.8032046670349169,0
-81,4,77,5,0,45.414130464950155,0.15274849116933142,1
-40,5,239,5,0,30.759506653811133,0.5766698345603726,1
-53,4,75,5,1,59.35577644029907,0.9629760074548126,1
-73,4,70,5,1,46.78982800471882,0.31733276201239513,0
-38,5,177,4,1,57.85362384970639,0.960513464292188,1
-30,2,241,3,1,31.338834894507574,0.0022221391571406457,1
-52,4,295,3,1,60.30669508994829,0.5365350592898077,0
-69,6,33,5,1,50.13581375655692,0.6978459228393011,0
-79,6,91,1,0,76.83186763053622,0.2071433682052718,1
-38,4,116,2,1,59.987003371471204,0.05907965104670754,1
-38,4,50,2,0,28.02251865873918,0.020258949926694192,1
-69,4,5,4,1,56.50892020683835,0.9108410016540908,1
-64,6,28,2,0,45.119735581857874,0.22293613875072538,1
-40,9,55,4,1,35.6940758774106,0.9430809827649719,1
-69,6,231,2,1,32.885341475308465,0.16491573735206944,0
-74,5,184,1,0,45.339480556477206,0.25039847954722805,1
-69,5,101,2,1,74.19856510853089,0.277781843806413,0
-36,5,30,3,1,74.01730899000275,0.6109746629499023,1
-80,9,242,4,0,13.656331611244141,0.7041880091261081,1
-63,9,11,3,1,52.82251424742464,0.19042699627025161,0
-60,8,213,4,1,8.611257739611624,0.16743964583979432,0
-65,5,70,3,0,61.298921263705516,0.8037024813406997,1
-81,3,147,3,1,45.542935585943994,0.4185038698756245,0
-53,3,184,1,1,48.69851798601275,0.07830320862286033,0
-36,6,256,3,1,40.999260792337104,0.13510569421190932,1
-77,4,94,1,1,40.18110105826614,0.5467721897930649,0
-30,6,86,2,1,4.773228487361564,0.9579264907507249,1
-63,3,249,3,0,64.54902097905672,0.1419121109257202,1
-82,5,100,4,1,35.99193835744543,0.4245879680921013,0
-88,5,20,3,1,38.89322447111781,0.9047427349763678,1
-58,8,207,3,0,77.0128315949459,0.07151549120076273,1
-80,4,39,2,1,62.400002227362776,0.8336966637978667,0
-56,6,245,4,1,42.39438333762641,0.891826015260855,1
-64,2,91,2,1,39.726742527857596,0.27037501448116186,0
-81,3,95,5,1,65.59746398934563,0.18974921407136935,0
-77,6,62,5,1,58.20572412265325,0.9938512919031721,1
-58,6,215,4,0,37.23775149910496,0.5690114399475386,1
-36,7,253,5,0,66.90885761313793,0.5616503728280426,1
-69,5,267,2,0,58.58264094502769,0.1697859813232745,1
-78,7,131,2,1,59.94813165374837,0.6644826379505454,0
-68,1,273,2,1,34.69531943409719,0.9230228261712865,1
-85,2,122,5,1,70.67947844440681,0.1248490127362164,0
-93,2,108,4,1,29.615879840139176,0.22638349619206433,0
-36,5,247,3,0,45.45187930821086,0.35496016961627375,1
-95,3,106,4,0,38.44149879279103,0.291944079111907,1
-41,4,61,1,1,42.78851563488328,0.9736620272159491,1
-80,2,104,2,1,31.38269615790851,0.015209370931765331,0
-39,6,76,3,1,66.3124547336008,0.6933857847828546,1
-37,3,295,3,1,60.23605565337098,0.4373144152664098,1
-55,4,68,4,0,51.751018297364816,0.7998210143021729,1
-72,4,286,1,0,26.872465212011452,0.3539746289726434,1
-90,7,53,1,1,46.22709775326162,0.49765515846322506,0
-65,3,160,3,1,55.860555244142155,0.8233400583593471,0
-94,5,282,4,1,50.304532904572476,0.3253673482217847,0
-91,13,178,3,1,58.056290562083056,0.9893903011919795,1
-77,5,193,1,1,38.38183593359216,0.4289565051406513,0
-75,6,192,1,1,27.803821119584942,0.31001611113993366,0
-86,4,63,2,1,56.56100237652966,0.07277118063272703,0
-81,2,33,5,0,34.668668284448174,0.7041921412931155,1
-61,6,94,5,1,54.20669634804235,0.2699632839407191,0
-31,4,295,2,0,44.54274257326359,0.2676945267997012,1
-92,7,156,1,1,71.0653093803461,0.4635258703320526,0
-55,5,168,3,0,19.506816517892148,0.79035548454146,1
-43,2,70,3,1,72.70464033304752,0.28079833827536604,0
-69,0,249,4,1,58.4423534875468,0.04506879253633134,0
-83,3,135,3,1,63.031343710328,0.34692451292527837,0
-51,3,253,5,1,45.367741061824134,0.21920947010995284,0
-77,3,168,3,1,68.26922009924547,0.029456251606079564,0
-67,5,229,1,0,75.3482649431979,0.4283813218235075,1
-95,5,228,3,0,40.58323973589142,0.6575651064660245,1
-80,4,99,1,1,37.811471100759164,0.8993181829933209,1
-92,5,18,5,0,62.41392928199872,0.7257564575085144,1
-74,8,234,4,1,57.86113843294515,0.4072951257552512,0
-81,5,129,1,0,52.10090722824951,0.9277223920624063,1
-87,2,177,5,0,58.88823452830819,0.02709969517915567,1
-51,10,10,4,0,44.498456850411806,0.6371240915102986,1
-74,3,124,2,0,16.62728441961105,0.7905901720790862,1
-56,4,296,1,1,33.32058721640225,0.8180127968237625,0
-61,4,219,4,1,19.143146958531197,0.5540480285762704,0
-43,3,72,1,1,50.71345908382768,0.16473672452049326,0
-72,11,193,3,1,44.207022439505806,0.9523420164210442,1
-52,10,211,1,0,47.504259027396344,0.49425208288565137,1
-72,7,62,3,1,34.99975654134427,0.48512521493605154,0
-51,5,168,3,1,40.11123473593755,0.020254980498601194,0
-46,3,266,5,0,31.28570131673393,0.18677061508484705,1
-72,5,257,5,1,61.210991811832415,0.17587562463130124,0
-47,9,269,3,0,72.87061994928735,0.8949649026809419,1
-82,6,112,3,0,65.01644761896155,0.6404349970507571,1
-62,7,252,5,1,67.76799360678834,0.557910009046306,0
-40,6,166,4,1,78.4462336463072,0.13825365798222256,0
-66,6,145,1,0,16.034955210619835,0.5207446656280564,1
-34,5,239,2,1,76.6745905132547,0.7441428047286792,1
-52,7,78,4,1,33.001836836525385,0.7181517140586953,0
-56,2,276,2,1,44.92787099274588,0.8729531016598737,1
-66,5,173,2,1,60.3912206124137,0.34754080552315925,0
-81,8,108,3,0,60.250887132475086,0.45254194036408135,1
-33,7,134,4,1,51.579656266228355,0.5120323489459365,1
-28,5,31,5,1,66.42112963089772,0.26936628064889123,1
-31,8,61,1,0,50.89851528511949,0.1215475772917668,1
-81,7,46,1,0,42.21424237235393,0.6502039137100202,1
-37,6,234,4,1,48.11226941107423,0.4542877893631443,1
-61,6,170,1,1,50.04718132509222,0.9288264927282507,1
-94,5,41,5,1,31.20680420503009,0.0540160463774354,0
-37,5,280,4,0,80.59058943339791,0.5741882967979983,1
-74,4,9,1,0,46.82876761835047,0.5100966088246619,1
-58,2,108,5,1,72.61110187627682,0.7827465004533528,0
-26,4,130,4,1,26.087516756323275,0.03681211854684807,1
-28,6,113,2,0,69.5085662028354,0.3125948013243539,1
-49,5,188,3,1,49.521000491340004,0.7238269471944546,0
-30,6,155,2,1,36.59161188796962,0.8681125590306984,1
-71,7,113,3,0,15.958298464978668,0.2733060313699228,1
-87,5,247,5,1,37.24879189081954,0.23289451071629008,0
-48,2,248,3,1,20.928829700008173,0.7162152100616747,0
-33,7,20,1,1,58.36584326148305,0.43291993010540497,1
-62,10,25,1,1,82.35809149142887,0.9018111023442673,1
-52,4,163,4,1,49.80365283488114,0.7897208366670241,0
-27,3,266,3,0,45.974474143273085,0.5655944747088144,1
-48,7,175,4,1,46.252858357960626,0.3181549839484943,0
-90,4,80,1,0,42.4028672170415,0.46086556554233415,1
-78,7,239,5,1,46.65094815683062,0.953160819570559,1
-47,9,290,4,0,38.03239661168683,0.7049044607316718,1
-91,5,232,3,1,58.10224327922956,0.8744802929169716,1
-70,5,192,3,1,23.504206898263263,0.9336468368703256,1
-49,3,43,2,1,40.45996665217805,0.5924944222023543,0
-28,4,212,1,1,44.4544353206758,0.7390066985181595,1
-57,5,146,1,1,59.37249848398691,0.618600978522163,0
-65,5,68,5,1,47.0892249073812,0.28753115578245003,0
-78,4,10,2,0,51.96689226850709,0.3279040223945088,1
-89,6,99,5,0,66.00576285872327,0.4985139710992962,1
-85,2,77,3,1,45.9689422779849,0.11399963238101385,0
-84,2,53,1,1,51.80411070187539,0.11825708641100008,0
-63,6,79,1,1,38.9508829730198,0.3561287563899509,0
-41,9,241,3,1,44.78654085712018,0.5931786064212349,0
-95,3,4,4,1,29.335174356232848,0.13917028290496036,0
-42,7,102,2,0,61.47593003482408,0.6107143577611726,1
-93,3,276,3,0,32.035994093504215,0.678351587682866,1
-78,5,290,2,1,65.82878442427304,0.30244475541209737,0
-73,9,44,5,1,45.58645926499131,0.009485832181967191,0
-39,6,44,2,1,44.16437556040209,0.8255854191528511,1
-59,6,271,3,1,52.32227328203894,0.40919400011627216,0
-92,7,88,1,1,64.17481961340158,0.33074970525594616,0
-54,6,276,5,1,56.5397024090902,0.8112414178991173,0
-63,4,34,1,1,46.91801717782491,0.3588798956206597,0
-36,8,23,1,1,45.80683403589319,0.15388502352367395,1
-83,6,59,1,1,51.268794191657335,0.7946711043644239,0
-43,2,217,1,1,51.41779974449859,0.6257915043249304,0
-56,1,15,2,0,44.40311164038003,0.6182876438851594,1
-68,5,132,4,0,31.687299790554615,0.33863091562730974,1
-71,5,46,4,1,57.23005585047664,0.1995222291014851,0
-69,11,236,3,1,38.23282168376968,0.8901440252287399,1
-31,10,162,3,1,44.879594538734,0.2920790363757122,1
-40,7,130,4,0,75.86099381941371,0.32986727439232544,1
-57,3,165,5,1,53.50481728657658,0.8087467999369665,0
-54,9,277,1,0,32.73264868666198,0.7589322439824051,1
-76,6,84,1,0,83.61407556680115,0.35310756351896266,1
-59,1,144,4,1,50.24747836044041,0.5329240482838364,0
-76,4,5,1,1,53.763859137959614,0.28121230901915995,0
-95,6,226,5,1,62.74593332933699,0.14373846962808923,0
-82,7,249,1,1,68.41693292096821,0.7767855998063793,0
-43,9,71,2,1,17.744807337487018,0.1711080762753262,0
-66,3,186,5,1,68.82704593541573,0.15399207774721413,0
-74,10,149,4,0,54.91147090511878,0.5871821439778713,1
-79,2,254,3,1,56.77495865777129,0.4805735932669499,0
-32,4,107,1,0,72.82859816917762,0.26493824843052716,1
-56,9,210,2,1,72.10415645756181,0.5995409135252644,0
-36,5,66,5,1,55.78023454272337,0.7277317487607163,1
-33,3,216,4,1,83.85345725133416,0.24819728998425739,1
-40,7,229,4,1,46.98428824006756,0.9891816797129466,1
-74,7,137,2,0,53.26667649924396,0.17164708346993385,1
-71,8,40,3,0,56.753626132494105,0.029004904147378996,1
-64,8,164,4,1,38.14855413224669,0.8488018806914207,0
-43,7,36,2,0,35.73529691899557,0.41608899187432624,1
-42,5,77,3,1,63.42923975757787,0.5111291775672459,0
-57,4,92,5,1,41.985963478564074,0.017553640114664204,0
-66,3,289,1,0,48.370257433394855,0.07362652258867008,1
-73,8,91,5,1,42.59864659774308,0.910575580639918,1
-46,6,31,5,1,36.14700518566009,0.2924665595579018,0
-69,6,249,4,0,51.15613843172375,0.4681194676772936,1
-51,7,204,4,1,36.68558092789165,0.24541940750878766,0
-41,5,290,5,1,56.13404457949373,0.8999971712799312,1
-47,8,9,2,1,32.75384587385305,0.4697772708813007,0
-52,5,218,5,1,59.49717645679436,0.607549115504838,0
-29,6,125,3,1,70.12739465891839,0.20300978105286405,1
-63,4,295,1,1,61.237537575568055,0.48009348476231795,0
-31,8,187,2,0,59.689116625035986,0.7398074879450754,1
-91,6,70,3,1,48.30109881674661,0.07864716778168879,0
-34,5,51,3,0,39.7922436356247,0.8626030192863845,1
-64,3,95,5,1,65.6313467388856,0.15766654238939526,0
-32,6,143,2,1,41.81777367795833,0.9808749084257251,1
-56,2,20,1,1,35.69091361309903,0.142949368115024,0
-35,6,76,1,1,71.5288452968925,0.7051450081146114,1
-46,5,166,1,1,48.95202963411167,0.8757547834636071,1
-90,6,10,5,1,57.568695955467604,0.2251964395633851,0
-89,3,154,2,0,39.06261981176418,0.6021525932079033,1
-75,12,262,5,1,25.479624504160462,0.20933403373957038,1
-79,4,194,1,0,53.51671953096809,0.3925487866569466,1
-75,5,267,3,1,41.84085545387588,0.4740073940033175,0
-39,5,186,1,1,36.86696174777618,0.22274200377905096,1
-67,2,140,5,1,69.06963653570371,0.411069840907474,0
-81,6,29,3,1,37.25454539254114,0.8581915190725529,1
-28,5,1,3,0,36.09375985790729,0.7928594805898554,1
-76,4,87,5,0,62.72924778168905,0.3736766012760776,1
-66,8,66,2,1,33.36305440358965,0.44965326539673733,0
-44,4,75,3,1,53.94314656440239,0.5546235252765983,0
-67,7,68,5,1,47.18014520893344,0.36431629054530157,0
-77,13,236,4,1,29.954001419049433,0.7690389559571431,1
-86,6,170,4,1,28.62459293397039,0.22245663468092003,0
-54,7,11,4,1,70.32393656644007,0.027705452440552114,0
-46,6,195,1,1,58.733268644193814,0.22193693558548133,0
-79,6,8,3,1,39.16960238929833,0.8298875429576353,0
-79,2,238,1,1,52.15561942901763,0.22780758667779344,0
-28,7,205,3,0,51.15508419976916,0.6653213910993047,1
-34,6,14,1,1,65.68984067499284,0.855209434631053,1
-57,5,8,4,0,50.34454253527924,0.09725471424322063,1
-34,2,97,3,1,49.91444894651819,0.6335922348600173,1
-33,7,136,1,0,62.21758510963788,0.01100250661271951,1
-90,4,248,5,0,21.58616938905864,0.45875571688165007,1
-70,6,159,1,0,27.55423351910934,0.34978730529734725,1
-91,3,183,2,1,48.1029182579976,0.25568322165714363,0
-93,8,56,1,0,43.95130096833384,0.509316770655502,1
-26,4,185,2,0,36.202789773747604,0.7183050501484035,1
-52,5,44,1,1,45.03542579889543,0.43689205156661537,0
-75,5,10,2,1,79.03804780709305,0.30954256656679124,0
-31,7,40,3,1,76.66961543526025,0.3816844681489804,1
-55,2,53,2,1,52.94647565606929,0.8119408682880436,0
-33,3,76,4,0,63.48654608499071,0.3669927964064611,1
-65,9,248,1,0,36.95264207480153,0.5431606949778763,1
-54,5,119,3,1,58.10020446427088,0.45915967682108794,0
-28,4,44,1,0,39.104132746591866,0.28397641776977944,1
-82,10,199,3,1,24.264199160975423,0.79073635486697,0
-85,3,257,5,1,43.454648528522966,0.803619873924147,0
-28,2,227,1,0,49.439836133990596,0.9600109723818319,1
-27,5,141,4,1,51.97521695981192,0.5736588078711621,1
-76,4,170,1,1,88.76613730575494,0.8681108091610847,1
-49,3,260,3,0,34.656322114618796,0.44547814906026684,1
-66,7,9,4,0,47.367589933175154,0.908429088542567,1
-78,11,23,4,1,40.92773959819892,0.5875373122640999,1
-44,3,62,2,1,54.43533183607682,0.1412861029183431,0
-75,7,182,3,0,13.178768372462294,0.3096481037131935,1
-50,8,288,5,1,43.35088614016326,0.752106954347004,0
-26,6,195,4,0,93.53347827381609,0.3204111452501396,1
-39,4,79,5,1,37.77098105575759,0.8507929006082513,1
-30,2,202,3,1,51.743509692280995,0.23792636937036638,1
-75,4,34,1,0,35.81942136865479,0.18733489726156283,1
-69,2,226,3,0,13.07071514369916,0.10933026401437762,1
-86,10,36,4,1,49.03999959442418,0.34744988767950735,0
-42,8,154,2,1,35.40604798155415,0.897588978151711,1
-27,2,127,3,1,42.61806391300535,0.18837253112655916,1
-72,5,267,1,1,47.325289410528306,0.5852982324571576,0
-66,6,61,5,0,41.64473316299397,0.8134967954915736,1
-87,2,17,4,1,38.21279146769023,0.8340622362256848,0
-30,3,283,4,1,60.48018835321342,0.7507407614386212,1
-83,6,55,1,1,46.61567836174504,0.7686379079466515,0
-94,4,41,1,1,50.52120642048574,0.5733967519962564,0
-94,4,271,2,1,66.52542065104788,0.7945053179307912,0
-29,10,252,5,0,34.32373455087199,0.7506259880187168,1
-47,5,204,4,1,43.37300429652587,0.35638420947345695,0
-63,5,214,2,1,42.00544360717526,0.6876646778838785,0
-95,6,164,4,1,39.75157756089705,0.749331219387286,0
-72,8,114,3,1,36.66200356180245,0.5244729849267288,0
-69,7,230,2,1,73.96391381410967,0.2775443071831254,0
-68,5,4,4,1,59.55126069857177,0.9260690940475677,1
-63,6,205,3,1,65.32368397002948,0.5531295350665788,0
-49,3,265,5,1,56.80779351289476,0.1800901643803079,0
-94,3,22,1,1,36.129476095974475,0.7064949369102318,0
-89,10,201,1,1,76.24589947242825,0.2045690297478503,0
-89,4,120,3,1,42.91024350342952,0.24423215925146524,0
-90,3,262,5,0,47.4217711686596,0.7812925068043827,1
-72,3,291,1,0,56.11020218472128,0.032184195041238484,1
-40,7,85,4,1,63.766611394779474,0.7303302527398884,0
-59,2,95,3,1,56.63763531277901,0.9598077646421398,1
-38,5,12,4,1,61.064794865848256,0.93359153664018,1
-48,6,72,5,1,71.6135538905896,0.3309487898615602,0
-42,5,174,3,1,56.04406311003799,0.8671273218826532,1
-60,12,283,1,0,35.81363556022508,0.23099566946271266,1
-44,4,79,5,0,44.24550714139711,0.38121797737635044,1
-58,10,189,4,0,31.57153835189918,0.7222625793157464,1
-68,2,251,2,0,65.45492707435645,0.7045814680944393,1
-57,6,161,5,0,85.03379556930717,0.9902938790959279,1
-93,2,262,1,1,57.21024949483812,0.6005344291109209,0
-59,7,228,1,1,34.188948589155636,0.5740429718866096,0
-38,5,102,4,1,41.231029676889975,0.9362372918492992,1
-72,6,194,4,1,55.11851437212637,0.4295729358070831,0
-60,9,174,4,1,35.26532190768731,0.9150310419561466,1
-90,6,50,4,1,68.99566054084292,0.6769143398760863,0
-62,2,178,2,1,36.19774006085138,0.9173033058854407,1
-74,5,189,2,1,29.767751123107477,0.678051000597823,0
-45,3,236,2,1,71.49300378632392,0.24207679765090395,0
-72,4,184,2,1,16.309211567612714,0.14985382711118111,0
-33,6,131,2,0,58.40241868545905,0.9775098784003189,1
-57,5,116,4,1,31.543483552588757,0.8877206216703891,1
-38,8,124,4,1,60.96256409706841,0.9244926672043724,1
-48,1,178,3,0,74.17192333654349,0.45536079260960594,1
-38,4,75,2,0,49.77540457159621,0.40563751146311644,1
-62,5,16,1,1,58.11276660616336,0.504810949457351,0
-49,5,274,4,0,43.72713316182314,0.9206836684880207,1
-86,4,3,1,0,42.17411825145065,0.10159633998974482,1
-46,6,113,1,1,68.56076501626407,0.798181016419093,0
-87,5,91,4,0,56.45442017623864,0.5960311119211107,1
-49,4,265,3,0,53.92358670716933,0.9052667923070484,1
-89,8,83,2,1,42.021763300672845,0.14990641064710464,0
-39,4,289,5,1,76.8384680776212,0.9333490645538972,1
-66,7,266,2,0,53.74022093964905,0.6697190912631278,1
-91,3,231,3,1,55.98653518750979,0.061500562684380644,0
-86,2,117,3,0,48.945114848203914,0.39621983652821846,1
-73,4,100,2,0,26.78578443628676,0.023915583195522228,1
-73,5,216,1,1,65.52567661442855,0.9535374541486289,1
-50,9,175,4,1,39.98071099223636,0.5324703310736508,0
-56,5,122,2,1,57.64107685340152,0.4148754642782849,0
-86,7,174,3,1,54.14587060497809,0.15023733400759653,0
-82,7,270,1,1,58.13780989126465,0.049824821025772015,0
-73,9,227,2,1,46.32301452208789,0.6195669001331076,0
-28,3,192,4,1,42.24630486795701,0.5401486175024778,1
-45,7,124,3,1,41.55573343946694,0.6764952654146081,0
-84,3,245,3,0,64.15069417274066,0.14712522847279264,1
-84,7,279,2,0,40.25038737133289,0.5206455683311298,1
-78,5,181,5,0,29.477307043410573,0.7903028544845938,1
-53,7,1,2,1,61.32220994845549,0.035366937326901104,0
-91,5,146,1,0,58.29339053816384,0.6722849852827879,1
-67,4,214,5,0,51.95105157599706,0.8964574246681601,1
-38,5,128,4,1,47.66051488883738,0.8335046151220793,1
-75,3,9,4,1,47.95920049356963,0.5014069063616703,0
-94,6,288,4,1,58.77359626352114,0.9449948133495502,1
-73,3,176,5,0,37.69539337672463,0.7087452435431661,1
-83,5,148,1,1,50.00910409308722,0.7991455428509213,0
-64,3,187,1,1,47.597664743157374,0.057369837265709545,0
-55,6,62,4,0,43.963547170514005,0.1283994705684416,1
-94,6,288,4,1,47.432828310989265,0.8252713662576692,0
-53,7,152,3,0,52.854958719036176,0.34160931455554155,1
-33,5,254,4,0,59.736156988402044,0.4561672509925455,1
-93,5,290,3,1,30.758898418806872,0.26438577279284325,0
-84,6,171,4,1,43.6973870351319,0.3416592397856413,0
-28,6,170,4,1,53.46571356645172,0.039791528019843314,1
-58,5,275,4,1,60.96250606421188,0.6177891466391557,0
-67,6,241,5,0,66.490914032416,0.9390854226408485,1
-47,5,278,5,0,53.5518716580586,0.13598179219160256,1
-89,10,197,4,1,65.90469892120414,0.8618784819255392,1
-78,6,233,5,1,25.985831407521324,0.9664281143836732,1
-52,5,288,1,0,24.476300895419573,0.41399278024003594,1
-55,5,37,4,1,46.3317669571924,0.19517431120484507,0
-72,6,267,4,1,54.60553837128851,0.2955147814275618,0
-39,6,24,3,0,47.10437883054053,0.672409154500659,1
-31,3,78,1,1,43.41401286942262,0.5687066633379012,1
-36,3,108,3,0,45.06437688394453,0.8390255634208217,1
-86,3,264,5,1,81.0382137895336,0.5435142740020277,1
-36,7,166,2,1,23.17287675532263,0.49856105362853065,1
-34,4,218,1,1,46.1181845415959,0.7701278535312445,1
-31,2,63,4,1,63.6965673087141,0.12067537686562568,1
-89,8,47,5,1,36.43393376269989,0.4273610848099437,0
-37,6,129,2,0,63.69101238038497,0.5768617807295041,1
-80,2,174,1,1,44.3561934884583,0.7806490818953241,0
-56,3,102,3,1,68.97523935683657,0.3747088631197302,0
-83,3,211,5,1,46.91138841450827,0.9252006555104212,1
-32,5,63,1,1,35.83174343892406,0.4856136418501764,1
-39,6,39,5,1,27.022041009599892,0.8116611583586144,1
-62,5,148,3,0,46.35280143958053,0.5666985066989552,1
-46,7,187,5,1,31.648889265558935,0.5047493333143838,0
-59,1,167,1,0,25.11320064980768,0.26986783110183243,1
-88,4,20,4,0,69.43456572127661,0.2757005743570934,1
-78,8,136,4,1,28.922465820124106,0.6776451668422738,0
-26,5,52,4,1,55.966192834213295,0.9313054109637185,1
-90,9,192,4,1,73.71422377842053,0.23422579555212564,0
-52,11,102,3,1,51.30992197487545,0.08071814760009066,1
-55,5,269,2,0,18.017839391911828,0.9258403041008626,1
-80,5,115,4,0,47.95942767724955,0.5482384293724556,1
-92,7,156,3,1,43.42542190947763,0.7945676624066961,0
-72,4,187,1,1,34.964511699884355,0.02848203108458458,0
-28,4,115,2,1,48.78571392312592,0.6654380221407402,1
-33,2,161,1,1,37.386293587535306,0.06466740852546993,1
-27,7,22,2,1,52.739230032294344,0.05918681344447274,1
-63,5,164,3,1,39.48488586515479,0.2430869695608,0
-63,3,162,2,1,63.812020476592494,0.19577601475221473,0
-63,2,8,3,0,54.009785570410216,0.5544236994506847,1
-91,6,178,4,1,73.86547009276372,0.7694525845896788,0
-84,6,168,4,0,61.81109967173556,0.5489133703170939,1
-27,6,232,4,1,90.31109811770091,0.8846302941035171,1
-37,5,78,1,1,47.777591710644906,0.9681698891136945,1
-65,5,265,2,0,53.23956286371847,0.0859762734862819,1
-39,5,116,2,1,48.603130890028844,0.006229589493032983,1
-69,5,207,5,1,64.4677278652502,0.8619795152065369,1
-65,7,38,1,1,52.58726693862545,0.4576545684017329,0
-93,8,290,4,1,48.16462005669275,0.7558751653694061,0
-52,6,202,4,0,53.09749273150143,0.3533664362547051,1
-58,4,171,3,0,64.22481464295926,0.9605763408775806,1
-47,2,292,3,0,42.713493133580265,0.5337872025726444,1
-49,6,175,1,1,44.22873800102942,0.46920170015686546,0
-40,2,28,5,1,56.29261371760268,0.7427266844334394,0
-95,3,85,4,1,30.871063329343112,0.6695263410092913,0
-80,5,32,5,1,65.23932053184485,0.04254604908301718,0
-38,2,8,5,1,47.6328646546422,0.4848881754196347,1
-88,4,7,1,1,76.24839926474885,0.7800463958063184,0
-88,7,77,1,0,31.92758624792965,0.2866537579749526,1
-81,9,296,1,0,17.80092998585401,0.06185694853723389,1
-86,4,165,3,1,60.41074570803877,0.6797282693858642,0
-64,5,93,3,1,21.17925643202594,0.03585168084904211,0
-49,6,68,4,1,46.65662027683245,0.05464803031431176,0
-81,4,184,4,1,39.463970533515415,0.05179345957169601,0
-69,1,234,4,1,46.2204595824309,0.6380764694399776,0
-91,2,177,4,0,42.47113278483248,0.4378803297095535,1
-48,1,244,5,1,73.81127943386684,0.5035066559152261,0
-48,10,285,5,0,53.620989241747054,0.17576154702525448,1
-86,3,239,2,0,69.2225857073984,0.8408810145703993,1
-63,2,184,3,0,75.52685549809938,0.38676515913481313,1
-35,3,223,2,1,66.15924423575154,0.002368681366878289,1
-68,7,3,5,1,27.446809314502588,0.2525204634976431,0
-60,8,60,4,1,43.9433192754627,0.6621438357907019,0
-61,4,7,5,1,34.99422280113693,0.004422880128408413,0
-78,4,6,5,1,58.44766737185859,0.552658983249712,0
-58,11,102,1,0,33.481593652743285,0.7945137594375292,1
-46,8,294,1,0,59.944941950116885,0.6200726249168966,1
-84,8,221,2,1,51.43359453970369,0.8466953084106019,0
-94,6,171,4,1,62.79297723004911,0.4437609710326962,0
-26,7,174,3,1,52.501915480925994,0.15972372233449017,1
-65,4,143,3,1,34.63418321031536,0.46628630125835846,0
-70,2,127,1,0,58.22545622840408,0.4328146912463048,1
-50,7,108,2,1,58.88591159497401,0.015758649443774586,0
-53,7,8,1,1,47.36062011006034,0.6270496907390825,0
-69,4,250,1,0,50.266106893870294,0.9739468964109678,1
-79,4,271,5,1,34.33867315355268,0.4255400644440168,0
-56,3,240,4,1,60.07025389423842,0.6865912137435939,0
-71,3,161,3,0,44.09808103839862,0.1488186385741206,1
-44,5,230,1,1,63.77521906009758,0.4961718321289851,0
-70,7,299,3,1,63.559196642409795,0.8944539478725136,1
-61,6,118,3,1,43.52619189243651,0.14616175141577403,0
-61,2,17,4,1,32.88815357612492,0.2771945376246626,0
-58,3,89,3,1,42.87711525223221,0.7923646093332579,0
-62,4,170,4,1,57.89612153381459,0.5094921355393239,0
-70,4,203,2,1,71.50366176457408,0.3403934542106961,0
-45,5,215,3,1,51.070199124256504,0.6113200094447989,0
-55,2,245,1,0,46.12535941450388,0.42372325480582074,1
-76,6,156,3,0,46.97158389412101,0.5706762510745119,1
-82,4,113,2,1,82.9240860826284,0.017476094495098904,1
-39,4,182,5,0,56.720725892354565,0.0038481689789920948,1
-50,5,28,3,1,39.89283208807741,0.6204872575462722,0
-65,5,11,4,0,28.23188096476534,0.2203425830963981,1
-69,6,243,4,1,54.504430646859525,0.9928249251970531,1
-84,6,146,3,0,59.97139819441433,0.9655972108107215,1
-64,6,297,2,0,67.72031551598664,0.38250983723786347,1
-76,3,5,3,0,30.997844807526185,0.8468076494384682,1
-28,6,119,5,1,72.58626766404052,0.6639040895615345,1
-83,5,18,5,1,38.39489799804248,0.6242437769717804,0
-32,3,28,5,1,40.76630301916267,0.8966354412730193,1
-83,7,147,3,1,58.85335505890586,0.4038328084784505,0
-27,6,16,3,0,37.93482277176056,0.9511881204033388,1
-76,8,250,2,1,60.76847217155906,0.13182887668605026,0
-87,6,209,5,0,50.46337924649141,0.39614547848886605,1
-29,2,204,4,0,77.39120741206007,0.20774156740244043,1
-54,4,184,3,0,59.53522810996942,0.4590880419747101,1
-67,5,207,3,1,43.46179170648079,0.942545110240463,1
-66,3,119,4,1,43.19484144012813,0.9047579379264286,1
-42,10,234,3,0,73.1833428445357,0.8916105774792555,1
-27,3,181,1,0,41.833428536673345,0.21494714326818343,1
-50,4,111,2,1,77.3780739358885,0.7719336342505554,0
-80,3,7,4,1,22.295212481274163,0.9321727912882728,1
-63,2,106,1,1,54.6095810473618,0.026391823927156444,0
-91,4,54,4,0,17.12957395669362,0.5705056722594224,1
-70,4,219,5,1,32.110136571392445,0.48443070042586944,0
-39,8,84,1,0,37.5937894025133,0.734140980481923,1
-57,5,154,4,0,33.75557269058331,0.07952337468951742,1
-43,6,53,4,1,39.84704752982924,0.22030582763584972,0
-75,8,215,3,1,48.644869390248594,0.005744029386878902,0
-54,6,108,4,1,49.21311033820382,0.9411831966308019,1
-95,6,153,2,1,38.134260291104745,0.6122121282105856,0
-84,11,142,5,1,50.73223610738893,0.8785152299682538,1
-47,9,1,2,1,48.39754785613264,0.9632808773622328,1
-71,6,190,3,1,39.92601350447738,0.10212903998565837,0
-71,9,180,2,1,25.631394148982135,0.3621030293577119,0
-87,5,60,3,0,39.035367775937274,0.9713409841239453,1
-39,3,92,4,1,56.221180070342484,0.39008463378815483,1
-40,7,86,3,1,64.68582237761846,0.31940905988572654,0
-27,5,211,5,0,56.58324889447024,0.023159954645914693,1
-35,9,31,3,1,59.87998069404577,0.8349007247218406,1
-57,3,176,4,1,70.07812345143385,0.4908888973863341,0
-48,3,127,4,1,29.866796839494356,0.41624110161539785,0
-46,7,216,5,1,27.298458219981764,0.583114949963563,0
-83,6,26,5,1,82.36277687393081,0.645892254699615,1
-71,9,13,2,0,58.67716512386011,0.07187553270326552,1
-41,10,77,4,0,60.65423803495291,0.9281481874991516,1
-92,4,220,4,0,47.88551541239648,0.9915077195232146,1
-60,9,173,4,1,55.424298486659,0.37553450662720156,0
-36,2,204,4,0,31.430300397462887,0.7917144468121172,1
-48,6,148,3,0,69.20460094754792,0.11375841881696758,1
-47,6,175,5,1,30.116851941879485,0.09775582141060235,0
-72,2,151,4,0,71.03535942041158,0.6025707364334455,1
-82,2,144,4,0,37.29478126861138,0.8911600621014537,1
-88,8,88,4,1,45.657905562677996,0.6304041066189053,0
-84,1,81,3,1,62.05634121927493,0.8509376974496573,1
-87,10,7,5,1,58.35307683366076,0.06314832877292609,0
-91,3,34,1,0,50.04888225015315,0.38361606720747177,1
-88,2,4,4,1,54.52482506614054,0.5693749129224843,0
-81,3,254,3,0,59.169925673888145,0.9822881178004311,1
-92,8,163,3,0,38.03015105292781,0.09031114378690908,1
-57,4,146,2,0,43.457954301448176,0.4240546523558085,1
-89,8,146,5,1,47.85366940961805,0.3945147242364384,0
-73,8,125,5,0,59.820684147976685,0.8530207397766707,1
-59,8,120,2,1,44.723652566431404,0.44514421619045474,0
-91,5,25,5,0,63.78089947611009,0.27633464761605564,1
-28,8,120,1,1,28.90903131630563,0.6047720008478574,1
-37,3,173,4,1,39.11013091692751,0.04680896250435218,1
-60,4,279,3,1,40.72768774470422,0.18105272993202226,0
-95,6,196,3,1,35.12192784969709,0.7255748079088624,0
-78,3,40,3,1,55.81457658967555,0.39354782476737915,0
-32,3,136,1,1,27.25315668872402,0.5600856716187977,1
-86,5,54,1,0,38.41985799553663,0.4166816186455833,1
-80,4,89,3,1,36.4372034533645,0.8768008055466047,1
-33,3,79,4,1,63.68872926816442,0.21831331050297464,1
-75,7,34,1,0,44.78336252225772,0.3334069816302302,1
-41,4,33,4,0,33.3532373193042,0.3874855173741255,1
-41,6,292,1,1,60.36809024576905,0.15327438772609459,0
-38,1,19,3,0,50.28171403013674,0.2988225482650553,1
-27,4,296,3,1,55.45882623173222,0.8699905955825626,1
-50,4,227,5,1,54.33806658988393,0.23243814140933128,0
-70,6,82,2,0,68.61951075716233,0.4593123054270144,1
-78,1,22,3,1,36.27701798744326,0.9785004452055736,1
-31,6,36,5,1,53.30918841412884,0.07546152665562011,1
-42,5,235,4,1,33.9683115134087,0.8070085418753884,0
-38,9,192,2,0,68.52527598638747,0.7862233311872433,1
-57,7,201,2,1,39.73390247134921,0.08403979141353457,0
-31,4,155,1,1,48.91909070098958,0.21834393545093234,1
-67,1,82,3,1,60.237151093065506,0.942670611473961,1
-27,5,45,5,1,69.05014757192315,0.6574231048788173,1
-94,8,215,3,1,51.09145981776408,0.8933923448327838,1
-61,7,43,5,0,71.13521392103,0.16300033516595158,1
-81,2,272,5,1,63.387769324348895,0.708075380184469,0
-64,4,50,3,1,48.060362308829866,0.9652229302656236,1
-58,4,27,3,1,58.22191086967858,0.76694915438093,0
-89,4,297,3,0,70.02083433712743,0.6882702502596171,1
-43,4,21,3,1,45.23303671288636,0.06011224410964611,0
-29,1,25,5,0,44.45812060468457,0.9174882359601738,1
-86,5,143,1,1,51.16726528522983,0.45604588754323605,0
-30,6,166,2,1,87.9811713065289,0.7244370199024174,1
-75,5,118,3,1,68.2850373268218,0.4213047250523082,0
-92,9,112,2,1,35.59304179977144,0.5413599921328387,0
-28,8,123,3,1,42.066889768124504,0.987928337630019,1
-42,4,54,1,1,41.27026806541155,0.38784361390970956,0
-36,4,209,1,0,52.194972550943014,0.35388803909390787,1
-62,4,36,5,1,64.19246611090365,0.34250000258429647,0
-52,4,125,5,0,41.891533690966,0.9044801251854179,1
-38,5,119,2,0,50.36543835159007,0.6499850600699132,1
-51,4,244,1,1,36.14732071390596,0.15162516209734989,0
-83,2,29,5,1,22.84292778316132,0.7013465366047503,0
-83,4,191,4,1,57.09555522378284,0.016183251508793517,0
-50,5,17,2,1,45.26746163479191,0.20708617427050546,0
-61,8,6,1,1,42.29749552155462,0.7784871206051936,0
-80,3,256,1,0,39.89702532824839,0.20130208182366238,1
-33,6,41,4,0,22.46797351541456,0.06406548706054649,1
-83,5,144,1,1,29.41010473708118,0.02653178906296627,0
-62,3,199,4,0,48.99922958460225,0.5293107758766705,1
-76,2,176,5,1,24.743711348383304,0.0438356248428029,0
-67,5,150,4,1,28.003254554355404,0.2392169716960454,0
-86,6,48,5,0,60.394867494607894,0.6357507101103117,1
-60,5,219,5,1,58.825027254356314,0.982031930730142,1
-39,1,114,5,1,73.1498765423301,0.024718889790322773,1
-26,7,287,4,1,36.8368386738494,0.9599972343016971,1
-36,5,70,2,0,36.72772724005891,0.3314831062939626,1
-58,3,247,1,1,47.96162882850331,0.6238274347883801,0
-37,6,184,3,1,46.46333217356888,0.9765805989995924,1
-70,5,86,3,1,73.23113582558935,0.7236652230155705,0
-88,5,263,3,1,53.73669467618383,0.5325873593211395,0
-53,5,1,3,0,63.59751382767742,0.985115316128962,1
-55,5,146,5,1,41.320695805582915,0.045996540085627924,0
-44,8,171,5,1,68.51833744046874,0.18908243419041249,0
-30,3,248,2,1,57.67955544012525,0.20655484522221934,1
-95,2,72,4,1,38.00870420661193,0.8441285299444791,0
-66,6,66,3,1,39.04207039736227,0.20537839213025555,0
-60,5,216,2,1,17.462090456658224,0.8269175699117004,0
-49,9,40,4,1,53.890735965762346,0.8746813542620431,1
-68,3,233,3,1,39.16784962964036,0.986035428155322,1
-95,5,111,3,1,52.62597842241664,0.27570295747659856,0
-36,0,21,3,1,63.1278807465324,0.8953004101629161,1
-34,5,177,1,1,56.69795485899781,0.1532509144661911,1
-47,3,244,4,1,38.69324619307639,0.6153868679799862,0
-46,7,85,5,0,45.19011318510569,0.9424978759335912,1
-28,5,256,5,0,26.785676664231058,0.4822740392108886,1
-36,5,75,2,1,38.918225302969724,0.9230108371392156,1
-85,5,267,2,1,43.13957325635858,0.21618586415283547,0
-81,6,179,2,1,41.504544227090534,0.5535105579502465,0
-79,3,237,4,0,43.37525667687281,0.7408322042201885,1
-95,3,174,4,0,53.50383289344515,0.1599931768296079,1
-36,6,159,2,1,19.913269104608347,0.8569464027118598,1
-50,6,159,2,1,62.86402603270073,0.15783362335922635,0
-51,9,8,1,0,44.25872332543848,0.7177178006362067,1
-48,2,124,5,1,55.659453702714835,0.7907250427342157,0
-61,4,191,4,0,25.32244071183138,0.16653555762405692,1
-42,5,249,4,1,47.16198766203986,0.9879563356508939,1
-26,3,78,1,0,33.25494578276388,0.40666740682830205,1
-91,5,246,2,1,59.651492773543815,0.5718124692772696,0
-74,7,4,5,0,27.828811836891305,0.9102257387737843,1
-87,6,221,4,1,47.068771296476086,0.02008542010359804,0
-27,7,124,3,1,70.5683580203038,0.7973469724791794,1
-89,4,80,1,0,60.1860957362463,0.7151776463063402,1
-86,7,49,2,0,58.72596350577156,0.3795603465444872,1
-70,8,61,1,0,39.91623127023383,0.08448984810316607,1
-28,6,117,3,1,43.29626543818768,0.6918337720376306,1
-93,4,290,5,1,16.350736238649183,0.9265264360232717,1
-44,6,291,5,1,31.651180299784947,0.3297737320905858,0
-64,4,159,3,1,40.079440534668265,0.33252736036080477,0
-93,2,39,2,0,51.031430336594745,0.7041230089179112,1
-28,9,220,5,1,37.30272359692436,0.35793249738032307,1
-64,13,248,1,1,71.02480525585518,0.7692976228704892,1
-51,7,202,5,1,37.71625493193588,0.3740075195716557,0
-41,4,174,2,1,42.000840112431206,0.878787911064596,1
-87,4,78,2,0,34.79433953005158,0.48135109360608996,1
-68,2,95,3,1,54.092056626663016,0.275561314975603,0
-55,4,196,2,1,56.23948317788617,0.42038729292732846,0
-95,6,237,3,0,42.97013944459087,0.6260852381800405,1
-79,6,33,5,1,49.98380425979032,0.9127246539249797,1
-35,5,169,1,1,71.33431514181746,0.4911719281582658,1
-69,7,162,4,1,56.77586601202079,0.7520133121156066,0
-27,6,37,3,1,48.07628701590234,0.5767355736169701,1
-84,4,238,4,1,73.11239020865257,0.4256593705285173,0
-78,3,259,2,1,58.50056339867422,0.8795365531804964,1
-58,5,240,3,1,53.35870262879605,0.6517822861238324,0
-27,7,48,5,1,21.36927445959726,0.5977095209012427,1
-75,4,267,1,1,55.919581195025515,0.02966501704776925,0
-54,4,81,1,1,54.6476617208083,0.05533002012225974,0
-39,5,269,4,0,26.20274049058266,0.7533437671114224,1
-69,2,287,3,0,43.53615347554112,0.9558319931728361,1
-73,3,3,3,1,62.249119885489854,0.4009247785889192,0
-59,5,138,4,1,48.98970649980504,0.93200705623994,1
-32,5,222,1,0,54.47009315288349,0.4175419222659431,1
-68,4,209,3,1,42.5640423358126,0.5176203026448206,0
-29,8,87,1,1,31.78852645606687,0.23712510534862075,1
-89,9,163,4,1,59.04716500546701,0.38464126305096047,0
-48,5,91,3,0,63.5418923873708,0.34297708834456153,1
-69,6,107,4,0,50.02635537224171,0.15822818272555672,1
-89,6,69,5,1,43.62587086987436,0.11297856546369689,0
-76,3,284,1,0,66.90351621670236,0.5273189366267524,1
-87,4,125,3,1,56.90091633472443,0.7446622682864331,0
-47,4,290,1,1,60.97208636849065,0.9509560219388579,1
-57,6,234,5,0,74.08276744734887,0.8882464350241486,1
-29,5,23,3,1,36.40773447539412,0.41288980429233324,1
-86,8,167,5,1,55.93348036366693,0.5386738826335218,0
-55,7,248,1,0,31.117340398862396,0.5725657220136128,1
-29,7,10,4,0,46.38580052851743,0.7195315622326075,1
-92,7,65,5,0,73.99817055264636,0.8052721445263809,1
-66,3,208,5,0,41.21746851930051,0.6738552145504159,1
-26,6,253,3,1,45.94061904170917,0.7608603820237229,1
-84,5,22,2,1,56.908355208062375,0.4934160032930367,0
-61,9,162,4,0,57.10640684651177,0.7958311588769322,1
-49,8,189,2,0,47.68499802882023,0.2959087475369221,1
-73,5,32,1,0,52.95924631393438,0.5084817399913826,1
-88,4,242,2,0,40.92126059010104,0.6150504339517536,1
-28,4,205,1,1,28.41086432692811,0.10359081046749563,1
-90,6,170,2,0,47.653128654810494,0.8097842342503301,1
-56,5,290,3,1,55.12017341717561,0.15426939879264678,0
-92,4,287,4,1,57.25967488338716,0.8058446444287037,0
-58,1,230,4,0,50.53549223420392,0.6029782285072152,1
-74,5,254,5,1,48.19521091640056,0.810359432994064,0
-27,9,61,5,1,56.28257663698918,0.894172384010704,1
-63,3,14,2,0,50.30828784567436,0.6217798595681352,1
-42,9,106,1,1,43.85414205018132,0.2497032916882016,0
-89,3,262,5,0,29.26985430884367,0.2506160764789479,1
-26,6,49,5,1,52.287751031760735,0.31288128195608167,1
-70,0,168,4,1,30.22704811092402,0.7166968537124132,0
-35,4,61,5,1,35.03130184998096,0.43655798893175213,1
-38,5,134,2,1,43.613943575810374,0.21018586868177902,1
-90,4,140,2,0,23.69798563551696,0.5776716156213341,1
-37,5,37,1,0,40.327657642168155,0.8347753708344685,1
-38,1,255,1,1,27.109709047804674,0.27375011122098725,1
-69,5,273,3,1,48.15900909817711,0.325781205895428,0
-44,5,113,2,0,53.13977487556375,0.9367983579387331,1
-63,4,87,3,0,46.99993211886837,0.9799982805151666,1
-87,4,48,3,1,33.15872682528838,0.7721130037055162,0
-64,8,292,3,1,47.79984061398843,0.7712635679564123,0
-60,5,283,5,1,55.3731484834747,0.5319109268015795,0
-81,10,56,2,1,49.73963980777451,0.10932600026100558,0
-68,2,17,4,0,48.3981502946051,0.9729129872750442,1
-49,6,112,2,0,64.29442543295313,0.7330227873289754,1
-90,5,181,1,1,56.32297494133196,0.5734784390957953,0
-67,5,226,1,1,46.89250924525808,0.5347212153511435,0
-90,3,266,3,1,69.5481461769566,0.9741376848332948,1
-64,9,154,4,1,54.278453378892756,0.8224091289789138,0
-36,4,263,1,0,26.45115868438216,0.8875792715895418,1
-40,6,82,5,1,65.99202947878406,0.2492634208201563,0
-79,2,57,2,1,43.03152871168095,0.5107055601885688,0
-81,5,212,3,1,56.319643169263855,0.942413860234436,1
-92,5,209,2,0,50.79305584707109,0.08892178551541996,1
-59,5,141,4,0,47.17874969142844,0.8174846469636186,1
-68,6,70,1,1,58.80231534735532,0.2801124494756476,0
-62,7,181,2,1,43.421917853748866,0.543742042658212,0
-55,7,183,4,1,52.37897737410364,0.5800493786282647,0
-67,5,267,3,1,69.8853990080499,0.08033945528499142,0
-66,2,181,4,0,29.33229294017683,0.34680644390334325,1
-35,3,105,4,1,47.33942525612375,0.27060869589340475,1
-69,7,191,1,1,59.25857530273216,0.5835942827375796,0
-29,3,84,5,0,34.95930429319427,0.6599046069109163,1
-49,9,26,4,1,47.23396953123843,0.6081624675032732,0
-78,7,33,2,1,48.66474681874939,0.36662212419784235,0
-50,5,249,5,1,58.548550780191164,0.8982029870333109,1
-27,3,215,4,1,57.30640681473049,0.07426938800867366,1
-85,3,74,1,1,27.529061720704718,0.2871792702273781,0
-84,4,215,3,1,79.72097781819292,0.06408692811400174,0
-62,5,140,4,0,53.835891819926275,0.956648214607967,1
-33,3,85,2,1,55.630455086711535,0.24294949650563546,1
-46,2,183,5,0,41.570103266954504,0.03321474317432105,1
-38,5,70,2,1,49.62301964314877,0.5238987353622042,1
-90,2,109,2,0,60.93576298350841,0.6758379806163626,1
-36,5,25,4,1,61.58906995629625,0.3493542208616237,1
-86,4,289,5,1,56.50598587349486,0.8476734427531464,0
-45,5,177,4,1,52.164955130353015,0.21975993941084937,0
-56,7,73,5,1,34.888415463518676,0.9588629885406661,1
-30,1,155,5,1,58.024505020491056,0.9735464236699043,1
-56,8,201,4,0,37.91472627633955,0.45710807876772486,1
-43,5,52,5,0,45.086452344930336,0.3499555527157847,1
-59,2,239,4,0,81.3307989907055,0.22688035830860442,1
-84,4,207,1,1,74.58908987766327,0.0337572385055146,0
-82,4,208,2,1,35.2498034458644,0.456934391555918,0
-64,1,204,2,0,70.39413308729175,0.3635488290335862,1
-38,6,255,1,1,54.28989252906812,0.9622525624261826,1
-93,8,215,3,1,48.025249909919125,0.5008757531069488,0
-80,3,43,5,1,3.481012707815765,0.22169743869524283,0
-83,9,76,5,1,59.05292940855654,0.5609545491474197,0
-63,8,26,3,1,39.29460824264501,0.2948601122300505,0
-73,6,152,5,0,31.570819728926256,0.0997814443130548,1
-48,5,14,5,0,33.47711545004093,0.35217469768020415,1
-82,6,281,3,1,38.98981173676933,0.7419994590247855,0
-59,2,111,4,0,48.56627669860339,0.8695241272182174,1
-36,3,284,1,0,48.51065601357818,0.46263319458481666,1
-35,7,253,3,1,68.08712432950936,0.2699359438599165,1
-94,5,269,2,0,41.4324324772787,0.11206631387283783,1
-33,4,252,2,1,41.663620369629314,0.3279243618098625,1
-76,5,226,3,1,54.59814449183519,0.8896929043365912,1
-69,3,210,5,1,55.3485522942082,0.46928446066754503,0
-46,6,24,1,1,33.08651442343869,0.17149795742590523,0
-88,3,152,3,1,42.673759338695085,0.016529626663735253,0
-85,2,215,1,1,42.3065359460086,0.9537421715107394,1
-87,1,128,1,1,41.776775513256666,0.9277971225654378,1
-81,3,244,5,1,51.848810841515,0.6943956043154907,0
-94,2,106,2,1,65.43884274877195,0.5657043238703985,0
-84,4,55,5,0,41.767945960261066,0.2313544985575351,1
-94,4,82,1,1,44.41529354155476,0.7485837029435528,0
-44,6,62,2,1,43.36364105154056,0.7924329311589099,0
-82,5,38,4,1,35.543440429186674,0.8918367756599601,1
-89,2,130,3,1,63.38865930847008,0.8196761212145056,0
-43,6,38,4,0,56.53413499715541,0.30403140923186944,1
-37,7,143,2,1,60.861438083117875,0.983443862958276,1
-50,4,21,5,1,73.92202715764311,0.9861129725210813,1
-52,2,69,3,1,62.85463753515563,0.7782989874449472,0
-76,6,70,4,0,69.69170846189768,0.2425728906224428,1
-57,6,277,2,0,44.75188545398064,0.8743850858244978,1
-64,3,209,2,0,28.20713734916341,0.9419006415797082,1
-56,8,82,1,0,64.95779154770054,0.7458068145935642,1
-69,6,29,3,1,49.550297685687866,0.482604330997912,0
-75,10,264,5,0,57.06547412432593,0.15391046262641495,1
-87,4,98,3,1,63.797308094344714,0.1508993482790656,0
-79,9,253,2,0,46.36300461067155,0.7566233660381635,1
-52,1,43,5,1,52.891358241231075,0.6410493938462001,0
-42,2,189,4,1,45.89178562325495,0.005463040073835135,0
-72,3,63,2,0,20.830870555976723,0.9380948973479603,1
-37,7,9,4,0,32.13593028135562,0.7917735989524041,1
-33,2,44,3,0,61.9272795738582,0.012671662060397604,1
-31,3,168,2,1,57.54325721244665,0.30603190598047547,1
-78,6,227,2,0,45.31196097239909,0.29503592580326565,1
-81,4,131,3,1,32.77976594198928,0.9802770868438884,1
-57,9,239,1,1,50.063449351820125,0.13996770110241896,0
-63,4,268,3,0,67.55030037034766,0.8567042991341055,1
-57,3,210,3,1,79.73301764689978,0.19133616444029178,0
-50,4,151,5,0,67.48386702755066,0.6900773614640772,1
-69,0,271,4,1,46.38853142949814,0.01702150578804329,0
-62,6,132,5,1,53.32080014275534,0.44355655645741787,0
-88,2,236,1,1,58.9891838193663,0.8693920937448415,1
-53,6,190,5,1,50.71079473616829,0.5973151665372184,0
-53,3,30,2,0,63.24852274363448,0.43577917850949976,1
-61,2,72,5,1,56.10840517812353,0.7100838754923021,0
-72,9,282,2,1,55.57968072942016,0.6478574653904208,0
-38,3,110,5,1,48.58660588547757,0.8032752539222775,1
-50,5,145,5,1,51.63758721094968,0.7150556047499854,0
-39,5,62,4,0,65.12004159974029,0.9873801952329582,1
-47,8,115,5,0,45.075163176027544,0.44877683462886875,1
-38,5,210,2,1,51.14066717065077,0.9294828676972492,1
-64,2,55,4,1,37.705944989258555,0.5078111218934571,0
-86,2,226,5,0,64.22465270939983,0.5221566681055415,1
-60,7,65,5,1,51.01859610271056,0.9798793279896297,1
-80,6,25,3,1,47.75856592206539,0.10091449762482507,0
-65,3,140,2,0,44.07209336851226,0.7256673997638525,1
-42,7,84,1,0,52.580417276047626,0.7575764617324654,1
-89,3,246,2,1,50.19207111764821,0.3488921701746882,0
-31,6,2,3,0,45.256161597108395,0.20106738224669385,1
-39,4,4,5,1,66.92837063054417,0.7808304606869132,1
-41,10,270,5,1,76.61967120143625,0.19843275051825437,0
-62,5,135,5,0,54.89478945497972,0.6134524689136565,1
-36,9,13,4,1,57.994293845204886,0.1432936571731992,1
-28,3,182,1,0,62.40121854140855,0.8506044972502815,1
-40,5,206,3,0,38.677393205086474,0.662935432702302,1
-59,3,34,3,0,36.592299391341285,0.9829641553365225,1
-50,4,66,2,1,34.478220769945544,0.8952879696865317,1
-50,10,252,1,1,32.44887573720983,0.7475565370416795,0
-40,4,72,5,1,63.5078866799556,0.4523062421939913,0
-33,6,87,2,0,36.628094647077184,0.6479189560966099,1
-59,7,173,3,1,48.16595597260946,0.719655593927476,0
-77,4,33,3,1,55.458451426144165,0.8917432878984877,1
-64,4,208,5,1,12.542145417328953,0.5329572503720273,0
-54,2,242,3,1,71.55763334576883,0.15089889016586577,0
-51,4,185,2,1,41.138565451737485,0.9601264592510135,1
-38,4,207,3,1,47.99481057062538,0.5787965332395001,1
-77,0,244,2,0,44.04308505214226,0.4506740670343501,1
-27,8,227,3,1,32.733114994376436,0.9141013931716689,1
-74,4,163,1,1,42.239724336031244,0.40229157166774865,0
-75,4,102,1,1,42.19194308463781,0.5893106100862058,0
-38,6,284,4,1,62.97550769281477,0.5983829424329827,1
-58,6,132,5,0,35.66272022884268,0.10532027120720244,1
-39,6,132,3,0,30.43964859585801,0.5758655190897249,1
-75,6,239,5,0,68.49145507357665,0.05176062358227196,1
-72,3,109,3,1,46.267082764043174,0.9973064549380448,1
-92,6,104,5,1,61.42570011065779,0.9322204527597137,1
-29,4,249,3,1,17.608621448138642,0.9260759901190078,1
-57,4,45,1,1,62.002925324638625,0.6303341114673255,0
-36,3,87,2,1,57.7685593142421,0.05054054425600485,1
-71,4,260,2,0,26.60121448890974,0.49143248834866615,1
-48,5,144,4,1,58.15693513232197,0.6086602442759874,0
-30,5,38,1,1,47.646538781723955,0.381478214228946,1
-63,7,120,1,1,22.4978622045126,0.3662348340727958,0
-92,5,211,4,1,38.08092949317956,0.956013410113606,1
-71,1,161,4,1,50.67611392052858,0.14411932768668378,0
-64,7,10,3,1,28.880894088466427,0.46100383109369436,0
-42,5,267,4,0,36.749486492594805,0.13880850841622128,1
-41,1,18,3,1,63.77390166732881,0.09735927306526171,0
-64,2,269,5,0,23.85983397362626,0.8275755450803535,1
-39,6,87,4,1,55.150113619506406,0.8847917595381882,1
-53,6,217,2,1,44.126180370800704,0.17303248141367122,0
-91,3,80,1,0,29.95295796846335,0.26337894645351156,1
-48,4,196,2,0,48.132728644725134,0.9054182182123589,1
-40,8,18,3,1,53.462995827586596,0.2651511425778583,0
-60,7,298,5,1,53.77344254141238,0.18698895859051035,0
-57,5,142,4,1,41.67858201970472,0.1465930174755944,0
-73,2,112,4,0,42.592325232205944,0.13058181008067127,1
-27,2,219,5,1,52.411594511076196,0.3661462263358727,1
-61,5,299,1,0,51.58699981843718,0.3583154765847868,1
-31,4,251,3,1,45.931173978367774,0.846057197818085,1
-82,3,178,1,1,46.386882030883726,0.47784443866785464,0
-72,5,218,3,1,17.602263115080923,0.16249476393181506,0
-31,8,211,5,1,55.07074793151844,0.3791911968555539,1
-93,2,69,1,0,45.999495282175594,0.16974205907446316,1
-41,4,84,3,1,48.602933399539005,0.736775171012925,0
-64,6,290,1,1,61.89075165194949,0.7833422015355992,0
-90,3,14,2,0,37.19379631663982,0.7644776859252039,1
-84,2,122,5,1,51.60438218147746,0.9053409204752776,1
-84,6,220,3,0,58.88381755004865,0.006162872564243749,1
-95,5,84,1,1,64.93557878187666,0.1382302107562423,0
-82,5,47,5,1,52.36464790067622,0.983243501944166,1
-38,4,185,4,0,59.07805414449393,0.9254031604231225,1
-63,6,250,2,0,62.03927298959789,0.286782061576523,1
-29,8,57,5,0,28.762152188853673,0.7339277693032175,1
-85,3,169,2,1,49.69989127191396,0.1457196677079906,0
-43,6,17,4,1,55.783984779310984,0.2487297670673908,0
-85,6,22,2,0,17.748004864123942,0.2680218072669399,1
-77,2,188,5,1,66.32242621237286,0.7955843186417894,0
-85,8,174,5,0,54.997708398511335,0.7632975622257814,1
-43,7,251,2,0,44.33685253012005,0.12302847096746594,1
-84,4,102,4,0,28.612191514034695,0.6267466382447924,1
-53,2,194,3,1,42.51323275120305,0.5154245526554732,0
-62,6,146,1,0,59.086420824611224,0.8974329248865849,1
-77,0,259,4,1,43.93652222948139,0.21091184921988848,0
-26,10,284,4,1,64.18074568213504,0.6774516961887621,1
-72,5,16,4,0,42.918291019889516,0.6794252481510209,1
-51,3,190,2,1,73.42454383722925,0.17148856757444952,0
-72,5,161,4,1,34.198714959340464,0.6431832734562187,0
-84,4,164,3,1,19.362381931009303,0.03468819320994687,0
-78,7,80,2,0,50.552134132183646,0.22277106489159937,1
-57,4,210,3,1,44.58595635801779,0.47986523643023404,0
-41,8,245,1,0,46.378823632401215,0.2266823402243432,1
-64,8,276,1,1,35.26270479548166,0.2762874789901858,0
-43,4,186,1,1,82.30703878738353,0.340182079016626,1
-89,5,137,4,1,58.29956916816017,0.24490101452266555,0
-80,2,195,3,0,50.27161525412323,0.6021217065823486,1
-70,8,79,4,1,56.977668110290345,0.8685605769620667,1
-71,3,24,1,0,72.3216474681567,0.0107396410098064,1
-76,4,102,1,1,65.16493099988571,0.6084935415947705,0
-56,2,41,4,0,52.45229741677835,0.2863920756608781,1
-26,3,228,5,1,38.96084129331576,0.6021295969056734,1
-89,4,297,1,0,35.67375645656249,0.301148172890336,1
-86,7,272,1,1,61.46052503788992,0.38795993197512824,0
-51,5,85,5,1,60.401058701420894,0.5548806210232088,0
-29,3,96,3,1,51.73375850652784,0.587339826365713,1
-77,3,241,2,0,45.49293698695672,0.2805590761610751,1
-26,2,59,2,1,69.08415715895602,0.54918911070529,1
-86,4,99,1,0,65.42556273268445,0.7234558912541916,1
-72,4,71,3,1,57.081944121887695,0.5891072466377764,0
-37,5,291,5,0,71.9336402595227,0.05477577893789232,1
-69,6,155,5,1,52.31705446112864,0.14340036889285457,0
-83,3,238,2,0,60.319297370911315,0.004579077794087949,1
-95,8,277,1,0,59.08983146110243,0.5547310115311399,1
-94,4,150,2,0,36.12717231946533,0.682325660387934,1
-52,2,80,4,1,59.306970414419006,0.0845919643669083,0
-83,10,178,5,1,71.55616697851084,0.2254981536644617,0
-74,3,200,5,1,66.24292963352119,0.18358667490668512,0
-52,2,237,4,1,59.79825486461321,0.16254373361777774,0
-44,5,271,3,1,38.793758352244154,0.17772721897759347,0
-86,6,83,2,1,69.62918329285917,0.07593955031574462,0
-36,3,230,4,1,48.65330018206018,0.23451061040620524,1
-48,3,23,1,1,57.58186911888485,0.6668312948134136,0
-93,4,10,5,1,58.72772701826722,0.934071544637346,1
-40,2,196,3,1,42.7914614551641,0.45182635499890833,0
-73,2,132,2,1,51.433304416588626,0.3340073004050189,0
-88,3,293,5,0,64.1431468040002,0.8265673832123445,1
-72,4,11,3,1,60.128844439109876,0.6624331156685761,0
-66,8,68,1,0,29.222012656288666,0.6792112426419848,1
-79,2,22,5,1,48.540069423105834,0.7319386082808904,0
-67,4,87,5,1,51.88158177560502,0.9646597868567555,1
-26,5,150,4,1,60.86089295162459,0.7531563238840016,1
-37,4,139,3,1,64.13877254331328,0.34002866116436903,1
-34,6,254,3,1,57.919286432507064,0.9212377730783632,1
-36,5,156,3,1,49.22410184773141,0.8013790817470567,1
-48,7,178,2,1,47.66517035571533,0.24153390006391584,0
-59,7,244,4,1,50.91210372498086,0.29216824667785124,0
-70,1,151,2,0,62.73232199768819,0.70863705423782,1
-90,3,113,3,1,72.10537162915335,0.5561214127347948,0
-61,8,69,4,1,57.08582298585555,0.8998354669934613,1
-35,4,294,4,1,73.44575971471583,0.2548337505384728,1
-78,5,120,2,0,32.88685854100834,0.6988327184595013,1
-78,6,133,3,1,43.73363476642645,0.9506566505585914,1
-60,5,275,3,1,54.53628007457622,0.8545199629314616,1
-78,6,201,3,0,19.778347139606865,0.9398558518841781,1
-41,5,78,4,1,39.208248107771226,0.9004991851359505,1
-86,5,218,4,1,55.30876611042269,0.002218328477917586,0
-67,7,292,5,1,44.12644260289859,0.6082704500076918,0
-88,5,223,5,0,47.29346850207355,0.7015632106065521,1
-85,7,240,5,0,72.19671126809865,0.25745505021121096,1
-82,6,34,1,1,59.139278600921045,0.21260451724403862,0
-61,6,193,3,1,75.28928243734337,0.598147327690719,0
-50,4,159,2,0,45.602062592260516,0.5863731297875576,1
-46,4,63,2,1,55.132114621805684,0.4670698660364194,0
-89,5,207,5,1,38.993361075193526,0.8376652549634817,0
-32,8,191,4,1,42.089205110317074,0.6478996922071788,1
-54,5,99,3,1,43.21202601766508,0.3386846605302344,0
-47,8,202,3,1,43.34343238678209,0.7031382032423554,0
-46,6,225,4,0,48.09265155099696,0.45700275352117914,1
-93,6,189,3,1,56.457917231042316,0.8793053078847756,1
-74,8,276,5,1,40.051389735302024,0.08956968082500916,0
-94,3,33,1,1,46.51544536139739,0.7080881752309965,0
-75,3,27,4,0,37.49573195389684,0.018321329643653517,1
-67,4,77,1,1,41.73095473651106,0.8035098476189078,0
-87,3,131,2,0,49.71241110540645,0.10580272289471992,1
-35,4,292,5,0,63.95708871242124,0.026948409886700997,1
-82,4,273,1,1,35.693043244562084,0.129876580802339,0
-84,4,81,3,0,65.01506688365231,0.9123949841569332,1
-62,4,107,5,1,69.28431359863546,0.34346308493285327,0
-64,1,41,2,1,64.32827172160603,0.877159157620686,1
-43,9,182,3,0,58.78238344933539,0.7818079762137579,1
-30,3,280,4,1,38.36629747863465,0.8829517579338072,1
-43,3,120,4,0,45.36587280098333,0.4355413669987871,1
-70,5,275,2,1,46.35015127652846,0.11322982075041232,0
-58,8,222,5,1,63.53481434558799,0.11610425775606736,0
-90,4,81,1,0,45.42418648561278,0.8791892607217802,1
-69,3,107,2,1,34.21408353341472,0.9928118683579339,1
-28,7,1,2,1,55.430557672961704,0.4386154523425374,1
-83,12,284,5,0,31.09169280995222,0.7472147039542422,1
-45,5,3,5,1,34.96779702361839,0.4798378987218055,0
-88,1,234,4,1,36.149384132206784,0.03141536069081363,0
-76,0,27,2,1,39.49656826514101,0.5087815959149403,0
-64,1,265,1,1,43.04953763251439,0.020472905939693753,0
-74,5,59,2,1,57.19520683675814,0.5712206858731206,0
-41,4,290,5,1,45.50692459953285,0.06469320379844001,0
-80,3,68,5,1,59.23352869897145,0.2679301886261608,0
-52,6,253,3,1,66.74316871198002,0.788075679284169,0
-68,6,141,3,1,76.25460791501693,0.9217970063539719,1
-62,4,18,5,1,49.931291201266085,0.04539400139620675,0
-65,3,16,5,0,44.624029744527704,0.25840072937680525,1
-70,5,257,4,1,56.79045762898884,0.1336646463618394,0
-45,6,127,5,1,42.477378382559124,0.6474081663475387,0
-50,7,32,5,1,44.7438971141571,0.06916395364742944,0
-49,4,36,4,1,45.44650571585173,0.017479266958108974,0
-95,9,21,1,0,71.39784866071841,0.22229907397243642,1
-78,4,265,5,1,32.92999209058383,0.48741956242882123,0
-90,4,72,5,1,56.14496529360462,0.4245032701121223,0
-74,3,90,4,0,51.61228116272528,0.44164094701941736,1
-40,5,283,5,0,58.0620079529666,0.24396788285687032,1
-29,7,13,2,1,55.41314330908261,0.4193207475286359,1
-88,9,125,3,1,53.196729939115386,0.27312160332017,0
-57,7,211,1,0,51.00570926488629,0.20411275873482182,1
-33,2,207,3,0,57.42704992479374,0.3625826065769935,1
-82,2,225,4,1,32.99755748345282,0.4668194761879474,0
-26,8,102,5,1,70.94570312070134,0.6792394238563176,1
-81,5,95,5,0,40.35398599464047,0.1336092854996943,1
-69,4,109,3,0,51.52243205211522,0.3142181024881693,1
-48,3,260,3,1,60.61647346703874,0.1718415692864288,0
-64,4,244,5,1,53.7678187132354,0.8461340193056528,0
-38,1,91,1,1,47.24755774495501,0.3774968697701101,1
-33,10,44,4,1,58.22046088259377,0.6577170889660052,1
-66,2,134,4,0,43.74729522168375,0.09922019440997942,1
-48,5,87,1,0,57.96069305420197,0.3963800747561633,1
-27,8,105,4,1,44.148359337275316,0.013881588056759098,1
-74,5,123,5,1,52.423223756413414,0.47506417130616907,0
-84,4,228,5,1,22.39212709435659,0.44992285743179394,0
-71,7,143,3,1,50.134571830998574,0.7992210993490342,0
-74,7,91,5,1,69.64963676746737,0.19012150576043874,0
-53,5,44,4,0,46.92713634146333,0.7968519102449283,1
-35,6,71,3,0,52.23413458868046,0.09943163599260796,1
-55,6,284,4,0,74.88463244237363,0.7741475406930338,1
-77,5,43,4,1,83.33842392933289,0.04333429752522644,1
-86,7,65,4,1,56.22932039349106,0.8671457260520983,1
-49,8,14,4,1,50.86706366996125,0.7689992163654986,0
-41,5,132,4,0,50.09865410296651,0.08659931645966146,1
-57,8,140,5,0,66.97618887488034,0.4936410600448662,1
-30,4,35,2,0,59.7851358735237,0.5925606616525728,1
-89,6,214,2,1,33.496685248589316,0.7127305060608549,0
-55,6,297,1,1,48.27806874498468,0.20672452191172785,0
-48,3,262,5,1,46.44764160236137,0.07894830609566017,0
-49,5,259,1,1,80.07781265928244,0.803713614214808,1
-60,11,100,1,1,32.621087193279784,0.4844429062694232,1
-28,6,155,2,1,49.98300084884508,0.06541628007674483,1
-86,2,114,5,1,67.66639730616549,0.5270797179459223,0
-85,5,22,3,1,46.79110681159052,0.33904743933073733,0
-52,6,169,3,1,33.89964105935516,0.252269766558574,0
-78,7,147,5,1,61.124363218808995,0.7356944045519915,0
-43,5,62,3,0,36.64459756876522,0.4261027220517757,1
-82,13,292,3,1,55.17388182111815,0.40100923657258836,1
-91,3,122,3,0,44.58170069680817,0.7003358397810202,1
-76,3,91,5,1,52.1043294680673,0.1873094648944007,0
-62,5,41,1,0,33.6293014565138,0.711529904332265,1
-33,6,257,5,0,50.258291908138446,0.2063132032776852,1
-45,2,82,5,1,56.21963183573426,0.21212171804994595,0
-56,3,21,2,1,51.17319325073486,0.6791008664245517,0
-88,6,272,3,1,33.45383046287154,0.04134656140111703,0
-40,5,3,5,0,72.86293245616082,0.4568802653071852,1
-43,5,74,3,1,56.12024378461095,0.13215112099318393,0
-70,4,50,1,1,45.30688599573113,0.5311369989310317,0
-43,4,284,4,1,24.74008939159358,0.17160573698858494,0
-72,6,143,3,0,61.772269445249364,0.17045481766209747,1
-82,2,198,5,1,58.17635299661782,0.5554055663202384,0
-28,8,247,4,0,56.57096708474471,0.4867912287837298,1
-47,4,143,3,0,57.15764841003248,0.7179113808190809,1
-44,3,1,4,1,67.59155552627792,0.9726142295551357,1
-42,5,201,2,1,67.16610094891776,0.5610655433855081,0
-39,2,42,3,0,45.823618888608706,0.7548940977306444,1
-32,6,189,2,1,24.179399638539763,0.33257636000920476,1
-64,4,51,4,1,46.37310586746065,0.6315681565771711,0
-56,5,45,5,1,59.91813684366604,0.137784667925564,0
-88,6,112,4,1,89.09447197953001,0.83662085770765,1
-60,4,58,4,1,54.249509686212484,0.7144787227352875,0
-73,4,198,3,1,65.3990746549344,0.4006758270278812,0
-89,4,164,2,1,45.322946916181344,0.32692107719733776,0
-35,4,276,2,1,16.854936813287296,0.29442150460103833,1
-88,8,241,4,1,33.57304581202612,0.5158609792994713,0
-52,7,45,4,1,14.095607356782011,0.875213560531612,1
-40,4,87,2,1,54.29812767281746,0.7142301158253807,0
-64,6,201,4,0,37.73884098868095,0.6606186958409034,1
-70,4,21,5,1,47.187265013013736,0.284119261252581,0
-94,4,249,5,1,45.13086907908999,0.9640025150113763,1
-27,6,35,5,1,54.388911365685125,0.8732008149487753,1
-66,9,86,4,1,41.73000443979985,0.3114031986229594,0
-93,11,116,5,1,47.74148302286841,0.25202838288283447,1
-41,2,214,2,1,42.02401561369748,0.11253991171358801,0
-56,12,102,1,0,46.72132455464201,0.22681530728380273,1
-48,7,284,4,1,28.812955243893935,0.00010091595058348002,0
-63,8,21,3,0,30.893636986771085,0.567919010729855,1
-79,9,127,1,1,59.91308992883928,0.1008605124502503,0
-91,2,44,2,1,54.52212694810733,0.9119752416406636,1
-28,5,217,4,0,44.0134220735832,0.7647718045637097,1
-92,4,251,2,1,7.751054839625141,0.33510993946381074,0
-51,4,203,2,1,39.488589861750555,0.32944717762521025,0
-28,0,114,2,1,46.828354478353425,0.020512002563352727,1
-35,10,68,2,1,49.216783614610975,0.32722497535376227,1
-26,2,58,3,1,60.181789852255434,0.7813790948361654,1
-52,6,280,5,1,70.05553771192713,0.41281879617422235,0
-63,5,111,3,1,51.880525681463695,0.7661175464356877,0
-43,11,125,3,1,44.10126209031172,0.4281445033686576,1
-70,5,47,5,0,39.60513821015553,0.8675603514327093,1
-94,2,191,3,1,48.99595026303626,0.8030098844223043,0
-30,4,236,3,1,35.678797255858385,0.9567071793537373,1
-31,2,298,5,1,61.319267955292204,0.9139192792985417,1
-85,1,66,5,0,45.7769543650032,0.7755881253555961,1
-49,4,154,1,0,47.03577435062065,0.7443031905404871,1
-36,5,140,3,0,49.14531196826014,0.6010858037623569,1
-71,8,298,2,0,56.33130775751174,0.5257396443095942,1
-39,5,159,5,1,49.13312179226452,0.17975196970907892,1
-83,2,2,1,1,76.42928916398904,0.7930056564393322,0
-34,6,249,3,0,50.201347503098525,0.25911160324788074,1
-33,2,104,5,1,75.47358391679755,0.5283175283587827,1
-81,4,178,3,1,63.86969351025439,0.4789985416933825,0
-95,5,67,1,1,60.31960318578047,0.10071030491158173,0
-34,5,270,5,0,29.437866075069838,0.7161793285593756,1
-59,4,206,3,1,47.50170036318463,0.443797075542836,0
-51,3,11,4,1,38.89514454464077,0.37467428002146463,0
-83,10,248,2,1,56.969128780150115,0.6563433809362064,0
-30,1,250,5,1,34.803217358270956,0.9010939075839721,1
-70,4,248,4,1,52.080334561951865,0.24037137015822552,0
-44,5,108,3,1,53.13669349095171,0.006337845500523409,0
-58,2,236,2,0,53.59843600493833,0.415057229651135,1
-81,5,12,4,0,46.36844115875225,0.9890948732061237,1
-93,2,47,5,1,61.68765111624732,0.9245704971447061,1
-33,2,117,4,1,31.67534975357492,0.0032422369859205213,1
-45,8,142,5,1,47.51056886692552,0.6424240524972701,0
-76,4,142,1,0,50.46126386384594,0.07890314899922513,1
-56,6,65,1,1,42.04732839483731,0.8490132373431326,0
-67,4,106,5,1,41.48612833816288,0.9875750338657204,1
-29,4,279,4,1,34.518326505385396,0.13592004364460186,1
-57,5,98,3,0,85.54291917323218,0.48713002565470565,1
-69,5,131,5,1,59.36815232935063,0.49760006221997977,0
-48,8,66,2,0,55.35266949048613,0.7199237422698171,1
-52,3,251,4,1,58.252664989886746,0.9468706430206749,1
-38,3,184,4,1,63.04531143945427,0.5878366112372206,1
-55,4,227,3,1,42.27349005724503,0.8146797719993907,0
-57,6,174,5,0,55.97430527593966,0.0737731930782588,1
-58,5,281,4,0,72.44481159650874,0.11395773477702753,1
-80,7,25,5,1,54.821663754806686,0.9932998762799821,1
-59,5,94,4,1,50.82002183732744,0.05252397841438916,0
-87,4,264,5,1,42.62592968322811,0.788696494380893,0
-46,3,38,5,1,68.47840357315644,0.26511186788722596,0
-64,6,175,3,0,52.55557053735298,0.7366696466768741,1
-85,3,60,5,1,57.14446550438055,0.8918496144799662,1
-50,6,146,5,1,32.38032175915524,0.24092047776437675,0
-70,6,10,4,0,32.997353541867454,0.16880966020582389,1
-43,5,99,2,0,40.4124672827476,0.6714333634985102,1
-46,8,254,2,1,78.9872973559651,0.19471088031140682,0
-85,3,225,5,0,32.96013929280342,0.022841289823394062,1
-76,4,273,3,1,38.63838566937306,0.5062292317076981,0
-29,8,26,5,1,82.33375348109826,0.8182811040753405,1
-60,3,93,5,0,70.77232386961174,0.5406998304989399,1
-62,8,38,1,1,41.75509493666846,0.323131040372426,0
-40,9,175,3,0,46.591840822078105,0.33238523635778305,1
-67,2,179,4,0,45.628536019758975,0.4450936038481996,1
-47,7,90,5,0,49.523648612139766,0.5319485665967592,1
-32,8,141,1,0,80.63239113299588,0.38703620069320377,1
-59,9,33,2,0,62.26007179079694,0.6559122226120254,1
-55,7,120,2,0,41.64921451739372,0.8678504646048883,1
-30,5,211,4,1,34.08980148216912,0.058550950775281385,1
-32,4,165,3,1,37.60072629398884,0.7739573671157632,1
-68,4,108,5,1,60.00226676065979,0.6787371240221205,0
-47,3,179,2,0,45.644626420123565,0.06725700631116638,1
-27,8,93,1,0,67.37226710034687,0.5738172373974619,1
-38,7,280,3,1,33.76891512948527,0.7910349825781056,1
-45,6,122,2,1,36.364788565679156,0.29693722876246065,0
-38,5,279,5,1,56.19452649549123,0.5759059625861157,1
-52,1,167,3,0,50.75047622729276,0.8541277761304071,1
-78,2,164,3,1,63.68354257045594,0.6011550366179815,0
-85,4,77,3,1,66.61440688256556,0.6205484080261888,0
-56,5,67,1,0,62.134234266431044,0.4149682353077121,1
-52,4,18,2,1,47.695873104767074,0.7482451075931237,0
-38,3,103,5,0,28.854767705538137,0.7019590668728453,1
-53,5,151,4,1,39.9172871614004,0.1089480381654292,0
-33,2,58,4,0,18.029424741636372,0.26073482438645634,1
-28,4,299,5,1,68.54321165128664,0.6471245934892427,1
-82,7,222,4,0,74.24879447734642,0.3518600443834159,1
-73,5,51,4,1,57.06994887280105,0.5810841940158317,0
-48,7,62,4,1,44.61069043330561,0.45664573103014916,0
-35,3,265,2,1,22.523107172415557,0.11519025973622521,1
-43,8,296,1,0,43.885691218115326,0.2085733992773361,1
-91,6,34,5,1,73.64932439406066,0.4816223801074653,0
-74,5,174,5,1,57.52208168512371,0.44475140974481286,0
-66,2,212,5,1,44.788255607727436,0.7144226188767193,0
-50,5,194,5,0,32.77108948878855,0.49622569211563916,1
-76,4,202,2,1,52.6591461383464,0.15268930734967223,0
-78,5,237,3,1,27.415052209550353,0.08805230667037833,0
-48,3,58,5,1,54.43644621121175,0.1313435644490315,0
-74,5,147,4,0,40.61494356403591,0.6591367256922249,1
-94,3,201,1,0,63.27032276924962,0.8327983484478264,1
-56,10,115,4,1,52.2248980487897,0.7167109407371328,0
-50,5,251,1,1,55.146148747714015,0.6231256851131072,0
-44,4,143,2,1,62.39653113265209,0.41751809135611273,0
-56,12,112,2,0,47.3472192124303,0.9326960663202146,1
-30,3,134,3,0,12.606748152888926,0.7455689656541933,1
-48,5,241,2,0,41.01490648216533,0.6837665279669505,1
-68,5,38,4,1,35.50583857968642,0.7684322651976359,0
-94,7,147,5,1,50.517983534461884,0.17288810553862322,0
-88,5,46,4,0,46.62569262571473,0.467617398951342,1
-61,8,241,1,0,69.15817075307402,0.9675474490004712,1
-39,3,185,5,1,64.28585184518427,0.8071505668083989,1
-29,3,117,5,1,54.57045471072788,0.1907037630241828,1
-36,1,291,4,0,48.20894802488675,0.23108994712403896,1
-51,6,231,4,1,73.3053470108351,0.08987151654904635,0
-76,6,289,3,1,54.38889294419237,0.7349995197704766,0
-38,3,123,3,1,67.93364809988735,0.9907689170513717,1
-88,5,137,3,1,41.45265980375684,0.0100303296098333,0
-35,9,6,5,0,59.63358406137007,0.8692796302473674,1
-34,5,135,5,1,33.93798856570145,0.6850045638434867,1
-77,4,64,4,1,62.48601124534333,0.9527614154397915,1
-77,6,119,4,1,65.43348774059986,0.6071441503794089,0
-77,5,144,4,0,69.77705211981402,0.4067221869985287,1
-40,7,279,2,1,39.64287541403923,0.6738784989992799,0
-27,5,129,2,0,52.948615544435526,0.5176816994468633,1
-36,4,158,4,0,17.774701115881037,0.6033861819971215,1
-73,5,273,1,1,27.436314533505644,0.5392661110941327,0
-55,5,12,2,1,46.774681056544935,0.6205427461704079,0
-83,2,104,1,0,60.31585869570323,0.783497372760275,1
-57,7,57,1,1,39.637306512608745,0.5720701839277059,0
-32,4,96,4,0,69.97249067500954,0.5676308846545632,1
-38,5,55,3,1,56.597566198182435,0.7547645725763239,1
-40,8,216,1,1,47.54938137251858,0.7633554539890266,0
-89,6,158,4,1,36.698127072604294,0.623876349705438,0
-72,9,41,4,1,76.05679159032069,0.7374762274635281,0
-59,8,101,4,1,49.930646005995364,0.6241994009483929,0
-84,10,40,3,1,53.37111915475514,0.39307090585064886,0
-53,6,11,2,1,62.4342112259067,0.6364117176614903,0
-79,3,224,4,1,54.31424265040607,0.2359522692340742,0
-49,6,26,1,1,53.6754784991622,0.30129527507043175,0
-55,5,154,2,0,64.82188157938718,0.1198001906220173,1
-67,4,133,4,1,61.987253931023744,0.4873119422304071,0
-53,7,51,5,1,55.58794505376545,0.24507451805381975,0
-45,5,128,3,1,28.440081699557535,0.23784107055721326,0
-43,3,257,3,1,64.05165073021314,0.29254715345498994,0
-29,2,225,3,1,32.835585701290356,0.2626493025395109,1
-45,2,271,5,1,43.73100778976155,0.5673792006913364,0
-69,3,198,1,0,40.420054440977594,0.3094902729143548,1
-52,5,242,1,1,68.99583235922546,0.9440023289277754,1
-80,7,294,4,0,58.75450973791607,0.42679889894095224,1
-32,9,123,3,1,53.48694344352202,0.06564850612881856,1
-38,4,212,5,1,57.98164276408516,0.382299543357265,1
-40,7,260,3,1,71.42056143629569,0.0857787692658536,0
-38,4,217,2,1,19.928183130880807,0.985252976935468,1
-79,2,82,2,1,40.49076365279503,0.2037637891489964,0
-74,5,246,1,1,56.77100916533148,0.05779683757416221,0
-32,5,107,2,0,55.32002016868751,0.9523944405301144,1
-74,5,68,3,1,28.38555889490513,0.09929872956901542,0
-32,4,259,4,0,61.96149234243123,0.45435404719932737,1
-94,5,136,5,0,41.97134728101524,0.3766496453043159,1
-31,7,95,4,1,58.215438998760305,0.6786056448880866,1
-74,3,88,5,1,59.56372342830164,0.8567088800846858,1
-48,2,1,2,1,62.01153213850864,0.3024400564375622,0
-60,5,138,3,1,53.57557241803184,0.9045424420693509,1
-84,3,280,3,0,70.30623039135205,0.24584764800035752,1
-66,10,12,1,1,46.59948472872587,0.8334837613061856,0
-29,2,96,3,1,55.19083061218861,0.08827479072604183,1
-40,4,241,5,1,45.525605349435445,0.9265916176794896,1
-51,6,265,4,0,57.32978079359455,0.7234281396828083,1
-92,4,261,3,1,56.91910150843911,0.6104510957585005,0
-62,3,293,2,0,24.160293294926994,0.09706982247001683,1
-33,5,126,2,1,31.47620755657388,0.9396994098528831,1
-83,6,201,1,1,57.609934127876905,0.20711804586248161,0
-81,8,260,2,0,19.5255045022767,0.39892323383764494,1
-95,5,45,4,0,45.07038863174527,0.3720668395627833,1
-29,4,83,3,1,42.31884893126781,0.8003502219653968,1
-83,7,65,4,1,65.17264682130082,0.611848578489883,0
-36,5,53,4,1,52.7360602029051,0.3464633116129251,1
-93,9,145,2,0,57.124804859559106,0.02229240994545867,1
-63,6,105,3,1,49.49135471970755,0.804035650990698,0
-76,2,207,2,1,16.661499862306272,0.5978357823492654,0
-31,8,9,1,1,47.179293569766344,0.6551153050291546,1
-65,6,64,4,0,54.135617779319766,0.935091420958108,1
-84,5,289,5,1,64.50007297138251,0.21025100748269765,0
-92,4,35,2,1,71.55945323369193,0.9050746885891855,1
-29,3,141,3,0,36.450078475760314,0.5060977708033884,1
-66,5,135,5,1,48.21177160280223,0.49711348217953977,0
-30,6,158,1,1,46.23581827963719,0.38147081194762245,1
-37,5,186,4,0,76.73397667049466,0.9158888284203028,1
-41,5,40,4,1,55.16946508927396,0.9659135649561876,1
-41,11,281,4,0,47.85626523428167,0.980116309948238,1
-63,6,212,4,1,56.208453734254064,0.1763878743553311,0
-59,10,101,1,1,73.98247891397189,0.7928902483753767,0
-53,9,170,5,1,55.42933630441858,0.44730565345602835,0
-36,3,206,1,1,45.999246038056626,0.27082975829720335,1
-83,3,197,4,0,47.04671742126585,0.5702230114496525,1
-81,3,108,3,1,53.57659106164045,0.13206518662865963,0
-52,4,162,5,1,67.37550773356752,0.013755199464172141,0
-92,4,245,3,1,88.70497211912158,0.46439849670117095,1
-79,3,249,3,0,36.61440788559809,0.32965604496595646,1
-70,5,251,3,0,56.892351670095636,0.45766170194453204,1
-69,6,74,5,1,26.753596512526993,0.9810986781511988,1
-82,2,81,4,1,55.41638754602219,0.3431538677316033,0
-68,3,133,1,1,57.50031184473327,0.6510360115667085,0
-55,6,131,4,1,37.27804592046441,0.22867427366336812,0
-78,2,289,3,0,42.344617948369134,0.34528050053435055,1
-37,2,240,2,0,59.49982933227311,0.0013480449426480634,1
-35,4,20,5,1,26.22763425932607,0.9138434753061591,1
-64,4,129,5,1,27.16727786467572,0.6417379171498276,0
-75,5,284,2,1,57.85038780773748,0.3128234854529245,0
-85,6,229,4,1,59.26182897337379,0.7057228001354852,0
-79,4,44,1,0,36.25840748396303,0.8402220332319174,1
-30,2,252,2,0,18.451655351123186,0.21632082702009736,1
-56,6,254,3,1,51.43253923852685,0.2807564472518903,0
-58,7,250,5,1,52.21263989133881,0.5527764406700938,0
-59,5,268,5,1,60.23131812708823,0.6058753538191897,0
-56,7,72,1,0,41.79992462873764,0.9321285937686398,1
-58,5,197,4,1,39.250300887507024,0.006893938538538258,0
-89,9,35,1,0,41.53760205133413,0.5987707685321908,1
-55,6,84,2,1,52.82075976347865,0.7225040574274072,0
-51,3,285,3,1,52.591014809633684,0.7326627012090775,0
-30,6,150,2,0,67.25143754825521,0.2392995137862195,1
-53,9,142,4,1,49.00922970723508,0.4519210293603445,0
-89,7,33,5,1,38.558613467918924,0.19042577625724566,0
-80,1,32,3,1,49.85379362102582,0.7807318165446248,0
-73,8,57,2,1,37.19981418819338,0.7594976560751007,0
-81,5,255,4,0,42.654738083036335,0.6651665511164712,1
-66,3,181,5,1,70.38373473942782,0.6153791508497354,0
-30,8,250,1,1,59.907874973130944,0.7402481110803264,1
-60,2,120,1,0,66.18058676602155,0.6538185085663208,1
-38,5,145,5,0,53.85099370313008,0.9913700477754632,1
-86,9,237,1,1,48.6161829512888,0.6894788000018454,0
-76,3,13,5,1,73.15184993587138,0.39971408986680035,0
-87,3,109,3,1,39.01003206642662,0.2622359891462557,0
-49,5,42,5,1,39.80821463292994,0.020033702083680938,0
-90,4,44,3,1,56.20722616420904,0.76005201788253,0
-67,4,196,3,1,32.13430792087627,0.04012086198908915,0
-72,3,149,5,1,46.94970640071786,0.3883624038086416,0
-90,7,136,3,0,37.2963350699265,0.14019147284184386,1
-50,8,288,5,1,46.84909000921232,0.15465074303388382,0
-50,7,107,3,1,55.626791071706116,0.02172963219843771,0
-62,6,130,3,1,55.850891795272865,0.4070717542783916,0
-28,5,85,2,1,36.30873337546493,0.8447950332190666,1
-83,6,87,3,1,42.10764640057118,0.168590518044321,0
-81,4,84,4,1,46.59373883228328,0.4671954438695154,0
-86,3,283,1,1,20.607613053865915,0.5968080880579897,0
-72,4,189,2,0,46.58090136332156,0.05748950205677916,1
-62,4,211,4,1,66.18754736573759,0.8699694541582406,1
-34,5,172,4,0,47.728510910676924,0.8562824339500942,1
-64,5,169,3,0,21.712986409121555,0.24635137764185033,1
-61,4,88,5,1,62.189174456112255,0.16530212543818645,0
-75,1,1,4,1,62.29079931829372,0.48630979899771865,0
-81,4,27,3,1,30.196569818779267,0.18759063420492572,0
-89,4,59,2,0,65.67036052763422,0.6620030794912053,1
-67,7,22,1,0,21.925039041373598,0.47754462103804696,1
-59,6,139,1,1,56.41524225176188,0.4305916422901993,0
-64,4,265,4,0,50.0271356526798,0.5301054885600345,1
-40,2,99,3,1,42.07939641472617,0.13363428603477212,0
-93,6,188,1,0,66.96755812402114,0.1774152054404965,1
-36,7,242,2,1,47.73618079262067,0.5742444012690321,1
-40,6,172,1,1,53.0975232322681,0.7543406852265768,0
-48,1,15,4,0,51.89444234415902,0.7944501357828548,1
-31,4,275,1,1,50.99326913265192,0.8685295001409666,1
-93,4,280,1,1,59.60210902391645,0.3873982848767997,0
-29,6,258,1,1,30.254767683086765,0.18026672775439034,1
-82,2,146,5,1,30.716855716313326,0.2903738034103106,0
-79,3,226,3,1,33.38243354930246,0.39880294814162454,0
-42,3,108,3,0,34.06836182053471,0.2736161310782729,1
-56,5,161,3,0,53.0228927292753,0.9395555546386536,1
-84,6,15,1,1,55.12001087834606,0.8485933705192676,0
-57,2,63,2,1,54.266402365101,0.4358733509473588,0
-71,5,117,2,0,77.3786203726552,0.8887337623217414,1
-68,5,229,5,1,55.491192490049706,0.46121423842902654,0
-75,5,102,2,1,44.49198814278608,0.6557394776158656,0
-26,8,121,4,1,33.24948691492842,0.4351269483020299,1
-63,6,289,5,1,52.044207952437546,0.0037911486724301335,0
-31,1,109,1,1,54.71980696720949,0.3713403915865965,1
-70,5,183,5,1,30.88766475086254,0.6298444913900811,0
-69,4,299,1,1,33.04685507185913,0.6983720486307163,0
-95,2,228,5,1,44.81580024897625,0.2905645072948261,0
-85,8,26,3,1,79.500640794453,0.4393185442705396,0
-86,3,265,5,0,45.69699769471613,0.49320506817638954,1
-95,4,247,1,1,54.26801328187214,0.8864674702762009,1
-94,4,155,4,0,51.7899861637456,0.5550658699126558,1
-92,5,226,2,1,51.476455208637944,0.3442640692154997,0
-66,4,70,4,1,43.69883801975763,0.08122506070759805,0
-91,8,41,4,1,75.73337120132717,0.09070557078112573,0
-67,2,122,4,0,58.05754235232759,0.28491938895014113,1
-89,7,202,4,1,57.83118962323003,0.23602778658740398,0
-26,5,260,4,1,32.57029894518171,0.8804507063922675,1
-53,7,53,3,0,61.260210604004975,0.8109339373179839,1
-92,5,255,2,0,62.90047035890646,0.4310715228138081,1
-53,1,74,1,0,86.10919355454894,0.1530842866721417,1
-59,4,57,1,0,21.596813747550417,0.7548046544155937,1
-72,4,263,5,1,36.483847414962234,0.05981480461871602,0
-69,2,184,3,1,44.030249672637034,0.37036950472014263,0
-37,6,137,1,1,29.627611527929133,0.7009605460515207,1
-70,4,198,1,1,39.58258510101257,0.044238270964548465,0
-89,5,276,1,1,89.95177092478579,0.4895280660706053,1
-49,3,211,4,1,66.66376253833616,0.043461200570311886,0
-31,4,103,3,0,36.143581099883505,0.3838218151870828,1
-64,2,82,2,1,60.6133830777583,0.9021220948550926,1
-33,5,135,1,1,44.07275929901201,0.22235786368088772,1
-61,4,14,1,1,77.87109638756996,0.9449155097784492,1
-64,5,89,5,1,48.116231962932254,0.7702153763949665,0
-29,7,241,2,1,49.53974052889485,0.12430976295522222,1
